player_id,valuation_date,value_eur,value_display,club,age_at_date,year,month
108390,01/06/2016,35000000,€35.00m,Chelsea FC,24,2016,5
108390,01/07/2015,35000000,€35.00m,Chelsea FC,23,2015,6
108390,01/08/2012,15000000,€15.00m,Atlético de Madrid,20,2012,7
108390,01/08/2016,35000000,€35.00m,Chelsea FC,24,2016,7
108390,02/01/2018,50000000,€50.00m,Chelsea FC,25,2018,1
108390,03/02/2012,9000000,€9.00m,Atlético de Madrid,19,2012,2
108390,03/06/2022,60000000,€60.00m,Real Madrid,30,2022,6
108390,05/01/2021,75000000,€75.00m,Real Madrid,28,2021,1
108390,05/03/2020,60000000,€60.00m,Real Madrid,27,2020,3
108390,06/10/2010,1000000,€1.00m,KRC Genk,18,2010,10
108390,07/06/2024,28000000,€28.00m,Real Madrid,32,2024,6
108390,07/11/2022,60000000,€60.00m,Real Madrid,30,2022,11
108390,08/04/2020,48000000,€48.00m,Real Madrid,27,2020,4
108390,08/10/2020,75000000,€75.00m,Real Madrid,28,2020,10
108390,09/02/2016,35000000,€35.00m,Chelsea FC,23,2016,2
108390,09/06/2025,20000000,€20.00m,Real Madrid,33,2025,6
108390,10/01/2013,15000000,€15.00m,Atlético de Madrid,20,2013,1
108390,11/06/2019,55000000,€55.00m,Real Madrid,27,2019,6
108390,11/10/2024,25000000,€25.00m,Real Madrid,32,2024,10
108390,12/02/2015,30000000,€30.00m,Chelsea FC,22,2015,2
108390,12/06/2013,18000000,€18.00m,Atlético de Madrid,21,2013,6
108390,12/08/2014,25000000,€25.00m,Chelsea FC,22,2014,8
108390,12/12/2025,18000000,€18.00m,Real Madrid,33,2025,12
108390,13/06/2023,45000000,€45.00m,Real Madrid,31,2023,6
108390,16/07/2018,65000000,€65.00m,Chelsea FC,26,2018,7
108390,17/09/2013,25000000,€25.00m,Atlético de Madrid,21,2013,9
108390,20/02/2017,40000000,€40.00m,Chelsea FC,24,2017,2
108390,20/12/2019,55000000,€55.00m,Real Madrid,27,2019,12
108390,21/03/2024,30000000,€30.00m,Real Madrid,31,2024,3
108390,21/12/2018,65000000,€65.00m,Real Madrid,26,2018,12
108390,22/12/2023,35000000,€35.00m,Real Madrid,31,2023,12
108390,23/01/2014,25000000,€25.00m,Atlético de Madrid,21,2014,1
108390,23/03/2018,60000000,€60.00m,Chelsea FC,25,2018,3
108390,23/07/2020,60000000,€60.00m,Real Madrid,28,2020,7
108390,24/05/2011,3000000,€3.00m,KRC Genk,19,2011,5
108390,26/05/2021,60000000,€60.00m,Real Madrid,29,2021,5
108390,27/05/2009,50000,€50k,KRC Genk U19,17,2009,5
108390,27/12/2024,25000000,€25.00m,Real Madrid,32,2024,12
108390,28/05/2018,60000000,€60.00m,Chelsea FC,26,2018,5
108390,28/06/2011,4000000,€4.00m,KRC Genk,19,2011,6
108390,28/06/2017,40000000,€40.00m,Chelsea FC,25,2017,6
108390,28/07/2010,150000,€150k,KRC Genk,18,2010,7
108390,28/12/2010,2000000,€2.00m,KRC Genk,18,2010,12
108390,29/07/2011,6000000,€6.00m,Atlético de Madrid,19,2011,7
108390,30/12/2021,65000000,€65.00m,Real Madrid,29,2021,12
121483,01/01/2018,50000000,€50.00m,Atlético de Madrid,24,2017,12
121483,01/07/2015,15000000,€15.00m,Atlético de Madrid,22,2015,6
121483,02/07/2013,3000000,€3.00m,SL Benfica,20,2013,7
121483,03/04/2013,2400000,€2.40m,Rio Ave FC,20,2013,4
121483,03/06/2022,45000000,€45.00m,Atlético de Madrid,29,2022,6
121483,05/01/2021,90000000,€90.00m,Atlético de Madrid,27,2021,1
121483,05/06/2017,40000000,€40.00m,Atlético de Madrid,24,2017,6
121483,05/10/2014,8000000,€8.00m,Atlético de Madrid,21,2014,10
121483,06/08/2009,150000,€150k,NK Olimpija Ljubljana,16,2009,8
121483,07/06/2024,28000000,€28.00m,Atlético de Madrid,31,2024,6
121483,07/11/2022,40000000,€40.00m,Atlético de Madrid,29,2022,11
121483,08/04/2020,80000000,€80.00m,Atlético de Madrid,27,2020,4
121483,08/10/2020,90000000,€90.00m,Atlético de Madrid,27,2020,10
121483,09/04/2015,8000000,€8.00m,Atlético de Madrid,22,2015,4
121483,09/06/2025,20000000,€20.00m,Atlético de Madrid,32,2025,6
121483,10/06/2021,70000000,€70.00m,Atlético de Madrid,28,2021,6
121483,11/06/2019,100000000,€100.00m,Atlético de Madrid,26,2019,6
121483,11/09/2009,250000,€250k,NK Olimpija Ljubljana,16,2009,9
121483,12/12/2025,17000000,€17.00m,Atlético de Madrid,32,2025,12
121483,13/06/2023,35000000,€35.00m,Atlético de Madrid,30,2023,6
121483,14/06/2012,1100000,€1.10m,UD Leiria,19,2012,6
121483,15/07/2016,35000000,€35.00m,Atlético de Madrid,23,2016,7
121483,20/02/2014,4000000,€4.00m,SL Benfica,21,2014,2
121483,20/07/2011,700000,€700k,SL Benfica,18,2011,7
121483,20/07/2014,16000000,€16.00m,Atlético de Madrid,21,2014,7
121483,20/12/2019,100000000,€100.00m,Atlético de Madrid,26,2019,12
121483,21/03/2024,30000000,€30.00m,Atlético de Madrid,31,2024,3
121483,21/12/2018,80000000,€80.00m,Atlético de Madrid,25,2018,12
121483,22/02/2016,25000000,€25.00m,Atlético de Madrid,23,2016,2
121483,22/03/2018,70000000,€70.00m,Atlético de Madrid,25,2018,3
121483,22/11/2015,20000000,€20.00m,Atlético de Madrid,22,2015,11
121483,22/12/2009,750000,€750k,NK Olimpija Ljubljana,16,2009,12
121483,22/12/2023,35000000,€35.00m,Atlético de Madrid,30,2023,12
121483,23/01/2015,7000000,€7.00m,Atlético de Madrid,22,2015,1
121483,23/09/2022,40000000,€40.00m,Atlético de Madrid,29,2022,9
121483,24/01/2017,35000000,€35.00m,Atlético de Madrid,24,2017,1
121483,27/12/2024,25000000,€25.00m,Atlético de Madrid,31,2024,12
121483,30/05/2018,70000000,€70.00m,Atlético de Madrid,25,2018,5
121483,30/12/2021,60000000,€60.00m,Atlético de Madrid,28,2021,12
121483,31/10/2018,80000000,€80.00m,Atlético de Madrid,25,2018,10
126414,01/06/2016,18000000,€18.00m,Bayer 04 Leverkusen,22,2016,5
126414,01/07/2015,18000000,€18.00m,Bayer 04 Leverkusen,21,2015,6
126414,04/02/2015,18000000,€18.00m,Bayer 04 Leverkusen,20,2015,2
126414,05/03/2012,300000,€300k,Karlsruher SC,18,2012,3
126414,05/06/2024,45000000,€45.00m,Inter Milan,30,2024,6
126414,05/11/2013,4000000,€4.00m,Hamburger SV,19,2013,11
126414,06/02/2012,150000,€150k,Karlsruher SC,17,2012,2
126414,06/06/2019,20000000,€20.00m,AC Milan,25,2019,6
126414,07/02/2017,20000000,€20.00m,Bayer 04 Leverkusen,22,2017,2
126414,07/06/2018,27000000,€27.00m,AC Milan,24,2018,6
126414,07/06/2022,35000000,€35.00m,Inter Milan,28,2022,6
126414,07/10/2025,25000000,€25.00m,Inter Milan,31,2025,10
126414,08/04/2020,14500000,€14.50m,AC Milan,26,2020,4
126414,08/10/2019,18000000,€18.00m,AC Milan,25,2019,10
126414,10/07/2014,12000000,€12.00m,Bayer 04 Leverkusen,20,2014,7
126414,11/11/2022,35000000,€35.00m,Inter Milan,28,2022,11
126414,12/02/2014,7000000,€7.00m,Hamburger SV,20,2014,2
126414,12/12/2019,18000000,€18.00m,AC Milan,25,2019,12
126414,14/10/2021,30000000,€30.00m,Inter Milan,27,2021,10
126414,15/02/2016,18000000,€18.00m,Bayer 04 Leverkusen,22,2016,2
126414,15/06/2023,40000000,€40.00m,Inter Milan,29,2023,6
126414,17/06/2025,30000000,€30.00m,Inter Milan,31,2025,6
126414,18/12/2024,40000000,€40.00m,Inter Milan,30,2024,12
126414,19/06/2017,20000000,€20.00m,Bayer 04 Leverkusen,23,2017,6
126414,20/12/2018,22000000,€22.00m,AC Milan,24,2018,12
126414,20/12/2023,40000000,€40.00m,Inter Milan,29,2023,12
126414,21/08/2014,15000000,€15.00m,Bayer 04 Leverkusen,20,2014,8
126414,22/07/2016,18000000,€18.00m,Bayer 04 Leverkusen,22,2016,7
126414,23/10/2012,2500000,€2.50m,Karlsruher SC,18,2012,10
126414,23/12/2025,22000000,€22.00m,Inter Milan,31,2025,12
126414,24/03/2018,22000000,€22.00m,AC Milan,24,2018,3
126414,24/06/2012,1000000,€1.00m,Karlsruher SC,18,2012,6
126414,25/03/2025,35000000,€35.00m,Inter Milan,31,2025,3
126414,25/05/2021,35000000,€35.00m,AC Milan,27,2021,5
126414,25/08/2020,23000000,€23.00m,AC Milan,26,2020,8
126414,26/08/2012,2000000,€2.00m,Karlsruher SC,18,2012,8
126414,28/06/2013,3000000,€3.00m,Karlsruher SC,19,2013,6
126414,28/12/2021,35000000,€35.00m,Inter Milan,27,2021,12
126414,29/10/2020,30000000,€30.00m,AC Milan,26,2020,10
126414,29/12/2017,17500000,€17.50m,AC Milan,23,2017,12
126414,29/12/2020,35000000,€35.00m,AC Milan,26,2020,12
132098,01/06/2016,40000000,€40.00m,Tottenham Hotspur,22,2016,5
132098,01/07/2015,25000000,€25.00m,Tottenham Hotspur,21,2015,6
132098,01/08/2016,40000000,€40.00m,Tottenham Hotspur,23,2016,7
132098,02/01/2018,120000000,€120.00m,Tottenham Hotspur,24,2018,1
132098,03/11/2022,90000000,€90.00m,Tottenham Hotspur,29,2022,11
132098,05/06/2025,75000000,€75.00m,Bayern Munich,31,2025,6
132098,08/04/2020,120000000,€120.00m,Tottenham Hotspur,26,2020,4
132098,09/02/2016,30000000,€30.00m,Tottenham Hotspur,22,2016,2
132098,10/12/2019,150000000,€150.00m,Tottenham Hotspur,26,2019,12
132098,12/02/2015,15000000,€15.00m,Tottenham Hotspur,21,2015,2
132098,12/08/2014,3000000,€3.00m,Tottenham Hotspur,21,2014,8
132098,13/06/2019,150000000,€150.00m,Tottenham Hotspur,25,2019,6
132098,13/10/2020,120000000,€120.00m,Tottenham Hotspur,27,2020,10
132098,14/12/2023,110000000,€110.00m,Bayern Munich,30,2023,12
132098,15/06/2022,90000000,€90.00m,Tottenham Hotspur,28,2022,6
132098,15/11/2012,500000,€500k,Norwich City,19,2012,11
132098,18/03/2021,120000000,€120.00m,Tottenham Hotspur,27,2021,3
132098,18/10/2023,110000000,€110.00m,Bayern Munich,30,2023,10
132098,19/12/2018,150000000,€150.00m,Tottenham Hotspur,25,2018,12
132098,19/12/2025,65000000,€65.00m,Bayern Munich,32,2025,12
132098,20/02/2017,50000000,€50.00m,Tottenham Hotspur,23,2017,2
132098,20/06/2023,90000000,€90.00m,Tottenham Hotspur,29,2023,6
132098,20/12/2024,90000000,€90.00m,Bayern Munich,31,2024,12
132098,23/10/2017,80000000,€80.00m,Tottenham Hotspur,24,2017,10
132098,23/12/2021,100000000,€100.00m,Tottenham Hotspur,28,2021,12
132098,28/01/2013,500000,€500k,Norwich City,19,2013,1
132098,28/05/2018,150000000,€150.00m,Tottenham Hotspur,24,2018,5
132098,28/05/2021,120000000,€120.00m,Tottenham Hotspur,27,2021,5
132098,28/06/2017,60000000,€60.00m,Tottenham Hotspur,23,2017,6
132098,29/05/2024,100000000,€100.00m,Bayern Munich,30,2024,5
153084,01/06/2021,70000000,€70.00m,Bayern Munich,26,2021,5
153084,01/07/2015,7500000,€7.50m,FC Schalke 04,20,2015,6
153084,04/01/2013,3500000,€3.50m,VfL Bochum,17,2013,1
153084,04/02/2015,7500000,€7.50m,FC Schalke 04,19,2015,2
153084,05/06/2018,40000000,€40.00m,FC Schalke 04,23,2018,6
153084,05/06/2019,50000000,€50.00m,Bayern Munich,24,2019,6
153084,05/06/2025,22000000,€22.00m,Bayern Munich,30,2025,6
153084,05/07/2012,600000,€600k,VfL Bochum,17,2012,7
153084,06/03/2019,50000000,€50.00m,Bayern Munich,24,2019,3
153084,07/02/2017,18000000,€18.00m,FC Schalke 04,22,2017,2
153084,08/04/2020,40000000,€40.00m,Bayern Munich,25,2020,4
153084,08/07/2020,50000000,€50.00m,Bayern Munich,25,2020,7
153084,09/06/2022,65000000,€65.00m,Bayern Munich,27,2022,6
153084,09/10/2024,22000000,€22.00m,Bayern Munich,29,2024,10
153084,09/11/2022,65000000,€65.00m,Bayern Munich,27,2022,11
153084,10/02/2021,70000000,€70.00m,Bayern Munich,26,2021,2
153084,10/07/2014,7500000,€7.50m,FC Schalke 04,19,2014,7
153084,14/12/2023,40000000,€40.00m,Bayern Munich,28,2023,12
153084,15/02/2016,13000000,€13.00m,FC Schalke 04,21,2016,2
153084,16/09/2020,60000000,€60.00m,Bayern Munich,25,2020,9
153084,16/10/2015,10000000,€10.00m,FC Schalke 04,20,2015,10
153084,17/12/2019,50000000,€50.00m,Bayern Munich,24,2019,12
153084,18/12/2018,40000000,€40.00m,Bayern Munich,23,2018,12
153084,19/06/2017,23000000,€23.00m,FC Schalke 04,22,2017,6
153084,19/12/2025,15000000,€15.00m,Bayern Munich,30,2025,12
153084,20/12/2024,22000000,€22.00m,Bayern Munich,29,2024,12
153084,22/03/2017,20000000,€20.00m,FC Schalke 04,22,2017,3
153084,22/06/2023,45000000,€45.00m,Bayern Munich,28,2023,6
153084,22/07/2016,15000000,€15.00m,FC Schalke 04,21,2016,7
153084,22/12/2021,70000000,€70.00m,Bayern Munich,26,2021,12
153084,26/08/2012,1000000,€1.00m,VfL Bochum,17,2012,8
153084,27/03/2024,30000000,€30.00m,Bayern Munich,29,2024,3
153084,28/12/2017,40000000,€40.00m,FC Schalke 04,22,2017,12
153084,29/05/2024,30000000,€30.00m,Bayern Munich,29,2024,5
153084,29/06/2013,4500000,€4.50m,VfL Bochum,18,2013,6
159471,01/06/2021,70000000,€70.00m,Bayern Munich,25,2021,5
159471,01/07/2015,3500000,€3.50m,Arsenal FC,19,2015,6
159471,01/08/2016,2500000,€2.50m,Arsenal FC,21,2016,7
159471,04/04/2018,18000000,€18.00m,TSG 1899 Hoffenheim,22,2018,4
159471,05/06/2018,20000000,€20.00m,TSG 1899 Hoffenheim,22,2018,6
159471,05/06/2019,60000000,€60.00m,Bayern Munich,23,2019,6
159471,05/06/2025,22000000,€22.00m,Bayern Munich,29,2025,6
159471,06/03/2019,45000000,€45.00m,Bayern Munich,23,2019,3
159471,07/02/2017,10000000,€10.00m,SV Werder Bremen,21,2017,2
159471,08/04/2020,72000000,€72.00m,Bayern Munich,24,2020,4
159471,09/02/2016,3000000,€3.00m,Arsenal FC,20,2016,2
159471,09/06/2022,65000000,€65.00m,Bayern Munich,26,2022,6
159471,09/11/2022,65000000,€65.00m,Bayern Munich,27,2022,11
159471,10/02/2021,70000000,€70.00m,Bayern Munich,25,2021,2
159471,11/03/2020,90000000,€90.00m,Bayern Munich,24,2020,3
159471,11/10/2013,2000000,€2.00m,Arsenal FC,18,2013,10
159471,12/02/2015,4000000,€4.00m,Arsenal FC,19,2015,2
159471,12/08/2014,4000000,€4.00m,Arsenal FC,19,2014,8
159471,13/10/2016,5000000,€5.00m,SV Werder Bremen,21,2016,10
159471,14/12/2023,45000000,€45.00m,Bayern Munich,28,2023,12
159471,15/01/2014,4000000,€4.00m,Arsenal FC,18,2014,1
159471,16/09/2020,90000000,€90.00m,Bayern Munich,25,2020,9
159471,17/12/2019,80000000,€80.00m,Bayern Munich,24,2019,12
159471,18/12/2018,40000000,€40.00m,Bayern Munich,23,2018,12
159471,19/06/2017,15000000,€15.00m,SV Werder Bremen,21,2017,6
159471,19/12/2025,20000000,€20.00m,Bayern Munich,30,2025,12
159471,20/12/2024,35000000,€35.00m,Bayern Munich,29,2024,12
159471,22/06/2023,55000000,€55.00m,Bayern Munich,27,2023,6
159471,22/08/2018,30000000,€30.00m,Bayern Munich,23,2018,8
159471,22/12/2021,70000000,€70.00m,Bayern Munich,26,2021,12
159471,25/07/2013,500000,€500k,Arsenal FC,18,2013,7
159471,27/03/2025,25000000,€25.00m,Bayern Munich,29,2025,3
159471,28/12/2017,15000000,€15.00m,TSG 1899 Hoffenheim,22,2017,12
159471,29/03/2023,55000000,€55.00m,Bayern Munich,27,2023,3
159471,29/05/2024,40000000,€40.00m,Bayern Munich,28,2024,5
161056,01/06/2016,13000000,€13.00m,Bayern Munich,21,2016,5
161056,01/06/2021,90000000,€90.00m,Bayern Munich,26,2021,5
161056,01/07/2015,5000000,€5.00m,VfB Stuttgart,20,2015,6
161056,01/10/2014,1500000,€1.50m,RB Leipzig,19,2014,9
161056,04/04/2018,55000000,€55.00m,Bayern Munich,23,2018,4
161056,05/06/2018,55000000,€55.00m,Bayern Munich,23,2018,6
161056,05/06/2019,70000000,€70.00m,Bayern Munich,24,2019,6
161056,05/06/2025,45000000,€45.00m,Bayern Munich,30,2025,6
161056,07/02/2017,25000000,€25.00m,Bayern Munich,21,2017,2
161056,08/04/2020,64000000,€64.00m,Bayern Munich,25,2020,4
161056,08/07/2020,75000000,€75.00m,Bayern Munich,25,2020,7
161056,09/06/2022,80000000,€80.00m,Bayern Munich,27,2022,6
161056,09/08/2013,300000,€300k,RB Leipzig,18,2013,8
161056,09/11/2022,80000000,€80.00m,Bayern Munich,27,2022,11
161056,10/02/2021,90000000,€90.00m,Bayern Munich,26,2021,2
161056,13/01/2015,5000000,€5.00m,RB Leipzig,19,2015,1
161056,13/04/2016,10000000,€10.00m,Bayern Munich,21,2016,4
161056,14/12/2023,75000000,€75.00m,Bayern Munich,28,2023,12
161056,15/02/2016,8000000,€8.00m,Bayern Munich,21,2016,2
161056,16/09/2020,85000000,€85.00m,Bayern Munich,25,2020,9
161056,17/12/2019,80000000,€80.00m,Bayern Munich,24,2019,12
161056,18/12/2018,60000000,€60.00m,Bayern Munich,23,2018,12
161056,19/06/2017,25000000,€25.00m,Bayern Munich,22,2017,6
161056,19/12/2025,40000000,€40.00m,Bayern Munich,30,2025,12
161056,20/12/2024,50000000,€50.00m,Bayern Munich,29,2024,12
161056,22/06/2023,75000000,€75.00m,Bayern Munich,28,2023,6
161056,22/07/2016,20000000,€20.00m,Bayern Munich,21,2016,7
161056,22/12/2021,85000000,€85.00m,Bayern Munich,26,2021,12
161056,24/01/2014,500000,€500k,RB Leipzig,18,2014,1
161056,27/03/2024,60000000,€60.00m,Bayern Munich,29,2024,3
161056,28/12/2017,40000000,€40.00m,Bayern Munich,22,2017,12
161056,29/05/2024,50000000,€50.00m,Bayern Munich,29,2024,5
161056,30/06/2014,700000,€700k,RB Leipzig,19,2014,6
165793,01/06/2016,3000000,€3.00m,Red Bull Salzburg,21,2016,5
165793,02/01/2018,3500000,€3.50m,Red Bull Salzburg,22,2018,1
165793,02/06/2017,3500000,€3.50m,Red Bull Salzburg,22,2017,6
165793,02/10/2015,2000000,€2.00m,Red Bull Salzburg,20,2015,10
165793,02/11/2022,10000000,€10.00m,AS Monaco,27,2022,11
165793,03/06/2019,5000000,€5.00m,Red Bull Salzburg,24,2019,6
165793,03/06/2024,20000000,€20.00m,AS Monaco,29,2024,6
165793,03/06/2025,15000000,€15.00m,AS Monaco,30,2025,6
165793,05/07/2013,300000,€300k,Cerezo Osaka,18,2013,7
165793,08/04/2020,10000000,€10.00m,Liverpool FC,25,2020,4
165793,08/06/2021,12000000,€12.00m,Southampton FC,26,2021,6
165793,10/12/2024,15000000,€15.00m,AS Monaco,29,2024,12
165793,11/01/2015,1250000,€1.25m,Red Bull Salzburg,19,2015,1
165793,13/10/2020,10000000,€10.00m,Liverpool FC,25,2020,10
165793,14/06/2018,4000000,€4.00m,Red Bull Salzburg,23,2018,6
165793,15/06/2022,12000000,€12.00m,Liverpool FC,27,2022,6
165793,15/12/2025,12000000,€12.00m,AS Monaco,30,2025,12
165793,16/10/2023,10000000,€10.00m,AS Monaco,28,2023,10
165793,16/12/2019,12500000,€12.50m,Red Bull Salzburg,24,2019,12
165793,17/06/2015,1250000,€1.25m,Red Bull Salzburg,20,2015,6
165793,18/03/2021,12000000,€12.00m,Southampton FC,26,2021,3
165793,18/12/2023,12000000,€12.00m,AS Monaco,28,2023,12
165793,19/03/2024,15000000,€15.00m,AS Monaco,29,2024,3
165793,19/09/2022,10000000,€10.00m,AS Monaco,27,2022,9
165793,19/12/2018,5000000,€5.00m,Red Bull Salzburg,23,2018,12
165793,22/12/2016,2500000,€2.50m,Red Bull Salzburg,21,2016,12
165793,23/12/2021,12000000,€12.00m,Liverpool FC,26,2021,12
165793,27/03/2023,8000000,€8.00m,AS Monaco,28,2023,3
165793,27/06/2023,6000000,€6.00m,AS Monaco,28,2023,6
165793,29/12/2015,3000000,€3.00m,Red Bull Salzburg,20,2015,12
165793,31/03/2014,1250000,€1.25m,Cerezo Osaka,19,2014,3
167799,01/07/2015,6500000,€6.50m,Bayern Munich,19,2015,6
167799,01/08/2016,8000000,€8.00m,Southampton FC,20,2016,7
167799,02/01/2018,8000000,€8.00m,Southampton FC,22,2018,1
167799,03/06/2025,20000000,€20.00m,Olympique Marseille,29,2025,6
167799,03/11/2022,45000000,€45.00m,Tottenham Hotspur,27,2022,11
167799,04/02/2015,4000000,€4.00m,FC Augsburg,19,2015,2
167799,07/10/2024,20000000,€20.00m,Olympique Marseille,29,2024,10
167799,08/04/2020,12000000,€12.00m,Southampton FC,24,2020,4
167799,09/10/2023,32000000,€32.00m,Tottenham Hotspur,28,2023,10
167799,10/07/2014,4000000,€4.00m,Bayern Munich,18,2014,7
167799,10/12/2019,15000000,€15.00m,Southampton FC,24,2019,12
167799,10/12/2024,20000000,€20.00m,Olympique Marseille,29,2024,12
167799,12/02/2014,1250000,€1.25m,Bayern Munich,18,2014,2
167799,13/06/2019,15000000,€15.00m,Southampton FC,23,2019,6
167799,13/10/2020,25000000,€25.00m,Tottenham Hotspur,25,2020,10
167799,14/03/2024,20000000,€20.00m,Tottenham Hotspur,28,2024,3
167799,14/12/2012,250000,€250k,FC Bayern Munich II,17,2012,12
167799,15/02/2016,6000000,€6.00m,FC Schalke 04,20,2016,2
167799,15/06/2022,40000000,€40.00m,Tottenham Hotspur,26,2022,6
167799,15/07/2021,40000000,€40.00m,Tottenham Hotspur,25,2021,7
167799,15/09/2022,42000000,€42.00m,Tottenham Hotspur,27,2022,9
167799,15/12/2025,18000000,€18.00m,Olympique Marseille,30,2025,12
167799,16/10/2012,75000,€75k,FC Bayern Munich II,17,2012,10
167799,17/08/2012,25000,€25k,FC Bayern Munich II,17,2012,8
167799,17/10/2018,12000000,€12.00m,Southampton FC,23,2018,10
167799,17/12/2020,30000000,€30.00m,Tottenham Hotspur,25,2020,12
167799,18/03/2021,35000000,€35.00m,Tottenham Hotspur,25,2021,3
167799,19/12/2018,12000000,€12.00m,Southampton FC,23,2018,12
167799,19/12/2023,28000000,€28.00m,Tottenham Hotspur,28,2023,12
167799,20/02/2017,8000000,€8.00m,Southampton FC,21,2017,2
167799,20/05/2013,500000,€500k,FC Bayern Munich II,17,2013,5
167799,20/06/2023,45000000,€45.00m,Tottenham Hotspur,27,2023,6
167799,23/12/2021,40000000,€40.00m,Tottenham Hotspur,26,2021,12
167799,26/05/2021,35000000,€35.00m,Tottenham Hotspur,25,2021,5
167799,27/05/2024,18000000,€18.00m,Tottenham Hotspur,28,2024,5
167799,28/05/2018,10000000,€10.00m,Southampton FC,22,2018,5
167799,28/06/2017,8000000,€8.00m,Southampton FC,21,2017,6
167799,30/01/2014,800000,€800k,Bayern Munich,18,2014,1
167799,30/06/2013,500000,€500k,FC Bayern Munich II,17,2013,6
167799,30/07/2020,20000000,€20.00m,Southampton FC,24,2020,7
181767,01/06/2017,35000000,€35.00m,Paris Saint-Germain,23,2017,5
181767,01/08/2014,25000000,€25.00m,Paris Saint-Germain,20,2014,7
181767,02/02/2012,150000,€150k,Sport Club Corinthians Paulista,17,2012,2
181767,02/11/2022,70000000,€70.00m,Paris Saint-Germain,28,2022,11
181767,03/06/2019,65000000,€65.00m,Paris Saint-Germain,25,2019,6
181767,03/06/2024,50000000,€50.00m,Paris Saint-Germain,30,2024,6
181767,03/06/2025,35000000,€35.00m,Paris Saint-Germain,31,2025,6
181767,04/02/2016,30000000,€30.00m,Paris Saint-Germain,21,2016,2
181767,04/06/2018,55000000,€55.00m,Paris Saint-Germain,24,2018,6
181767,04/06/2021,75000000,€75.00m,Paris Saint-Germain,27,2021,6
181767,06/06/2015,25000000,€25.00m,Paris Saint-Germain,21,2015,6
181767,06/09/2015,30000000,€30.00m,Paris Saint-Germain,21,2015,9
181767,08/04/2020,52000000,€52.00m,Paris Saint-Germain,25,2020,4
181767,09/04/2013,10000000,€10.00m,AS Roma,18,2013,4
181767,10/12/2024,40000000,€40.00m,Paris Saint-Germain,30,2024,12
181767,13/07/2016,30000000,€30.00m,Paris Saint-Germain,22,2016,7
181767,14/01/2013,5000000,€5.00m,AS Roma,18,2013,1
181767,14/01/2014,25000000,€25.00m,Paris Saint-Germain,19,2014,1
181767,14/01/2015,25000000,€25.00m,Paris Saint-Germain,20,2015,1
181767,15/10/2020,70000000,€70.00m,Paris Saint-Germain,26,2020,10
181767,15/12/2025,30000000,€30.00m,Paris Saint-Germain,31,2025,12
181767,16/01/2017,32000000,€32.00m,Paris Saint-Germain,22,2017,1
181767,16/12/2021,75000000,€75.00m,Paris Saint-Germain,27,2021,12
181767,17/12/2018,60000000,€60.00m,Paris Saint-Germain,24,2018,12
181767,18/12/2023,60000000,€60.00m,Paris Saint-Germain,29,2023,12
181767,19/03/2024,55000000,€55.00m,Paris Saint-Germain,29,2024,3
181767,19/06/2013,15000000,€15.00m,AS Roma,19,2013,6
181767,19/12/2019,65000000,€65.00m,Paris Saint-Germain,25,2019,12
181767,20/03/2018,55000000,€55.00m,Paris Saint-Germain,23,2018,3
181767,24/01/2018,40000000,€40.00m,Paris Saint-Germain,23,2018,1
181767,24/05/2012,150000,€150k,Sport Club Corinthians Paulista,18,2012,5
181767,25/07/2013,25000000,€25.00m,Paris Saint-Germain,19,2013,7
181767,27/06/2023,65000000,€65.00m,Paris Saint-Germain,29,2023,6
181767,29/07/2012,750000,€750k,Sport Club Corinthians Paulista,18,2012,7
181767,30/05/2022,70000000,€70.00m,Paris Saint-Germain,28,2022,5
182906,01/06/2017,800000,€800k,LOSC Lille,21,2017,5
182906,01/06/2021,25000000,€25.00m,LOSC Lille,25,2021,5
182906,01/08/2014,250000,€250k,Paris Saint-Germain,19,2014,7
182906,02/07/2013,250000,€250k,Paris Saint-Germain,17,2013,7
182906,03/06/2019,17500000,€17.50m,LOSC Lille,23,2019,6
182906,04/02/2016,1000000,€1.00m,LOSC Lille,20,2016,2
182906,04/06/2018,4000000,€4.00m,LOSC Lille,22,2018,6
182906,05/06/2024,38000000,€38.00m,AC Milan,28,2024,6
182906,06/06/2015,250000,€250k,Paris Saint-Germain,19,2015,6
182906,06/09/2015,1000000,€1.00m,LOSC Lille,20,2015,9
182906,07/03/2019,12000000,€12.00m,LOSC Lille,23,2019,3
182906,07/06/2022,35000000,€35.00m,AC Milan,26,2022,6
182906,08/04/2020,17500000,€17.50m,LOSC Lille,24,2020,4
182906,09/04/2021,25000000,€25.00m,LOSC Lille,25,2021,4
182906,11/11/2022,35000000,€35.00m,AC Milan,27,2022,11
182906,12/03/2024,40000000,€40.00m,AC Milan,28,2024,3
182906,12/10/2017,1750000,€1.75m,LOSC Lille,22,2017,10
182906,13/07/2016,800000,€800k,LOSC Lille,21,2016,7
182906,14/01/2014,250000,€250k,Paris Saint-Germain,18,2014,1
182906,14/01/2015,250000,€250k,Paris Saint-Germain,19,2015,1
182906,15/06/2023,45000000,€45.00m,AC Milan,27,2023,6
182906,15/10/2020,20000000,€20.00m,LOSC Lille,25,2020,10
182906,16/01/2017,800000,€800k,LOSC Lille,21,2017,1
182906,17/06/2025,25000000,€25.00m,AC Milan,29,2025,6
182906,17/12/2018,9000000,€9.00m,LOSC Lille,23,2018,12
182906,18/12/2024,35000000,€35.00m,AC Milan,29,2024,12
182906,19/12/2019,22000000,€22.00m,LOSC Lille,24,2019,12
182906,20/12/2023,45000000,€45.00m,AC Milan,28,2023,12
182906,23/12/2025,25000000,€25.00m,AC Milan,30,2025,12
182906,24/01/2018,4000000,€4.00m,LOSC Lille,22,2018,1
182906,24/10/2018,7000000,€7.00m,LOSC Lille,23,2018,10
182906,25/03/2025,25000000,€25.00m,AC Milan,29,2025,3
182906,27/09/2019,22000000,€22.00m,LOSC Lille,24,2019,9
182906,28/12/2021,25000000,€25.00m,AC Milan,26,2021,12
182913,01/06/2017,18000000,€18.00m,Paris Saint-Germain,22,2017,5
182913,01/06/2021,30000000,€30.00m,Juventus FC,26,2021,5
182913,01/08/2014,4500000,€4.50m,Paris Saint-Germain,19,2014,7
182913,03/06/2019,35000000,€35.00m,Paris Saint-Germain,24,2019,6
182913,03/06/2025,25000000,€25.00m,Olympique Marseille,30,2025,6
182913,04/02/2016,10000000,€10.00m,Paris Saint-Germain,20,2016,2
182913,04/06/2018,50000000,€50.00m,Paris Saint-Germain,23,2018,6
182913,05/06/2024,35000000,€35.00m,Juventus FC,29,2024,6
182913,06/06/2015,8000000,€8.00m,Paris Saint-Germain,20,2015,6
182913,07/01/2013,1500000,€1.50m,Paris Saint-Germain,17,2013,1
182913,07/03/2019,35000000,€35.00m,Paris Saint-Germain,23,2019,3
182913,07/06/2022,17000000,€17.00m,Juventus FC,27,2022,6
182913,07/10/2024,30000000,€30.00m,Olympique Marseille,29,2024,10
182913,07/10/2025,20000000,€20.00m,AC Milan,30,2025,10
182913,08/04/2020,25500000,€25.50m,Juventus FC,25,2020,4
182913,10/12/2024,25000000,€25.00m,Olympique Marseille,29,2024,12
182913,11/11/2022,18000000,€18.00m,Juventus FC,27,2022,11
182913,12/10/2017,25000000,€25.00m,Paris Saint-Germain,22,2017,10
182913,12/12/2019,32000000,€32.00m,Juventus FC,24,2019,12
182913,13/07/2016,12000000,€12.00m,Paris Saint-Germain,21,2016,7
182913,14/01/2014,3500000,€3.50m,Paris Saint-Germain,18,2014,1
182913,14/01/2015,5000000,€5.00m,Paris Saint-Germain,19,2015,1
182913,15/03/2022,18000000,€18.00m,Juventus FC,26,2022,3
182913,15/06/2023,40000000,€40.00m,Juventus FC,28,2023,6
182913,16/01/2017,12000000,€12.00m,Paris Saint-Germain,21,2017,1
182913,17/12/2018,50000000,€50.00m,Paris Saint-Germain,23,2018,12
182913,20/12/2023,40000000,€40.00m,Juventus FC,28,2023,12
182913,21/03/2023,30000000,€30.00m,Juventus FC,27,2023,3
182913,23/12/2022,25000000,€25.00m,Juventus FC,27,2022,12
182913,23/12/2025,20000000,€20.00m,AC Milan,30,2025,12
182913,24/01/2018,45000000,€45.00m,Paris Saint-Germain,22,2018,1
182913,25/07/2012,400000,€400k,Paris Saint-Germain,17,2012,7
182913,25/08/2020,28000000,€28.00m,Juventus FC,25,2020,8
182913,28/12/2021,22000000,€22.00m,Juventus FC,26,2021,12
182913,29/12/2020,32000000,€32.00m,Juventus FC,25,2020,12
182913,30/05/2013,2500000,€2.50m,FC Toulouse,18,2013,5
187492,01/07/2015,7500000,€7.50m,Bayer 04 Leverkusen,19,2015,6
187492,04/02/2015,5000000,€5.00m,Bayer 04 Leverkusen,18,2015,2
187492,04/04/2018,35000000,€35.00m,Bayer 04 Leverkusen,21,2018,4
187492,05/06/2018,40000000,€40.00m,Bayer 04 Leverkusen,22,2018,6
187492,05/06/2019,50000000,€50.00m,Bayer 04 Leverkusen,23,2019,6
187492,05/06/2025,25000000,€25.00m,Borussia Dortmund,29,2025,6
187492,06/01/2014,500000,€500k,Bayer 04 Leverkusen,17,2014,1
187492,06/03/2019,45000000,€45.00m,Bayer 04 Leverkusen,22,2019,3
187492,07/02/2017,20000000,€20.00m,Bayer 04 Leverkusen,20,2017,2
187492,08/04/2020,40000000,€40.00m,Borussia Dortmund,23,2020,4
187492,09/06/2021,20000000,€20.00m,Borussia Dortmund,25,2021,6
187492,09/06/2022,25000000,€25.00m,Borussia Dortmund,26,2022,6
187492,09/11/2022,28000000,€28.00m,Borussia Dortmund,26,2022,11
187492,10/02/2021,30000000,€30.00m,Borussia Dortmund,24,2021,2
187492,10/07/2014,5000000,€5.00m,Bayer 04 Leverkusen,18,2014,7
187492,12/02/2014,1000000,€1.00m,Bayer 04 Leverkusen,17,2014,2
187492,14/12/2023,40000000,€40.00m,Borussia Dortmund,27,2023,12
187492,15/02/2016,10000000,€10.00m,Bayer 04 Leverkusen,19,2016,2
187492,16/07/2018,45000000,€45.00m,Bayer 04 Leverkusen,22,2018,7
187492,16/10/2015,10000000,€10.00m,Bayer 04 Leverkusen,19,2015,10
187492,17/12/2019,50000000,€50.00m,Borussia Dortmund,23,2019,12
187492,18/12/2018,40000000,€40.00m,Bayer 04 Leverkusen,22,2018,12
187492,19/06/2017,20000000,€20.00m,Bayer 04 Leverkusen,21,2017,6
187492,19/12/2025,20000000,€20.00m,Borussia Dortmund,29,2025,12
187492,20/12/2024,35000000,€35.00m,Borussia Dortmund,28,2024,12
187492,22/06/2023,40000000,€40.00m,Borussia Dortmund,27,2023,6
187492,22/07/2016,16000000,€16.00m,Bayer 04 Leverkusen,20,2016,7
187492,22/12/2021,25000000,€25.00m,Borussia Dortmund,25,2021,12
187492,26/11/2020,35000000,€35.00m,Borussia Dortmund,24,2020,11
187492,27/03/2025,25000000,€25.00m,Borussia Dortmund,28,2025,3
187492,28/12/2017,30000000,€30.00m,Bayer 04 Leverkusen,21,2017,12
187492,29/03/2023,40000000,€40.00m,Borussia Dortmund,26,2023,3
187492,29/05/2024,40000000,€40.00m,Borussia Dortmund,28,2024,5
187492,31/03/2021,25000000,€25.00m,Borussia Dortmund,24,2021,3
190393,01/06/2017,22000000,€22.00m,Olympique Lyon,22,2017,5
190393,01/06/2021,20000000,€20.00m,Bayern Munich,26,2021,5
190393,01/11/2016,17000000,€17.00m,Olympique Lyon,22,2016,10
190393,02/11/2022,14000000,€14.00m,Olympique Lyon,28,2022,11
190393,03/06/2024,5000000,€5.00m,Olympique Lyon,29,2024,6
190393,03/06/2025,12000000,€12.00m,Olympique Lyon,30,2025,6
190393,04/02/2016,7500000,€7.50m,Olympique Lyon,21,2016,2
190393,05/06/2018,40000000,€40.00m,Bayern Munich,23,2018,6
190393,05/06/2019,40000000,€40.00m,Bayern Munich,24,2019,6
190393,06/06/2015,7500000,€7.50m,Olympique Lyon,20,2015,6
190393,07/08/2014,500000,€500k,Olympique Lyon,20,2014,8
190393,07/10/2021,15000000,€15.00m,Bayern Munich,27,2021,10
190393,08/04/2020,25500000,€25.50m,Bayern Munich,25,2020,4
190393,09/06/2022,15000000,€15.00m,Bayern Munich,27,2022,6
190393,10/02/2021,25000000,€25.00m,Bayern Munich,26,2021,2
190393,10/12/2024,7000000,€7.00m,Olympique Lyon,30,2024,12
190393,11/03/2020,32000000,€32.00m,Bayern Munich,25,2020,3
190393,13/07/2016,13000000,€13.00m,Olympique Lyon,21,2016,7
190393,14/01/2015,4000000,€4.00m,Olympique Lyon,20,2015,1
190393,15/12/2025,12000000,€12.00m,Olympique Lyon,31,2025,12
190393,16/01/2017,18000000,€18.00m,Olympique Lyon,22,2017,1
190393,16/07/2018,45000000,€45.00m,Bayern Munich,23,2018,7
190393,16/10/2023,8000000,€8.00m,Olympique Lyon,29,2023,10
190393,17/12/2019,40000000,€40.00m,Bayern Munich,25,2019,12
190393,18/10/2017,35000000,€35.00m,Bayern Munich,23,2017,10
190393,18/12/2018,45000000,€45.00m,Bayern Munich,24,2018,12
190393,18/12/2023,5000000,€5.00m,Olympique Lyon,29,2023,12
190393,20/11/2014,3000000,€3.00m,Olympique Lyon,20,2014,11
190393,22/12/2021,15000000,€15.00m,Bayern Munich,27,2021,12
190393,24/03/2025,10000000,€10.00m,Olympique Lyon,30,2025,3
190393,27/06/2023,14000000,€14.00m,Olympique Lyon,28,2023,6
190393,28/12/2017,40000000,€40.00m,Bayern Munich,23,2017,12
190393,31/03/2021,20000000,€20.00m,Bayern Munich,26,2021,3
191056,01/06/2012,150000,€150k,Le Havre AC,18,2012,5
191056,01/06/2017,400000,€400k,Olympique Marseille,23,2017,5
191056,02/11/2022,8000000,€8.00m,RC Lens,28,2022,11
191056,03/06/2019,4000000,€4.00m,SM Caen,25,2019,6
191056,03/06/2024,15000000,€15.00m,RC Lens,30,2024,6
191056,03/06/2025,12000000,€12.00m,Stade Rennais FC,31,2025,6
191056,04/02/2016,500000,€500k,AS Nancy-Lorraine,21,2016,2
191056,04/06/2018,800000,€800k,SM Caen,24,2018,6
191056,06/06/2015,600000,€600k,Olympique Marseille,21,2015,6
191056,06/09/2018,1250000,€1.25m,SM Caen,24,2018,9
191056,07/01/2013,400000,€400k,Olympique Marseille,18,2013,1
191056,07/03/2019,2500000,€2.50m,SM Caen,24,2019,3
191056,07/08/2014,750000,€750k,Olympique Marseille,20,2014,8
191056,08/04/2020,3200000,€3.20m,Nottingham Forest,25,2020,4
191056,08/08/2011,50000,€50k,Le Havre AC,17,2011,8
191056,10/03/2021,2500000,€2.50m,Nottingham Forest,26,2021,3
191056,10/12/2024,15000000,€15.00m,RC Lens,30,2024,12
191056,13/05/2022,2500000,€2.50m,Nottingham Forest,28,2022,5
191056,13/07/2016,400000,€400k,Olympique Marseille,22,2016,7
191056,14/01/2014,600000,€600k,Olympique Marseille,19,2014,1
191056,14/01/2015,800000,€800k,Olympique Marseille,20,2015,1
191056,15/10/2020,2500000,€2.50m,Nottingham Forest,26,2020,10
191056,15/12/2025,10000000,€10.00m,Stade Rennais FC,31,2025,12
191056,16/01/2017,400000,€400k,Olympique Marseille,22,2017,1
191056,16/10/2023,15000000,€15.00m,RC Lens,29,2023,10
191056,17/12/2018,2000000,€2.00m,SM Caen,24,2018,12
191056,18/12/2023,15000000,€15.00m,RC Lens,29,2023,12
191056,19/09/2022,6000000,€6.00m,RC Lens,28,2022,9
191056,23/02/2013,600000,€600k,Olympique Marseille,18,2013,2
191056,24/01/2018,400000,€400k,SM Caen,23,2018,1
191056,24/10/2018,2000000,€2.00m,SM Caen,24,2018,10
191056,24/11/2021,2500000,€2.50m,Nottingham Forest,27,2021,11
191056,25/12/2011,50000,€50k,Le Havre AC,17,2011,12
191056,27/02/2020,4000000,€4.00m,Nottingham Forest,25,2020,2
191056,27/03/2023,10000000,€10.00m,RC Lens,28,2023,3
191056,27/06/2023,13000000,€13.00m,RC Lens,29,2023,6
191056,30/05/2013,600000,€600k,Olympique Marseille,19,2013,5
191056,30/06/2021,2500000,€2.50m,Nottingham Forest,27,2021,6
192735,01/01/2018,7500000,€7.50m,Celta de Vigo,23,2017,12
192735,02/09/2015,600000,€600k,FC Nordsjaelland,20,2015,9
192735,05/06/2024,28000000,€28.00m,SSC Napoli,29,2024,6
192735,07/06/2022,20000000,€20.00m,SSC Napoli,27,2022,6
192735,07/12/2012,125000,€125k,AS Trencin,18,2012,12
192735,08/04/2020,16000000,€16.00m,SSC Napoli,25,2020,4
192735,09/06/2015,600000,€600k,AS Trencin,20,2015,6
192735,10/02/2014,300000,€300k,Ajax Amsterdam U21,19,2014,2
192735,11/06/2019,25000000,€25.00m,Celta de Vigo,24,2019,6
192735,11/11/2022,30000000,€30.00m,SSC Napoli,27,2022,11
192735,12/03/2024,30000000,€30.00m,SSC Napoli,29,2024,3
192735,12/06/2013,200000,€200k,AS Trencin,18,2013,6
192735,12/08/2016,700000,€700k,FC Nordsjaelland,21,2016,8
192735,12/12/2016,700000,€700k,FC Nordsjaelland,22,2016,12
192735,14/06/2012,50000,€50k,AS Trencin,17,2012,6
192735,15/03/2022,15000000,€15.00m,SSC Napoli,27,2022,3
192735,15/06/2023,40000000,€40.00m,SSC Napoli,28,2023,6
192735,17/06/2025,25000000,€25.00m,SSC Napoli,30,2025,6
192735,17/08/2017,5000000,€5.00m,Celta de Vigo,22,2017,8
192735,18/12/2024,28000000,€28.00m,SSC Napoli,30,2024,12
192735,20/01/2012,25000,€25k,AS Trencin,17,2012,1
192735,20/12/2019,20000000,€20.00m,Celta de Vigo,25,2019,12
192735,20/12/2023,35000000,€35.00m,SSC Napoli,29,2023,12
192735,21/01/2016,600000,€600k,FC Nordsjaelland,21,2016,1
192735,21/03/2023,38000000,€38.00m,SSC Napoli,28,2023,3
192735,21/06/2017,1000000,€1.00m,FC Nordsjaelland,22,2017,6
192735,21/12/2018,25000000,€25.00m,Celta de Vigo,24,2018,12
192735,22/03/2018,10000000,€10.00m,Celta de Vigo,23,2018,3
192735,23/03/2021,11000000,€11.00m,SSC Napoli,26,2021,3
192735,23/12/2025,18000000,€18.00m,SSC Napoli,31,2025,12
192735,25/03/2025,25000000,€25.00m,SSC Napoli,30,2025,3
192735,25/08/2020,19000000,€19.00m,SSC Napoli,25,2020,8
192735,25/12/2014,350000,€350k,AS Trencin,20,2014,12
192735,27/03/2017,800000,€800k,FC Nordsjaelland,22,2017,3
192735,28/12/2021,10000000,€10.00m,SSC Napoli,27,2021,12
192735,29/12/2020,14000000,€14.00m,SSC Napoli,26,2020,12
192735,30/05/2018,15000000,€15.00m,Celta de Vigo,23,2018,5
192735,31/05/2021,9000000,€9.00m,SSC Napoli,26,2021,5
192735,31/10/2018,25000000,€25.00m,Celta de Vigo,23,2018,10
193004,01/07/2015,100000,€100k,Hannover 96,18,2015,6
193004,02/04/2020,7000000,€7.00m,Hannover 96,23,2020,4
193004,04/04/2018,10000000,€10.00m,Hannover 96,21,2018,4
193004,05/06/2018,12000000,€12.00m,Hannover 96,21,2018,6
193004,05/06/2019,12000000,€12.00m,Hannover 96,22,2019,6
193004,05/06/2025,18000000,€18.00m,Borussia Dortmund,28,2025,6
193004,06/03/2019,12000000,€12.00m,Hannover 96,22,2019,3
193004,06/10/2016,1000000,€1.00m,Hannover 96,20,2016,10
193004,08/04/2020,5500000,€5.50m,Hannover 96,23,2020,4
193004,09/06/2021,9000000,€9.00m,VfB Stuttgart,24,2021,6
193004,09/06/2022,6000000,€6.00m,VfB Stuttgart,25,2022,6
193004,09/10/2024,24000000,€24.00m,Borussia Dortmund,28,2024,10
193004,09/11/2022,4500000,€4.50m,VfB Stuttgart,26,2022,11
193004,10/02/2021,7000000,€7.00m,VfB Stuttgart,24,2021,2
193004,13/12/2019,8000000,€8.00m,Hannover 96,23,2019,12
193004,14/12/2023,10000000,€10.00m,VfB Stuttgart,27,2023,12
193004,15/02/2016,100000,€100k,Hannover 96,19,2016,2
193004,18/10/2017,4000000,€4.00m,Hannover 96,21,2017,10
193004,18/10/2023,7000000,€7.00m,VfB Stuttgart,27,2023,10
193004,18/12/2018,15000000,€15.00m,Hannover 96,22,2018,12
193004,19/12/2025,18000000,€18.00m,Borussia Dortmund,29,2025,12
193004,20/12/2024,24000000,€24.00m,Borussia Dortmund,28,2024,12
193004,22/06/2023,4500000,€4.50m,VfB Stuttgart,26,2023,6
193004,22/07/2016,500000,€500k,Hannover 96,20,2016,7
193004,22/08/2018,15000000,€15.00m,Hannover 96,22,2018,8
193004,22/12/2021,7500000,€7.50m,VfB Stuttgart,25,2021,12
193004,23/01/2017,1500000,€1.50m,Hannover 96,20,2017,1
193004,24/03/2022,6000000,€6.00m,VfB Stuttgart,25,2022,3
193004,25/09/2019,8500000,€8.50m,Hannover 96,23,2019,9
193004,27/03/2024,18000000,€18.00m,VfB Stuttgart,27,2024,3
193004,27/03/2025,18000000,€18.00m,Borussia Dortmund,28,2025,3
193004,27/06/2017,2500000,€2.50m,Hannover 96,20,2017,6
193004,28/12/2017,6500000,€6.50m,Hannover 96,21,2017,12
193004,29/05/2024,20000000,€20.00m,VfB Stuttgart,27,2024,5
193082,01/03/2012,100000,€100k,FC Barcelona U19,16,2012,2
193082,01/11/2018,25000000,€25.00m,SL Benfica,23,2018,10
193082,01/11/2022,20000000,€20.00m,SL Benfica,27,2022,10
193082,02/03/2023,25000000,€25.00m,SL Benfica,27,2023,3
193082,05/06/2025,30000000,€30.00m,Bayer 04 Leverkusen,29,2025,6
193082,05/08/2014,2000000,€2.00m,FC Barcelona B,18,2014,8
193082,06/02/2014,1500000,€1.50m,FC Barcelona B,18,2014,2
193082,07/02/2018,13000000,€13.00m,SL Benfica,22,2018,2
193082,07/06/2019,32000000,€32.00m,SL Benfica,23,2019,6
193082,07/08/2012,1000000,€1.00m,FC Barcelona B,16,2012,8
193082,08/01/2015,2000000,€2.00m,FC Barcelona B,19,2015,1
193082,08/04/2020,28000000,€28.00m,SL Benfica,24,2020,4
193082,08/10/2013,1500000,€1.50m,FC Barcelona B,18,2013,10
193082,09/05/2013,1500000,€1.50m,FC Barcelona B,17,2013,5
193082,11/01/2019,28000000,€28.00m,SL Benfica,23,2019,1
193082,13/06/2018,20000000,€20.00m,SL Benfica,22,2018,6
193082,14/12/2023,35000000,€35.00m,Bayer 04 Leverkusen,28,2023,12
193082,16/06/2023,25000000,€25.00m,SL Benfica,27,2023,6
193082,17/08/2020,28000000,€28.00m,SL Benfica,24,2020,8
193082,19/12/2025,24000000,€24.00m,Bayer 04 Leverkusen,30,2025,12
193082,20/12/2024,40000000,€40.00m,Bayer 04 Leverkusen,29,2024,12
193082,21/05/2021,22000000,€22.00m,SL Benfica,25,2021,5
193082,22/01/2013,1500000,€1.50m,FC Barcelona B,17,2013,1
193082,22/02/2017,7000000,€7.00m,SL Benfica,21,2017,2
193082,24/02/2016,1500000,€1.50m,SL Benfica,20,2016,2
193082,25/03/2021,22000000,€22.00m,SL Benfica,25,2021,3
193082,26/06/2017,9000000,€9.00m,SL Benfica,21,2017,6
193082,27/03/2024,45000000,€45.00m,Bayer 04 Leverkusen,28,2024,3
193082,27/12/2021,20000000,€20.00m,SL Benfica,26,2021,12
193082,28/01/2021,28000000,€28.00m,SL Benfica,25,2021,1
193082,29/05/2024,45000000,€45.00m,Bayer 04 Leverkusen,28,2024,5
193082,29/07/2016,2000000,€2.00m,SL Benfica,20,2016,7
193082,30/12/2019,35000000,€35.00m,SL Benfica,24,2019,12
193082,31/05/2022,20000000,€20.00m,SL Benfica,26,2022,5
193082,31/10/2016,7000000,€7.00m,SL Benfica,21,2016,10
196357,01/06/2016,12000000,€12.00m,Bayer 04 Leverkusen,20,2016,5
196357,01/07/2015,6000000,€6.00m,Hamburger SV,19,2015,6
196357,01/10/2014,4000000,€4.00m,Fortuna Düsseldorf,18,2014,9
196357,04/04/2018,30000000,€30.00m,Bayer 04 Leverkusen,22,2018,4
196357,05/06/2018,30000000,€30.00m,Bayer 04 Leverkusen,22,2018,6
196357,05/06/2019,40000000,€40.00m,Bayer 04 Leverkusen,23,2019,6
196357,05/06/2025,30000000,€30.00m,Bayer 04 Leverkusen,29,2025,6
196357,05/11/2013,3500000,€3.50m,Hamburger SV,17,2013,11
196357,06/03/2019,35000000,€35.00m,Bayer 04 Leverkusen,23,2019,3
196357,07/02/2017,22000000,€22.00m,Bayer 04 Leverkusen,20,2017,2
196357,08/04/2020,29500000,€29.50m,Bayer 04 Leverkusen,24,2020,4
196357,08/07/2020,24000000,€24.00m,Bayer 04 Leverkusen,24,2020,7
196357,09/06/2021,22000000,€22.00m,Bayer 04 Leverkusen,25,2021,6
196357,09/06/2022,25000000,€25.00m,Bayer 04 Leverkusen,26,2022,6
196357,09/11/2022,20000000,€20.00m,Bayer 04 Leverkusen,26,2022,11
196357,10/02/2021,20000000,€20.00m,Bayer 04 Leverkusen,24,2021,2
196357,12/02/2014,6500000,€6.50m,Hamburger SV,18,2014,2
196357,13/01/2015,4000000,€4.00m,Fortuna Düsseldorf,18,2015,1
196357,13/04/2016,12000000,€12.00m,Bayer 04 Leverkusen,20,2016,4
196357,14/12/2023,25000000,€25.00m,Bayer 04 Leverkusen,27,2023,12
196357,15/02/2016,10000000,€10.00m,Bayer 04 Leverkusen,20,2016,2
196357,16/10/2015,9000000,€9.00m,Bayer 04 Leverkusen,19,2015,10
196357,17/12/2019,37000000,€37.00m,Bayer 04 Leverkusen,23,2019,12
196357,18/12/2018,32000000,€32.00m,Bayer 04 Leverkusen,22,2018,12
196357,19/06/2017,22000000,€22.00m,Bayer 04 Leverkusen,21,2017,6
196357,19/12/2025,30000000,€30.00m,Bayern Munich,29,2025,12
196357,20/12/2024,30000000,€30.00m,Bayer 04 Leverkusen,28,2024,12
196357,22/06/2023,20000000,€20.00m,Bayer 04 Leverkusen,27,2023,6
196357,22/07/2016,16000000,€16.00m,Bayer 04 Leverkusen,20,2016,7
196357,22/08/2018,40000000,€40.00m,Bayer 04 Leverkusen,22,2018,8
196357,22/12/2021,25000000,€25.00m,Bayer 04 Leverkusen,25,2021,12
196357,25/07/2013,500000,€500k,Hamburger SV,17,2013,7
196357,26/11/2020,20000000,€20.00m,Bayer 04 Leverkusen,24,2020,11
196357,27/03/2024,30000000,€30.00m,Bayer 04 Leverkusen,28,2024,3
196357,28/12/2017,25000000,€25.00m,Bayer 04 Leverkusen,21,2017,12
196357,29/05/2024,30000000,€30.00m,Bayer 04 Leverkusen,28,2024,5
198116,02/01/2017,1500000,€1.50m,FC Empoli,19,2017,1
198116,02/03/2015,200000,€200k,Inter Milan Primavera,17,2015,3
198116,03/06/2021,10000000,€10.00m,Hellas Verona,23,2021,6
198116,04/01/2016,600000,€600k,Inter Milan,18,2016,1
198116,05/06/2024,50000000,€50.00m,Inter Milan,26,2024,6
198116,05/11/2015,600000,€600k,Inter Milan,17,2015,11
198116,06/06/2019,5000000,€5.00m,Parma Calcio 1913,21,2019,6
198116,07/06/2022,18000000,€18.00m,Inter Milan,24,2022,6
198116,08/01/2018,2000000,€2.00m,FC Sion,20,2018,1
198116,08/04/2020,4000000,€4.00m,Hellas Verona,22,2020,4
198116,08/06/2017,2000000,€2.00m,FC Empoli,19,2017,6
198116,11/10/2023,45000000,€45.00m,Inter Milan,25,2023,10
198116,11/11/2022,25000000,€25.00m,Inter Milan,25,2022,11
198116,12/10/2018,3500000,€3.50m,Parma Calcio 1913,20,2018,10
198116,12/12/2019,5000000,€5.00m,Inter Milan,22,2019,12
198116,13/06/2016,1300000,€1.30m,Ascoli Picchio,18,2016,6
198116,14/10/2021,13000000,€13.00m,Inter Milan,23,2021,10
198116,15/06/2023,35000000,€35.00m,Inter Milan,25,2023,6
198116,16/09/2014,150000,€150k,Inter Milan Primavera,16,2014,9
198116,17/06/2015,300000,€300k,Inter Milan Primavera,17,2015,6
198116,17/06/2025,50000000,€50.00m,Inter Milan,27,2025,6
198116,18/12/2024,60000000,€60.00m,Inter Milan,27,2024,12
198116,20/12/2018,3500000,€3.50m,Parma Calcio 1913,21,2018,12
198116,20/12/2023,50000000,€50.00m,Inter Milan,26,2023,12
198116,23/03/2021,10000000,€10.00m,Hellas Verona,23,2021,3
198116,23/12/2025,50000000,€50.00m,Inter Milan,28,2025,12
198116,24/04/2018,2000000,€2.00m,FC Sion,20,2018,4
198116,25/08/2020,4500000,€4.50m,Hellas Verona,22,2020,8
198116,28/12/2021,16000000,€16.00m,Inter Milan,24,2021,12
198116,29/12/2020,7000000,€7.00m,Hellas Verona,23,2020,12
212862,01/01/2018,1500000,€1.50m,SD Huesca,22,2017,12
212862,01/07/2015,600000,€600k,Bilbao Athletic,20,2015,6
212862,02/10/2025,15000000,€15.00m,Real Sociedad,30,2025,10
212862,03/06/2022,22000000,€22.00m,Real Sociedad,27,2022,6
212862,05/01/2021,20000000,€20.00m,Real Sociedad,25,2021,1
212862,05/03/2020,15000000,€15.00m,Real Sociedad,24,2020,3
212862,05/06/2017,600000,€600k,Athletic Bilbao,22,2017,6
212862,07/06/2024,25000000,€25.00m,Real Sociedad,29,2024,6
212862,07/11/2022,25000000,€25.00m,Real Sociedad,27,2022,11
212862,08/04/2020,12000000,€12.00m,Real Sociedad,25,2020,4
212862,08/10/2020,15000000,€15.00m,Real Sociedad,25,2020,10
212862,09/06/2025,18000000,€18.00m,Real Sociedad,30,2025,6
212862,10/06/2021,20000000,€20.00m,Real Sociedad,26,2021,6
212862,11/06/2019,1500000,€1.50m,Athletic Bilbao,24,2019,6
212862,12/07/2014,0,-,Bilbao Athletic,19,2014,7
212862,12/12/2025,14000000,€14.00m,Real Sociedad,30,2025,12
212862,13/06/2023,25000000,€25.00m,Real Sociedad,28,2023,6
212862,15/07/2016,1000000,€1.00m,Levante UD,21,2016,7
212862,20/11/2015,800000,€800k,Bilbao Athletic,20,2015,11
212862,20/12/2019,7500000,€7.50m,Real Sociedad,24,2019,12
212862,21/10/2013,200000,€200k,CD Basconia,18,2013,10
212862,21/12/2018,1000000,€1.00m,Athletic Bilbao,23,2018,12
212862,22/02/2016,1000000,€1.00m,Bilbao Athletic,20,2016,2
212862,22/12/2023,25000000,€25.00m,Real Sociedad,28,2023,12
212862,23/11/2020,20000000,€20.00m,Real Sociedad,25,2020,11
212862,24/01/2017,800000,€800k,Levante UD,21,2017,1
212862,27/12/2024,25000000,€25.00m,Real Sociedad,29,2024,12
212862,30/05/2018,1500000,€1.50m,SD Huesca,23,2018,5
212862,30/12/2021,22000000,€22.00m,Real Sociedad,26,2021,12
223967,01/06/2016,1000000,€1.00m,Red Bull Salzburg,19,2016,5
223967,02/06/2017,8000000,€8.00m,Red Bull Salzburg,20,2017,6
223967,02/10/2015,700000,€700k,Red Bull Salzburg,18,2015,10
223967,05/06/2018,8000000,€8.00m,RB Leipzig,21,2018,6
223967,05/06/2019,17000000,€17.00m,RB Leipzig,22,2019,6
223967,05/06/2025,25000000,€25.00m,Bayern Munich,28,2025,6
223967,06/03/2019,14000000,€14.00m,RB Leipzig,21,2019,3
223967,06/10/2016,2000000,€2.00m,Red Bull Salzburg,19,2016,10
223967,08/04/2020,24000000,€24.00m,RB Leipzig,22,2020,4
223967,08/07/2020,28000000,€28.00m,RB Leipzig,23,2020,7
223967,09/06/2022,28000000,€28.00m,RB Leipzig,25,2022,6
223967,09/11/2022,28000000,€28.00m,RB Leipzig,25,2022,11
223967,10/02/2021,26000000,€26.00m,RB Leipzig,23,2021,2
223967,11/01/2015,500000,€500k,Red Bull Salzburg,17,2015,1
223967,11/03/2020,30000000,€30.00m,RB Leipzig,22,2020,3
223967,14/12/2023,28000000,€28.00m,Bayern Munich,26,2023,12
223967,16/09/2020,30000000,€30.00m,RB Leipzig,23,2020,9
223967,17/04/2014,50000,€50k,AKA Red Bull Salzburg U18,16,2014,4
223967,17/06/2015,800000,€800k,Red Bull Salzburg,18,2015,6
223967,17/12/2019,23000000,€23.00m,RB Leipzig,22,2019,12
223967,18/12/2018,8000000,€8.00m,RB Leipzig,21,2018,12
223967,19/12/2025,32000000,€32.00m,Bayern Munich,28,2025,12
223967,20/12/2024,25000000,€25.00m,Bayern Munich,27,2024,12
223967,22/06/2023,28000000,€28.00m,RB Leipzig,26,2023,6
223967,22/11/2014,350000,€350k,FC Liefering,17,2014,11
223967,22/12/2016,3000000,€3.00m,Red Bull Salzburg,19,2016,12
223967,22/12/2021,26000000,€26.00m,RB Leipzig,24,2021,12
223967,24/06/2014,75000,€75k,AKA Red Bull Salzburg U18,17,2014,6
223967,27/05/2021,26000000,€26.00m,RB Leipzig,24,2021,5
223967,28/12/2017,7000000,€7.00m,RB Leipzig,20,2017,12
223967,29/05/2024,30000000,€30.00m,Bayern Munich,27,2024,5
223967,29/12/2015,700000,€700k,Red Bull Salzburg,18,2015,12
228948,01/07/2015,250000,€250k,FC Schalke 04,18,2015,6
228948,03/06/2019,35000000,€35.00m,Paris Saint-Germain,22,2019,6
228948,03/06/2024,10000000,€10.00m,AS Monaco,27,2024,6
228948,03/06/2025,20000000,€20.00m,AS Monaco,28,2025,6
228948,03/11/2022,22000000,€22.00m,West Ham United,26,2022,11
228948,04/04/2018,13000000,€13.00m,FC Schalke 04,21,2018,4
228948,04/06/2021,25000000,€25.00m,Paris Saint-Germain,24,2021,6
228948,05/06/2018,18000000,€18.00m,FC Schalke 04,21,2018,6
228948,06/09/2018,30000000,€30.00m,Paris Saint-Germain,21,2018,9
228948,07/01/2021,25000000,€25.00m,Paris Saint-Germain,24,2021,1
228948,07/02/2017,1000000,€1.00m,FC Schalke 04,20,2017,2
228948,08/04/2020,28000000,€28.00m,Paris Saint-Germain,23,2020,4
228948,09/10/2023,13000000,€13.00m,West Ham United,27,2023,10
228948,10/12/2024,15000000,€15.00m,AS Monaco,28,2024,12
228948,15/02/2016,250000,€250k,FC Schalke 04,19,2016,2
228948,15/10/2020,28000000,€28.00m,Paris Saint-Germain,24,2020,10
228948,15/12/2025,18000000,€18.00m,AS Monaco,29,2025,12
228948,16/03/2023,18000000,€18.00m,West Ham United,26,2023,3
228948,16/12/2021,25000000,€25.00m,Paris Saint-Germain,25,2021,12
228948,17/12/2018,35000000,€35.00m,Paris Saint-Germain,22,2018,12
228948,18/10/2017,5000000,€5.00m,FC Schalke 04,21,2017,10
228948,19/06/2017,3500000,€3.50m,FC Schalke 04,20,2017,6
228948,19/12/2019,35000000,€35.00m,Paris Saint-Germain,23,2019,12
228948,19/12/2023,9000000,€9.00m,West Ham United,27,2023,12
228948,20/06/2023,18000000,€18.00m,West Ham United,26,2023,6
228948,22/03/2017,1500000,€1.50m,FC Schalke 04,20,2017,3
228948,22/07/2016,250000,€250k,FC Schalke 04,19,2016,7
228948,28/12/2017,7500000,€7.50m,FC Schalke 04,21,2017,12
228948,30/05/2022,22000000,€22.00m,Paris Saint-Germain,25,2022,5
232454,01/07/2015,1000000,€1.00m,TSG 1899 Hoffenheim,18,2015,6
232454,02/10/2019,15000000,€15.00m,Bayer 04 Leverkusen,22,2019,10
232454,04/02/2015,350000,€350k,TSG 1899 Hoffenheim,18,2015,2
232454,05/06/2018,17000000,€17.00m,TSG 1899 Hoffenheim,21,2018,6
232454,05/06/2019,17000000,€17.00m,TSG 1899 Hoffenheim,22,2019,6
232454,05/06/2025,20000000,€20.00m,1.FSV Mainz 05,28,2025,6
232454,07/02/2017,7000000,€7.00m,TSG 1899 Hoffenheim,20,2017,2
232454,07/06/2022,8000000,€8.00m,Genoa CFC,25,2022,6
232454,07/10/2021,15000000,€15.00m,Bayer 04 Leverkusen,24,2021,10
232454,08/04/2020,16000000,€16.00m,Bayer 04 Leverkusen,23,2020,4
232454,08/09/2014,100000,€100k,TSG 1899 Hoffenheim,17,2014,9
232454,09/06/2021,18000000,€18.00m,Bayer 04 Leverkusen,24,2021,6
232454,09/10/2024,9000000,€9.00m,1.FSV Mainz 05,27,2024,10
232454,09/11/2022,6000000,€6.00m,Bayer 04 Leverkusen,26,2022,11
232454,10/02/2021,22000000,€22.00m,Bayer 04 Leverkusen,24,2021,2
232454,14/12/2023,4000000,€4.00m,Bayer 04 Leverkusen,27,2023,12
232454,15/02/2016,1500000,€1.50m,TSG 1899 Hoffenheim,19,2016,2
232454,15/03/2022,9000000,€9.00m,Genoa CFC,25,2022,3
232454,17/12/2019,20000000,€20.00m,Bayer 04 Leverkusen,23,2019,12
232454,18/10/2023,4000000,€4.00m,Bayer 04 Leverkusen,26,2023,10
232454,18/12/2018,17000000,€17.00m,TSG 1899 Hoffenheim,22,2018,12
232454,19/06/2017,10000000,€10.00m,TSG 1899 Hoffenheim,20,2017,6
232454,19/12/2025,17000000,€17.00m,1.FSV Mainz 05,29,2025,12
232454,20/12/2024,11000000,€11.00m,1.FSV Mainz 05,28,2024,12
232454,21/09/2022,6000000,€6.00m,Bayer 04 Leverkusen,25,2022,9
232454,22/06/2023,6000000,€6.00m,Bayer 04 Leverkusen,26,2023,6
232454,22/07/2016,4000000,€4.00m,TSG 1899 Hoffenheim,19,2016,7
232454,22/12/2021,11000000,€11.00m,Bayer 04 Leverkusen,25,2021,12
232454,27/03/2025,18000000,€18.00m,1.FSV Mainz 05,28,2025,3
232454,28/12/2017,15000000,€15.00m,TSG 1899 Hoffenheim,21,2017,12
232454,29/05/2024,7000000,€7.00m,1.FSV Mainz 05,27,2024,5
237662,01/06/2016,20000000,€20.00m,FC Basel 1893,19,2016,5
237662,02/11/2022,20000000,€20.00m,AS Monaco,25,2022,11
237662,03/06/2024,12000000,€12.00m,AS Monaco,27,2024,6
237662,03/06/2025,12000000,€12.00m,AS Monaco,28,2025,6
237662,03/10/2014,1000000,€1.00m,FC Basel 1893,17,2014,10
237662,05/06/2018,18000000,€18.00m,FC Schalke 04,21,2018,6
237662,05/06/2019,14000000,€14.00m,FC Schalke 04,22,2019,6
237662,06/03/2019,12000000,€12.00m,FC Schalke 04,22,2019,3
237662,07/02/2017,20000000,€20.00m,FC Schalke 04,19,2017,2
237662,08/04/2020,13000000,€13.00m,Borussia Mönchengladbach,23,2020,4
237662,08/05/2014,100000,€100k,FC Basel 1893 U21,17,2014,5
237662,08/07/2020,16000000,€16.00m,Borussia Mönchengladbach,23,2020,7
237662,09/06/2022,15000000,€15.00m,Borussia Mönchengladbach,25,2022,6
237662,10/02/2021,16000000,€16.00m,Borussia Mönchengladbach,23,2021,2
237662,10/12/2024,12000000,€12.00m,AS Monaco,27,2024,12
237662,12/09/2014,250000,€250k,FC Basel 1893,17,2014,9
237662,14/04/2015,8000000,€8.00m,FC Basel 1893,18,2015,4
237662,15/12/2014,4000000,€4.00m,FC Basel 1893,17,2014,12
237662,15/12/2025,12000000,€12.00m,Stade Rennais FC,28,2025,12
237662,16/07/2014,250000,€250k,FC Basel 1893,17,2014,7
237662,16/10/2023,15000000,€15.00m,AS Monaco,26,2023,10
237662,17/12/2019,16000000,€16.00m,Borussia Mönchengladbach,22,2019,12
237662,18/06/2015,8000000,€8.00m,FC Basel 1893,18,2015,6
237662,18/12/2015,16000000,€16.00m,FC Basel 1893,18,2015,12
237662,18/12/2018,15000000,€15.00m,FC Schalke 04,21,2018,12
237662,18/12/2023,12000000,€12.00m,AS Monaco,26,2023,12
237662,19/06/2017,20000000,€20.00m,FC Schalke 04,20,2017,6
237662,19/09/2022,18000000,€18.00m,AS Monaco,25,2022,9
237662,20/04/2016,20000000,€20.00m,FC Basel 1893,19,2016,4
237662,22/07/2016,22000000,€22.00m,FC Schalke 04,19,2016,7
237662,22/12/2021,16000000,€16.00m,Borussia Mönchengladbach,24,2021,12
237662,24/03/2022,14000000,€14.00m,Borussia Mönchengladbach,25,2022,3
237662,25/05/2021,16000000,€16.00m,Borussia Mönchengladbach,24,2021,5
237662,27/03/2023,22000000,€22.00m,AS Monaco,26,2023,3
237662,27/06/2023,20000000,€20.00m,AS Monaco,26,2023,6
237662,28/12/2017,18000000,€18.00m,FC Schalke 04,20,2017,12
237662,29/09/2015,16000000,€16.00m,FC Basel 1893,18,2015,9
238407,02/01/2014,100000,€100k,Rosenborg BK,18,2014,1
238407,03/01/2020,10000000,€10.00m,Trabzonspor,24,2020,1
238407,03/06/2022,10000000,€10.00m,Real Sociedad,26,2022,6
238407,04/08/2020,20000000,€20.00m,Trabzonspor,24,2020,8
238407,05/02/2016,1000000,€1.00m,FC Groningen,20,2016,2
238407,07/06/2017,850000,€850k,FC Groningen,21,2017,6
238407,07/06/2024,25000000,€25.00m,Villarreal CF,28,2024,6
238407,07/11/2022,10000000,€10.00m,Real Sociedad,26,2022,11
238407,07/12/2014,200000,€200k,Rosenborg BK,19,2014,12
238407,08/04/2020,13000000,€13.00m,Trabzonspor,24,2020,4
238407,09/06/2021,16000000,€16.00m,RB Leipzig,25,2021,6
238407,09/06/2025,25000000,€25.00m,Atlético de Madrid,29,2025,6
238407,10/02/2021,18000000,€18.00m,RB Leipzig,25,2021,2
238407,10/06/2019,6000000,€6.00m,KAA Gent,23,2019,6
238407,12/12/2025,20000000,€20.00m,Atlético de Madrid,30,2025,12
238407,13/06/2023,12000000,€12.00m,Real Sociedad,27,2023,6
238407,13/09/2013,50000,€50k,Rosenborg BK,17,2013,9
238407,13/10/2023,14000000,€14.00m,Villarreal CF,27,2023,10
238407,15/07/2016,1000000,€1.00m,FC Groningen,20,2016,7
238407,18/01/2017,750000,€750k,FC Groningen,21,2017,1
238407,18/12/2017,2000000,€2.00m,FC Midtjylland,22,2017,12
238407,19/08/2015,500000,€500k,FK Bodø/Glimt,19,2015,8
238407,19/12/2018,6000000,€6.00m,Crystal Palace,23,2018,12
238407,21/03/2024,15000000,€15.00m,Villarreal CF,28,2024,3
238407,22/12/2023,14000000,€14.00m,Villarreal CF,28,2023,12
238407,23/03/2018,7000000,€7.00m,Crystal Palace,22,2018,3
238407,23/03/2023,12000000,€12.00m,Real Sociedad,27,2023,3
238407,25/03/2020,16000000,€16.00m,Trabzonspor,24,2020,3
238407,27/12/2015,700000,€700k,FK Bodø/Glimt,20,2015,12
238407,27/12/2024,25000000,€25.00m,Atlético de Madrid,29,2024,12
238407,28/05/2018,7000000,€7.00m,Crystal Palace,22,2018,5
238407,30/12/2021,12000000,€12.00m,Real Sociedad,26,2021,12
240306,01/06/2021,90000000,€90.00m,Manchester United,26,2021,5
240306,01/07/2014,7000000,€7.00m,Udinese Calcio,19,2014,6
240306,01/07/2015,6500000,€6.50m,Udinese Calcio,20,2015,6
240306,01/10/2024,65000000,€65.00m,Manchester United,30,2024,9
240306,01/11/2018,26000000,€26.00m,Sporting CP,24,2018,10
240306,02/01/2017,7000000,€7.00m,UC Sampdoria,22,2017,1
240306,03/11/2022,75000000,€75.00m,Manchester United,28,2022,11
240306,04/01/2016,6500000,€6.50m,Udinese Calcio,21,2016,1
240306,06/11/2017,12000000,€12.00m,Sporting CP,23,2017,11
240306,07/01/2014,4500000,€4.50m,Udinese Calcio,19,2014,1
240306,07/01/2015,7000000,€7.00m,Udinese Calcio,20,2015,1
240306,07/02/2018,17000000,€17.00m,Sporting CP,23,2018,2
240306,07/06/2019,55000000,€55.00m,Sporting CP,24,2019,6
240306,08/04/2020,48000000,€48.00m,Manchester United,25,2020,4
240306,08/06/2017,7500000,€7.50m,UC Sampdoria,22,2017,6
240306,09/12/2025,40000000,€40.00m,Manchester United,31,2025,12
240306,11/01/2019,30000000,€30.00m,Sporting CP,24,2019,1
240306,11/10/2019,60000000,€60.00m,Sporting CP,25,2019,10
240306,13/06/2018,30000000,€30.00m,Sporting CP,23,2018,6
240306,13/10/2020,80000000,€80.00m,Manchester United,26,2020,10
240306,15/06/2022,85000000,€85.00m,Manchester United,27,2022,6
240306,15/07/2016,6500000,€6.50m,Udinese Calcio,21,2016,7
240306,16/04/2018,20000000,€20.00m,Sporting CP,23,2018,4
240306,16/12/2024,55000000,€55.00m,Manchester United,30,2024,12
240306,17/10/2025,45000000,€45.00m,Manchester United,31,2025,10
240306,17/12/2020,90000000,€90.00m,Manchester United,26,2020,12
240306,18/03/2019,35000000,€35.00m,Sporting CP,24,2019,3
240306,18/03/2021,90000000,€90.00m,Manchester United,26,2021,3
240306,19/12/2023,70000000,€70.00m,Manchester United,29,2023,12
240306,20/06/2023,75000000,€75.00m,Manchester United,28,2023,6
240306,23/12/2021,90000000,€90.00m,Manchester United,27,2021,12
240306,25/02/2013,100000,€100k,Novara Calcio 1908,18,2013,2
240306,25/06/2013,3500000,€3.50m,Novara Calcio 1908,18,2013,6
240306,25/10/2012,50000,€50k,Novara Calcio 1908,18,2012,10
240306,25/12/2012,75000,€75k,Novara Calcio 1908,18,2012,12
240306,27/05/2024,70000000,€70.00m,Manchester United,29,2024,5
240306,30/05/2025,50000000,€50.00m,Manchester United,30,2025,5
240306,30/07/2020,70000000,€70.00m,Manchester United,25,2020,7
240306,30/12/2019,60000000,€60.00m,Sporting CP,25,2019,12
242086,02/01/2017,3500000,€3.50m,UC Sampdoria,20,2017,1
242086,05/06/2025,27000000,€27.00m,Bayer 04 Leverkusen,29,2025,6
242086,06/06/2019,15000000,€15.00m,AS Roma,23,2019,6
242086,07/06/2018,20000000,€20.00m,AS Roma,22,2018,6
242086,08/04/2020,20000000,€20.00m,RB Leipzig,24,2020,4
242086,08/05/2014,200000,€200k,AC Sparta Prague U19,18,2014,5
242086,08/06/2017,15000000,€15.00m,UC Sampdoria,21,2017,6
242086,08/07/2020,25000000,€25.00m,RB Leipzig,24,2020,7
242086,09/06/2022,50000000,€50.00m,Bayer 04 Leverkusen,26,2022,6
242086,09/11/2022,38000000,€38.00m,Bayer 04 Leverkusen,26,2022,11
242086,10/02/2021,25000000,€25.00m,Bayer 04 Leverkusen,25,2021,2
242086,11/03/2020,25000000,€25.00m,RB Leipzig,24,2020,3
242086,12/10/2018,18000000,€18.00m,AS Roma,22,2018,10
242086,13/10/2017,20000000,€20.00m,AS Roma,21,2017,10
242086,14/12/2023,22000000,€22.00m,Bayer 04 Leverkusen,27,2023,12
242086,15/07/2016,3000000,€3.00m,UC Sampdoria,20,2016,7
242086,15/07/2021,28000000,€28.00m,Bayer 04 Leverkusen,25,2021,7
242086,15/10/2015,350000,€350k,Bohemians Prague 1905,19,2015,10
242086,17/01/2015,200000,€200k,AC Sparta Prague,18,2015,1
242086,17/12/2019,15000000,€15.00m,RB Leipzig,23,2019,12
242086,18/03/2016,500000,€500k,Bohemians Prague 1905,20,2016,3
242086,19/12/2025,25000000,€25.00m,Bayer 04 Leverkusen,29,2025,12
242086,20/12/2018,15000000,€15.00m,AS Roma,22,2018,12
242086,20/12/2024,22000000,€22.00m,Bayer 04 Leverkusen,28,2024,12
242086,22/06/2023,25000000,€25.00m,Bayer 04 Leverkusen,27,2023,6
242086,22/12/2021,40000000,€40.00m,Bayer 04 Leverkusen,25,2021,12
242086,27/03/2025,27000000,€27.00m,Bayer 04 Leverkusen,29,2025,3
242086,28/03/2017,7000000,€7.00m,UC Sampdoria,21,2017,3
242086,28/05/2021,23000000,€23.00m,Bayer 04 Leverkusen,25,2021,5
242086,29/03/2023,30000000,€30.00m,Bayer 04 Leverkusen,27,2023,3
242086,29/05/2024,22000000,€22.00m,Bayer 04 Leverkusen,28,2024,5
242086,29/12/2017,20000000,€20.00m,AS Roma,21,2017,12
250845,01/01/2018,35000000,€35.00m,Atlético de Madrid,22,2017,12
250845,01/07/2015,15000000,€15.00m,Atlético de Madrid,20,2015,6
250845,02/10/2025,15000000,€15.00m,Atlético de Madrid,30,2025,10
250845,03/06/2022,50000000,€50.00m,Atlético de Madrid,27,2022,6
250845,05/01/2021,65000000,€65.00m,Atlético de Madrid,25,2021,1
250845,05/06/2017,28000000,€28.00m,Atlético de Madrid,22,2017,6
250845,07/06/2024,22000000,€22.00m,Atlético de Madrid,29,2024,6
250845,07/11/2022,40000000,€40.00m,Atlético de Madrid,27,2022,11
250845,08/04/2020,56000000,€56.00m,Atlético de Madrid,25,2020,4
250845,08/10/2020,70000000,€70.00m,Atlético de Madrid,25,2020,10
250845,09/06/2025,20000000,€20.00m,Atlético de Madrid,30,2025,6
250845,10/06/2021,60000000,€60.00m,Atlético de Madrid,26,2021,6
250845,11/03/2013,100000,€100k,Danubio FC,18,2013,3
250845,11/06/2019,70000000,€70.00m,Atlético de Madrid,24,2019,6
250845,12/12/2025,14000000,€14.00m,Atlético de Madrid,30,2025,12
250845,13/06/2023,35000000,€35.00m,Atlético de Madrid,28,2023,6
250845,15/07/2016,30000000,€30.00m,Atlético de Madrid,21,2016,7
250845,16/07/2018,50000000,€50.00m,Atlético de Madrid,23,2018,7
250845,19/03/2021,60000000,€60.00m,Atlético de Madrid,26,2021,3
250845,20/07/2014,5000000,€5.00m,Atlético de Madrid,19,2014,7
250845,20/12/2019,70000000,€70.00m,Atlético de Madrid,24,2019,12
250845,21/03/2024,25000000,€25.00m,Atlético de Madrid,29,2024,3
250845,21/12/2018,50000000,€50.00m,Atlético de Madrid,23,2018,12
250845,22/02/2016,25000000,€25.00m,Atlético de Madrid,21,2016,2
250845,22/11/2015,18000000,€18.00m,Atlético de Madrid,20,2015,11
250845,22/12/2023,30000000,€30.00m,Atlético de Madrid,28,2023,12
250845,23/01/2014,2000000,€2.00m,Atlético de Madrid,19,2014,1
250845,23/01/2015,15000000,€15.00m,Atlético de Madrid,20,2015,1
250845,23/03/2023,35000000,€35.00m,Atlético de Madrid,28,2023,3
250845,23/09/2022,45000000,€45.00m,Atlético de Madrid,27,2022,9
250845,24/01/2017,28000000,€28.00m,Atlético de Madrid,22,2017,1
250845,25/07/2013,1000000,€1.00m,Atlético de Madrid,18,2013,7
250845,27/12/2024,20000000,€20.00m,Atlético de Madrid,29,2024,12
250845,28/02/2019,70000000,€70.00m,Atlético de Madrid,24,2019,2
250845,30/05/2018,45000000,€45.00m,Atlético de Madrid,23,2018,5
250845,30/12/2021,50000000,€50.00m,Atlético de Madrid,26,2021,12
255942,02/01/2017,2500000,€2.50m,Cagliari Calcio,19,2017,1
255942,05/06/2024,80000000,€80.00m,Inter Milan,27,2024,6
255942,06/06/2019,36000000,€36.00m,Cagliari Calcio,22,2019,6
255942,07/01/2015,500000,€500k,Cagliari Calcio,17,2015,1
255942,07/06/2018,25000000,€25.00m,Cagliari Calcio,21,2018,6
255942,07/06/2022,70000000,€70.00m,Inter Milan,25,2022,6
255942,07/10/2025,65000000,€65.00m,Inter Milan,28,2025,10
255942,08/04/2020,36000000,€36.00m,Inter Milan,23,2020,4
255942,08/05/2014,200000,€200k,Cagliari Primavera,17,2014,5
255942,08/06/2017,5000000,€5.00m,Cagliari Calcio,20,2017,6
255942,11/11/2022,70000000,€70.00m,Inter Milan,25,2022,11
255942,12/10/2018,30000000,€30.00m,Cagliari Calcio,21,2018,10
255942,12/12/2019,45000000,€45.00m,Inter Milan,22,2019,12
255942,13/06/2016,1300000,€1.30m,Calcio Como,19,2016,6
255942,13/10/2017,8000000,€8.00m,Cagliari Calcio,20,2017,10
255942,14/10/2016,1750000,€1.75m,Cagliari Calcio,19,2016,10
255942,15/06/2023,75000000,€75.00m,Inter Milan,26,2023,6
255942,17/06/2025,75000000,€75.00m,Inter Milan,28,2025,6
255942,18/12/2024,80000000,€80.00m,Inter Milan,27,2024,12
255942,20/12/2018,30000000,€30.00m,Cagliari Calcio,21,2018,12
255942,20/12/2023,75000000,€75.00m,Inter Milan,26,2023,12
255942,23/03/2021,60000000,€60.00m,Inter Milan,24,2021,3
255942,23/12/2025,60000000,€60.00m,Inter Milan,28,2025,12
255942,24/03/2018,20000000,€20.00m,Cagliari Calcio,21,2018,3
255942,25/02/2013,50000,€50k,Cagliari Primavera,16,2013,2
255942,25/05/2021,65000000,€65.00m,Inter Milan,24,2021,5
255942,25/08/2020,50000000,€50.00m,Inter Milan,23,2020,8
255942,28/03/2017,4000000,€4.00m,Cagliari Calcio,20,2017,3
255942,28/12/2015,800000,€800k,Cagliari Calcio,18,2015,12
255942,28/12/2021,70000000,€70.00m,Inter Milan,24,2021,12
255942,29/04/2013,150000,€150k,Cagliari Primavera,16,2013,4
255942,29/12/2017,15000000,€15.00m,Cagliari Calcio,20,2017,12
255942,29/12/2020,55000000,€55.00m,Inter Milan,23,2020,12
255942,30/06/2015,800000,€800k,Cagliari Calcio,18,2015,6
255942,30/10/2013,200000,€200k,Cagliari Primavera,16,2013,10
257474,01/07/2017,1500000,€1.50m,Torino FC,20,2017,6
257474,03/06/2021,800000,€800k,Torino FC,24,2021,6
257474,05/06/2019,1200000,€1.20m,Ascoli Calcio,22,2019,6
257474,05/06/2024,5000000,€5.00m,Torino FC,27,2024,6
257474,07/06/2018,2000000,€2.00m,Torino FC,21,2018,6
257474,07/06/2022,2500000,€2.50m,Torino FC,25,2022,6
257474,07/10/2025,18000000,€18.00m,SSC Napoli,28,2025,10
257474,08/04/2020,725000,€725k,Standard Liège,23,2020,4
257474,10/01/2015,750000,€750k,FK Vojvodina Novi Sad,17,2015,1
257474,11/10/2023,6000000,€6.00m,Torino FC,26,2023,10
257474,11/11/2014,750000,€750k,FK Vojvodina Novi Sad,17,2014,11
257474,11/11/2022,2500000,€2.50m,Torino FC,25,2022,11
257474,13/12/2019,1200000,€1.20m,Standard Liège,22,2019,12
257474,14/10/2021,1500000,€1.50m,Torino FC,24,2021,10
257474,15/06/2015,750000,€750k,FK Vojvodina Novi Sad,18,2015,6
257474,15/06/2023,3500000,€3.50m,Torino FC,26,2023,6
257474,17/06/2025,16000000,€16.00m,Torino FC,28,2025,6
257474,18/12/2024,8000000,€8.00m,Torino FC,27,2024,12
257474,20/12/2018,1800000,€1.80m,SPAL,21,2018,12
257474,20/12/2023,5000000,€5.00m,Torino FC,26,2023,12
257474,21/01/2017,500000,€500k,Lechia Gdansk,19,2017,1
257474,23/12/2022,3500000,€3.50m,Torino FC,25,2022,12
257474,23/12/2025,20000000,€20.00m,SSC Napoli,28,2025,12
257474,24/07/2016,500000,€500k,Lechia Gdansk,19,2016,7
257474,25/03/2025,12000000,€12.00m,Torino FC,28,2025,3
257474,25/08/2020,700000,€700k,Torino FC,23,2020,8
257474,28/03/2016,500000,€500k,Lechia Gdansk,19,2016,3
257474,28/12/2021,4500000,€4.50m,Torino FC,24,2021,12
257474,29/12/2017,2000000,€2.00m,Torino FC,20,2017,12
257474,29/12/2020,800000,€800k,Torino FC,23,2020,12
257474,30/03/2020,900000,€900k,Standard Liège,23,2020,3
257814,01/07/2015,25000,€25k,TSG 1899 Hoffenheim U19,17,2015,6
257814,05/06/2018,500000,€500k,TSG 1899 Hoffenheim,20,2018,6
257814,05/06/2019,6000000,€6.00m,FC Augsburg,21,2019,6
257814,05/06/2025,40000000,€40.00m,Borussia Dortmund,27,2025,6
257814,06/03/2019,2500000,€2.50m,FC Augsburg,21,2019,3
257814,07/02/2017,150000,€150k,TSG 1899 Hoffenheim,19,2017,2
257814,07/10/2021,18000000,€18.00m,Borussia Dortmund,23,2021,10
257814,08/04/2020,4000000,€4.00m,VfB Stuttgart,22,2020,4
257814,09/06/2022,22000000,€22.00m,Borussia Dortmund,24,2022,6
257814,09/11/2022,25000000,€25.00m,Borussia Dortmund,24,2022,11
257814,10/02/2021,8000000,€8.00m,VfB Stuttgart,23,2021,2
257814,13/02/2016,25000,€25k,TSG 1899 Hoffenheim U19,18,2016,2
257814,13/12/2019,5000000,€5.00m,VfB Stuttgart,22,2019,12
257814,14/12/2023,40000000,€40.00m,Borussia Dortmund,26,2023,12
257814,16/09/2020,5500000,€5.50m,VfB Stuttgart,22,2020,9
257814,18/12/2018,1000000,€1.00m,TSG 1899 Hoffenheim,21,2018,12
257814,19/06/2017,400000,€400k,TSG 1899 Hoffenheim,19,2017,6
257814,19/12/2025,40000000,€40.00m,Borussia Dortmund,28,2025,12
257814,20/12/2024,40000000,€40.00m,Borussia Dortmund,27,2024,12
257814,22/06/2023,35000000,€35.00m,Borussia Dortmund,25,2023,6
257814,22/07/2016,100000,€100k,TSG 1899 Hoffenheim,18,2016,7
257814,22/10/2018,1000000,€1.00m,TSG 1899 Hoffenheim,20,2018,10
257814,22/12/2021,20000000,€20.00m,Borussia Dortmund,24,2021,12
257814,25/05/2021,13000000,€13.00m,VfB Stuttgart,23,2021,5
257814,28/12/2017,500000,€500k,TSG 1899 Hoffenheim,20,2017,12
257814,29/03/2023,35000000,€35.00m,Borussia Dortmund,25,2023,3
257814,29/05/2024,40000000,€40.00m,Borussia Dortmund,26,2024,5
258004,01/06/2021,75000000,€75.00m,Manchester City,24,2021,5
258004,01/11/2018,28000000,€28.00m,SL Benfica,21,2018,10
258004,03/11/2022,75000000,€75.00m,Manchester City,25,2022,11
258004,06/11/2017,2500000,€2.50m,SL Benfica,20,2017,11
258004,07/02/2018,7000000,€7.00m,SL Benfica,20,2018,2
258004,07/06/2019,32000000,€32.00m,SL Benfica,22,2019,6
258004,08/04/2020,30500000,€30.50m,SL Benfica,22,2020,4
258004,08/09/2017,1000000,€1.00m,SL Benfica,20,2017,9
258004,09/12/2025,60000000,€60.00m,Manchester City,28,2025,12
258004,11/01/2019,28000000,€28.00m,SL Benfica,21,2019,1
258004,13/06/2018,22000000,€22.00m,SL Benfica,21,2018,6
258004,13/10/2020,50000000,€50.00m,Manchester City,23,2020,10
258004,14/03/2016,350000,€350k,SL Benfica B,18,2016,3
258004,15/06/2022,75000000,€75.00m,Manchester City,25,2022,6
258004,16/04/2018,14000000,€14.00m,SL Benfica,20,2018,4
258004,16/12/2024,75000000,€75.00m,Manchester City,27,2024,12
258004,17/08/2020,35000000,€35.00m,SL Benfica,23,2020,8
258004,17/10/2025,60000000,€60.00m,Manchester City,28,2025,10
258004,17/12/2020,60000000,€60.00m,Manchester City,23,2020,12
258004,18/03/2021,70000000,€70.00m,Manchester City,23,2021,3
258004,18/03/2025,70000000,€70.00m,Manchester City,27,2025,3
258004,19/12/2023,80000000,€80.00m,Manchester City,26,2023,12
258004,20/06/2023,80000000,€80.00m,Manchester City,26,2023,6
258004,23/12/2021,75000000,€75.00m,Manchester City,24,2021,12
258004,27/05/2024,80000000,€80.00m,Manchester City,27,2024,5
258004,30/05/2025,65000000,€65.00m,Manchester City,28,2025,5
258004,30/06/2017,1000000,€1.00m,SL Benfica B,20,2017,6
258004,30/09/2016,800000,€800k,SL Benfica B,19,2016,9
258004,30/12/2019,38000000,€38.00m,SL Benfica,22,2019,12
258004,31/07/2015,25000,€25k,SL Benfica B,18,2015,7
258923,01/06/2016,6000000,€6.00m,Manchester United,18,2016,5
258923,01/08/2016,7000000,€7.00m,Manchester United,18,2016,7
258923,02/01/2018,50000000,€50.00m,Manchester United,20,2018,1
258923,02/10/2025,40000000,€40.00m,FC Barcelona,27,2025,10
258923,03/11/2022,55000000,€55.00m,Manchester United,25,2022,11
258923,05/03/2019,80000000,€80.00m,Manchester United,21,2019,3
258923,08/04/2020,64000000,€64.00m,Manchester United,22,2020,4
258923,09/10/2023,75000000,€75.00m,Manchester United,25,2023,10
258923,10/12/2019,80000000,€80.00m,Manchester United,22,2019,12
258923,12/12/2025,40000000,€40.00m,FC Barcelona,28,2025,12
258923,13/06/2019,80000000,€80.00m,Manchester United,21,2019,6
258923,13/10/2020,80000000,€80.00m,Manchester United,22,2020,10
258923,14/03/2024,60000000,€60.00m,Manchester United,26,2024,3
258923,15/06/2022,60000000,€60.00m,Manchester United,24,2022,6
258923,16/03/2023,80000000,€80.00m,Manchester United,25,2023,3
258923,16/12/2024,55000000,€55.00m,Manchester United,27,2024,12
258923,18/03/2021,85000000,€85.00m,Manchester United,23,2021,3
258923,18/03/2025,50000000,€50.00m,Aston Villa,27,2025,3
258923,19/12/2018,65000000,€65.00m,Manchester United,21,2018,12
258923,19/12/2023,70000000,€70.00m,Manchester United,26,2023,12
258923,20/02/2017,10000000,€10.00m,Manchester United,19,2017,2
258923,20/06/2023,80000000,€80.00m,Manchester United,25,2023,6
258923,23/03/2016,3000000,€3.00m,Manchester United,18,2016,3
258923,23/10/2017,30000000,€30.00m,Manchester United,19,2017,10
258923,23/12/2021,85000000,€85.00m,Manchester United,24,2021,12
258923,24/10/2016,10000000,€10.00m,Manchester United,18,2016,10
258923,27/05/2024,60000000,€60.00m,Manchester United,26,2024,5
258923,28/05/2018,65000000,€65.00m,Manchester United,20,2018,5
258923,28/05/2021,85000000,€85.00m,Manchester United,23,2021,5
258923,28/06/2017,18000000,€18.00m,Manchester United,19,2017,6
258923,29/03/2022,70000000,€70.00m,Manchester United,24,2022,3
258923,30/05/2025,50000000,€50.00m,Aston Villa,27,2025,5
258923,30/07/2020,80000000,€80.00m,Manchester United,22,2020,7
261504,01/01/2018,1000000,€1.00m,Girona FC,20,2017,12
261504,05/06/2025,20000000,€20.00m,Bayer 04 Leverkusen,27,2025,6
261504,07/06/2024,25000000,€25.00m,Girona FC,26,2024,6
261504,07/11/2022,7000000,€7.00m,Girona FC,25,2022,11
261504,08/04/2020,3200000,€3.20m,Royal Excel Mouscron (-2022),22,2020,4
261504,09/10/2024,20000000,€20.00m,Bayer 04 Leverkusen,27,2024,10
261504,10/06/2021,1800000,€1.80m,SD Eibar,23,2021,6
261504,11/06/2019,3000000,€3.00m,Girona FC,21,2019,6
261504,13/06/2023,10000000,€10.00m,Girona FC,25,2023,6
261504,13/12/2019,4000000,€4.00m,Royal Excel Mouscron (-2022),22,2019,12
261504,18/12/2020,2000000,€2.00m,FC Dinamo 1948,23,2020,12
261504,19/12/2025,20000000,€20.00m,Bayer 04 Leverkusen,28,2025,12
261504,20/12/2024,20000000,€20.00m,Bayer 04 Leverkusen,27,2024,12
261504,21/03/2024,25000000,€25.00m,Girona FC,26,2024,3
261504,21/12/2018,2000000,€2.00m,Girona FC,21,2018,12
261504,22/12/2023,20000000,€20.00m,Girona FC,26,2023,12
261504,23/03/2023,10000000,€10.00m,Girona FC,25,2023,3
261504,23/09/2022,4000000,€4.00m,Girona FC,25,2022,9
261504,27/12/2021,1800000,€1.80m,Girona FC,24,2021,12
261504,28/06/2017,1000000,€1.00m,Manchester City,20,2017,6
261504,29/06/2022,2500000,€2.50m,Girona FC,25,2022,6
261504,30/05/2018,1000000,€1.00m,Girona FC,20,2018,5
262396,01/01/2018,500000,€500k,Bilbao Athletic,20,2017,12
262396,01/07/2015,100000,€100k,CD Basconia,18,2015,6
262396,01/08/2016,500000,€500k,Bilbao Athletic,19,2016,7
262396,02/02/2017,300000,€300k,Bilbao Athletic,19,2017,2
262396,03/06/2022,25000000,€25.00m,Athletic Bilbao,24,2022,6
262396,05/01/2021,30000000,€30.00m,Athletic Bilbao,23,2021,1
262396,05/03/2020,20000000,€20.00m,Athletic Bilbao,22,2020,3
262396,07/06/2024,30000000,€30.00m,Athletic Bilbao,26,2024,6
262396,07/11/2022,25000000,€25.00m,Athletic Bilbao,25,2022,11
262396,08/04/2020,16000000,€16.00m,Athletic Bilbao,22,2020,4
262396,08/10/2020,30000000,€30.00m,Athletic Bilbao,23,2020,10
262396,09/06/2025,28000000,€28.00m,Athletic Bilbao,27,2025,6
262396,11/06/2019,6000000,€6.00m,Athletic Bilbao,22,2019,6
262396,12/12/2025,25000000,€25.00m,Athletic Bilbao,28,2025,12
262396,13/06/2023,25000000,€25.00m,Athletic Bilbao,26,2023,6
262396,20/12/2019,10000000,€10.00m,Athletic Bilbao,22,2019,12
262396,21/12/2018,6000000,€6.00m,Athletic Bilbao,21,2018,12
262396,22/10/2016,300000,€300k,Bilbao Athletic,19,2016,10
262396,22/12/2023,25000000,€25.00m,Athletic Bilbao,26,2023,12
262396,23/07/2020,30000000,€30.00m,Athletic Bilbao,23,2020,7
262396,27/12/2024,28000000,€28.00m,Athletic Bilbao,27,2024,12
262396,28/08/2018,2500000,€2.50m,Athletic Bilbao,21,2018,8
262396,30/05/2018,500000,€500k,Bilbao Athletic,20,2018,5
262396,30/06/2017,300000,€300k,Bilbao Athletic,20,2017,6
262396,30/12/2021,25000000,€25.00m,Athletic Bilbao,24,2021,12
262396,31/05/2021,20000000,€20.00m,Athletic Bilbao,23,2021,5
262396,31/10/2018,7500000,€7.50m,Athletic Bilbao,21,2018,10
263918,01/06/2016,3000000,€3.00m,CSKA Moscow,20,2016,5
263918,01/06/2017,5000000,€5.00m,CSKA Moscow,21,2017,5
263918,01/07/2016,2000000,€2.00m,CSKA Moscow,20,2016,6
263918,01/07/2017,6000000,€6.00m,CSKA Moscow,21,2017,6
263918,02/10/2017,8000000,€8.00m,CSKA Moscow,21,2017,10
263918,02/11/2022,22000000,€22.00m,AS Monaco,26,2022,11
263918,03/06/2019,25000000,€25.00m,AS Monaco,23,2019,6
263918,03/06/2024,30000000,€30.00m,AS Monaco,28,2024,6
263918,03/06/2025,20000000,€20.00m,AS Monaco,29,2025,6
263918,06/01/2016,500000,€500k,CSKA Moscow,19,2016,1
263918,06/05/2015,100000,€100k,CSKA Moscow II,18,2015,5
263918,06/06/2018,18000000,€18.00m,CSKA Moscow,22,2018,6
263918,06/09/2018,30000000,€30.00m,AS Monaco,22,2018,9
263918,07/01/2021,19000000,€19.00m,AS Monaco,24,2021,1
263918,08/04/2020,20000000,€20.00m,AS Monaco,23,2020,4
263918,09/04/2021,23000000,€23.00m,AS Monaco,24,2021,4
263918,10/12/2024,30000000,€30.00m,AS Monaco,28,2024,12
263918,12/10/2020,20000000,€20.00m,AS Monaco,24,2020,10
263918,15/07/2018,25000000,€25.00m,CSKA Moscow,22,2018,7
263918,15/12/2025,18000000,€18.00m,AS Monaco,29,2025,12
263918,16/10/2016,2500000,€2.50m,CSKA Moscow,20,2016,10
263918,16/10/2023,30000000,€30.00m,AS Monaco,27,2023,10
263918,16/12/2021,25000000,€25.00m,AS Monaco,25,2021,12
263918,17/12/2018,30000000,€30.00m,AS Monaco,22,2018,12
263918,18/12/2023,30000000,€30.00m,AS Monaco,27,2023,12
263918,19/08/2013,50000,€50k,CSKA Moscow II,17,2013,8
263918,19/12/2019,25000000,€25.00m,AS Monaco,23,2019,12
263918,23/12/2017,10000000,€10.00m,CSKA Moscow,21,2017,12
263918,24/03/2025,25000000,€25.00m,AS Monaco,28,2025,3
263918,24/07/2015,350000,€350k,CSKA Moscow,19,2015,7
263918,25/08/2015,400000,€400k,CSKA Moscow,19,2015,8
263918,26/05/2021,28000000,€28.00m,AS Monaco,24,2021,5
263918,27/03/2023,25000000,€25.00m,AS Monaco,26,2023,3
263918,27/06/2023,28000000,€28.00m,AS Monaco,27,2023,6
263918,27/12/2016,3000000,€3.00m,CSKA Moscow,20,2016,12
263918,30/05/2022,25000000,€25.00m,AS Monaco,26,2022,5
264372,02/10/2025,15000000,€15.00m,Girona FC,27,2025,10
264372,03/01/2017,1500000,€1.50m,Dynamo Kyiv,19,2017,1
264372,04/09/2020,19000000,€19.00m,Dynamo Kyiv,22,2020,9
264372,06/08/2018,8000000,€8.00m,Dynamo Kyiv,20,2018,8
264372,06/12/2022,22000000,€22.00m,Dynamo Kyiv,25,2022,12
264372,07/06/2024,30000000,€30.00m,Girona FC,26,2024,6
264372,08/01/2020,20000000,€20.00m,Dynamo Kyiv,22,2020,1
264372,08/04/2020,16000000,€16.00m,Dynamo Kyiv,22,2020,4
264372,09/06/2025,18000000,€18.00m,Girona FC,27,2025,6
264372,10/12/2018,10000000,€10.00m,Dynamo Kyiv,21,2018,12
264372,12/01/2018,4000000,€4.00m,Dynamo Kyiv,20,2018,1
264372,12/12/2025,15000000,€15.00m,Girona FC,28,2025,12
264372,13/06/2023,22000000,€22.00m,Girona FC,25,2023,6
264372,14/01/2021,24000000,€24.00m,Dynamo Kyiv,23,2021,1
264372,14/05/2018,8000000,€8.00m,Dynamo Kyiv,20,2018,5
264372,18/05/2022,25000000,€25.00m,Dynamo Kyiv,24,2022,5
264372,20/06/2019,20000000,€20.00m,Dynamo Kyiv,21,2019,6
264372,20/12/2021,25000000,€25.00m,Dynamo Kyiv,24,2021,12
264372,21/03/2024,28000000,€28.00m,Girona FC,26,2024,3
264372,22/03/2019,13000000,€13.00m,Dynamo Kyiv,21,2019,3
264372,22/12/2023,25000000,€25.00m,Girona FC,26,2023,12
264372,26/06/2017,2500000,€2.50m,Dynamo Kyiv,19,2017,6
264372,27/05/2021,25000000,€25.00m,Dynamo Kyiv,23,2021,5
264372,27/12/2024,22000000,€22.00m,Girona FC,27,2024,12
264372,30/09/2016,700000,€700k,Dynamo Kyiv,18,2016,9
265088,02/01/2017,5000000,€5.00m,AC Milan,18,2017,1
265088,02/03/2015,150000,€150k,Milan Primavera,17,2015,3
265088,03/03/2020,17000000,€17.00m,US Sassuolo,22,2020,3
265088,05/06/2024,28000000,€28.00m,Juventus FC,26,2024,6
265088,06/06/2019,12000000,€12.00m,US Sassuolo,21,2019,6
265088,07/06/2018,8000000,€8.00m,AC Milan,20,2018,6
265088,07/06/2022,35000000,€35.00m,Juventus FC,24,2022,6
265088,08/04/2020,15500000,€15.50m,US Sassuolo,22,2020,4
265088,08/06/2017,6000000,€6.00m,AC Milan,19,2017,6
265088,11/11/2022,30000000,€30.00m,Juventus FC,24,2022,11
265088,12/12/2019,13000000,€13.00m,US Sassuolo,21,2019,12
265088,14/10/2016,1500000,€1.50m,AC Milan,18,2016,10
265088,15/06/2023,30000000,€30.00m,Juventus FC,25,2023,6
265088,15/07/2016,300000,€300k,AC Milan,18,2016,7
265088,16/09/2014,75000,€75k,Milan Primavera,16,2014,9
265088,17/06/2015,150000,€150k,Milan Primavera,17,2015,6
265088,17/06/2025,30000000,€30.00m,Juventus FC,27,2025,6
265088,18/12/2024,28000000,€28.00m,Juventus FC,26,2024,12
265088,20/12/2018,8000000,€8.00m,US Sassuolo,20,2018,12
265088,20/12/2023,33000000,€33.00m,Juventus FC,25,2023,12
265088,23/12/2025,25000000,€25.00m,Juventus FC,27,2025,12
265088,25/05/2021,35000000,€35.00m,US Sassuolo,23,2021,5
265088,25/08/2020,25000000,€25.00m,US Sassuolo,22,2020,8
265088,26/02/2019,12000000,€12.00m,US Sassuolo,21,2019,2
265088,28/12/2021,35000000,€35.00m,Juventus FC,23,2021,12
265088,29/10/2020,30000000,€30.00m,US Sassuolo,22,2020,10
265088,29/12/2017,7000000,€7.00m,AC Milan,19,2017,12
265088,29/12/2020,35000000,€35.00m,US Sassuolo,22,2020,12
270541,03/06/2019,3500000,€3.50m,Amiens SC,23,2019,6
270541,04/02/2016,800000,€800k,AJ Auxerre,19,2016,2
270541,04/06/2021,12000000,€12.00m,Stade Rennais FC,25,2021,6
270541,05/06/2018,2500000,€2.50m,1.FC Köln,22,2018,6
270541,05/06/2025,45000000,€45.00m,Borussia Dortmund,29,2025,6
270541,06/06/2015,400000,€400k,Stade Lavallois,19,2015,6
270541,06/09/2015,500000,€500k,LOSC Lille,19,2015,9
270541,07/01/2021,13000000,€13.00m,Stade Rennais FC,24,2021,1
270541,07/02/2017,2000000,€2.00m,1.FC Köln,20,2017,2
270541,08/01/2019,2000000,€2.00m,1.FC Köln,22,2019,1
270541,08/04/2020,8000000,€8.00m,Amiens SC,24,2020,4
270541,09/04/2021,12000000,€12.00m,Stade Rennais FC,25,2021,4
270541,09/11/2022,10000000,€10.00m,VfB Stuttgart,26,2022,11
270541,13/03/2020,10000000,€10.00m,Amiens SC,24,2020,3
270541,13/07/2016,2000000,€2.00m,LOSC Lille,20,2016,7
270541,14/01/2015,300000,€300k,Stade Lavallois,18,2015,1
270541,14/12/2023,40000000,€40.00m,VfB Stuttgart,27,2023,12
270541,15/10/2020,15000000,€15.00m,Stade Rennais FC,24,2020,10
270541,16/12/2021,9000000,€9.00m,Stade Rennais FC,25,2021,12
270541,18/10/2023,40000000,€40.00m,VfB Stuttgart,27,2023,10
270541,19/06/2017,1500000,€1.50m,1.FC Köln,21,2017,6
270541,19/12/2019,5000000,€5.00m,Amiens SC,23,2019,12
270541,19/12/2025,40000000,€40.00m,Borussia Dortmund,29,2025,12
270541,20/11/2014,200000,€200k,Stade Lavallois,18,2014,11
270541,20/12/2024,40000000,€40.00m,Borussia Dortmund,28,2024,12
270541,22/06/2023,14000000,€14.00m,VfB Stuttgart,27,2023,6
270541,23/03/2022,10000000,€10.00m,Stade Rennais FC,26,2022,3
270541,27/09/2019,5000000,€5.00m,Amiens SC,23,2019,9
270541,28/12/2017,3500000,€3.50m,1.FC Köln,21,2017,12
270541,29/05/2024,40000000,€40.00m,VfB Stuttgart,28,2024,5
270541,30/05/2022,10000000,€10.00m,Stade Rennais FC,26,2022,5
281963,01/01/2018,20000000,€20.00m,Atlético de Madrid,21,2017,12
281963,01/06/2021,45000000,€45.00m,Bayern Munich,25,2021,5
281963,03/06/2024,40000000,€40.00m,Paris Saint-Germain,28,2024,6
281963,03/06/2025,25000000,€25.00m,Paris Saint-Germain,29,2025,6
281963,05/06/2017,15000000,€15.00m,Atlético de Madrid,21,2017,6
281963,07/04/2016,5000000,€5.00m,Atlético de Madrid,20,2016,4
281963,08/04/2020,56000000,€56.00m,Bayern Munich,24,2020,4
281963,09/06/2022,50000000,€50.00m,Bayern Munich,26,2022,6
281963,09/11/2022,50000000,€50.00m,Bayern Munich,26,2022,11
281963,10/02/2021,45000000,€45.00m,Bayern Munich,24,2021,2
281963,10/12/2024,32000000,€32.00m,Paris Saint-Germain,28,2024,12
281963,11/06/2019,70000000,€70.00m,Atlético de Madrid,23,2019,6
281963,15/07/2016,10000000,€10.00m,Atlético de Madrid,20,2016,7
281963,15/12/2025,20000000,€20.00m,Paris Saint-Germain,29,2025,12
281963,16/07/2018,40000000,€40.00m,Atlético de Madrid,22,2018,7
281963,16/09/2020,45000000,€45.00m,Bayern Munich,24,2020,9
281963,17/12/2019,70000000,€70.00m,Bayern Munich,23,2019,12
281963,18/12/2023,45000000,€45.00m,Paris Saint-Germain,27,2023,12
281963,21/12/2018,60000000,€60.00m,Atlético de Madrid,22,2018,12
281963,22/02/2016,2000000,€2.00m,Atlético de Madrid,20,2016,2
281963,22/03/2018,30000000,€30.00m,Atlético de Madrid,22,2018,3
281963,22/06/2023,45000000,€45.00m,Bayern Munich,27,2023,6
281963,22/12/2021,50000000,€50.00m,Bayern Munich,25,2021,12
281963,24/01/2017,10000000,€10.00m,Atlético de Madrid,20,2017,1
281963,24/03/2025,30000000,€30.00m,Paris Saint-Germain,29,2025,3
281963,25/08/2015,1000000,€1.00m,Atlético de Madrid,19,2015,8
281963,26/11/2020,50000000,€50.00m,Bayern Munich,24,2020,11
281963,28/02/2019,70000000,€70.00m,Atlético de Madrid,23,2019,2
281963,30/05/2018,35000000,€35.00m,Atlético de Madrid,22,2018,5
281963,31/10/2018,50000000,€50.00m,Atlético de Madrid,22,2018,10
282411,01/01/2018,15000000,€15.00m,Real Madrid,22,2017,12
282411,01/08/2016,800000,€800k,Real Madrid,21,2016,7
282411,03/06/2022,45000000,€45.00m,Atlético de Madrid,27,2022,6
282411,04/08/2014,0,-,Real Madrid Castilla,19,2014,8
282411,05/01/2021,50000000,€50.00m,Atlético de Madrid,25,2021,1
282411,05/06/2017,15000000,€15.00m,Deportivo Alavés,22,2017,6
282411,07/03/2014,200000,€200k,Real Madrid U19,19,2014,3
282411,07/06/2024,30000000,€30.00m,Atlético de Madrid,29,2024,6
282411,07/11/2022,35000000,€35.00m,Atlético de Madrid,27,2022,11
282411,08/04/2020,16000000,€16.00m,Atlético de Madrid,25,2020,4
282411,08/10/2020,40000000,€40.00m,Atlético de Madrid,25,2020,10
282411,09/06/2025,25000000,€25.00m,Atlético de Madrid,30,2025,6
282411,10/09/2019,30000000,€30.00m,Atlético de Madrid,24,2019,9
282411,11/06/2019,20000000,€20.00m,Real Madrid,24,2019,6
282411,12/12/2025,22000000,€22.00m,Atlético de Madrid,30,2025,12
282411,13/06/2023,35000000,€35.00m,Atlético de Madrid,28,2023,6
282411,19/03/2021,70000000,€70.00m,Atlético de Madrid,26,2021,3
282411,20/12/2019,20000000,€20.00m,Atlético de Madrid,24,2019,12
282411,21/12/2018,15000000,€15.00m,Real Madrid,23,2018,12
282411,22/03/2018,12000000,€12.00m,Real Madrid,23,2018,3
282411,22/12/2023,30000000,€30.00m,Atlético de Madrid,28,2023,12
282411,23/07/2020,40000000,€40.00m,Atlético de Madrid,25,2020,7
282411,23/09/2022,40000000,€40.00m,Atlético de Madrid,27,2022,9
282411,23/11/2020,45000000,€45.00m,Atlético de Madrid,25,2020,11
282411,24/01/2017,7500000,€7.50m,Deportivo Alavés,21,2017,1
282411,27/10/2016,5000000,€5.00m,Deportivo Alavés,21,2016,10
282411,27/12/2024,28000000,€28.00m,Atlético de Madrid,29,2024,12
282411,30/05/2018,12000000,€12.00m,Real Madrid,23,2018,5
282411,30/12/2021,60000000,€60.00m,Atlético de Madrid,26,2021,12
282411,31/05/2021,80000000,€80.00m,Atlético de Madrid,26,2021,5
282660,05/06/2018,2000000,€2.00m,Hertha BSC,21,2018,6
282660,05/06/2019,11000000,€11.00m,Hertha BSC,22,2019,6
282660,05/06/2025,20000000,€20.00m,VfB Stuttgart,28,2025,6
282660,06/03/2019,9000000,€9.00m,Hertha BSC,21,2019,3
282660,07/02/2017,500000,€500k,Hertha BSC,19,2017,2
282660,07/10/2021,4500000,€4.50m,Hertha BSC,24,2021,10
282660,08/04/2020,11000000,€11.00m,Hertha BSC,23,2020,4
282660,09/06/2021,7000000,€7.00m,Hertha BSC,24,2021,6
282660,09/06/2022,4500000,€4.50m,Hertha BSC,25,2022,6
282660,09/11/2022,2000000,€2.00m,Hertha BSC,25,2022,11
282660,10/02/2021,8000000,€8.00m,Hertha BSC,23,2021,2
282660,14/12/2023,5000000,€5.00m,VfB Stuttgart,26,2023,12
282660,15/02/2016,125000,€125k,Hertha BSC,18,2016,2
282660,16/09/2020,10000000,€10.00m,Hertha BSC,23,2020,9
282660,17/12/2019,14000000,€14.00m,Hertha BSC,22,2019,12
282660,18/12/2018,6000000,€6.00m,Hertha BSC,21,2018,12
282660,19/06/2017,1000000,€1.00m,Hertha BSC,20,2017,6
282660,19/12/2025,18000000,€18.00m,VfB Stuttgart,28,2025,12
282660,20/08/2015,100000,€100k,Hertha BSC,18,2015,8
282660,20/12/2024,20000000,€20.00m,VfB Stuttgart,27,2024,12
282660,21/09/2022,3000000,€3.00m,Hertha BSC,25,2022,9
282660,22/03/2017,750000,€750k,Hertha BSC,20,2017,3
282660,22/06/2023,2000000,€2.00m,Hertha BSC,26,2023,6
282660,22/07/2016,500000,€500k,Hertha BSC,19,2016,7
282660,22/10/2018,4000000,€4.00m,Hertha BSC,21,2018,10
282660,22/12/2021,4500000,€4.50m,Hertha BSC,24,2021,12
282660,27/03/2024,14000000,€14.00m,VfB Stuttgart,27,2024,3
282660,28/12/2017,1500000,€1.50m,Hertha BSC,20,2017,12
282660,29/05/2024,17000000,€17.00m,VfB Stuttgart,27,2024,5
284730,03/11/2022,30000000,€30.00m,Manchester City,27,2022,11
284730,04/04/2018,20000000,€20.00m,Borussia Dortmund,22,2018,4
284730,05/06/2018,22000000,€22.00m,Borussia Dortmund,22,2018,6
284730,05/06/2019,40000000,€40.00m,Borussia Dortmund,23,2019,6
284730,07/10/2025,22000000,€22.00m,Inter Milan,30,2025,10
284730,08/01/2018,5000000,€5.00m,FC Basel 1893,22,2018,1
284730,08/04/2020,20000000,€20.00m,Borussia Dortmund,24,2020,4
284730,09/06/2022,30000000,€30.00m,Borussia Dortmund,26,2022,6
284730,10/02/2021,25000000,€25.00m,Borussia Dortmund,25,2021,2
284730,11/03/2020,25000000,€25.00m,Borussia Dortmund,24,2020,3
284730,12/07/2017,2250000,€2.25m,FC Basel 1893,21,2017,7
284730,12/09/2014,100000,€100k,FC Winterthur,19,2014,9
284730,14/04/2017,1500000,€1.50m,FC Basel 1893,21,2017,4
284730,15/12/2014,250000,€250k,FC Winterthur,19,2014,12
284730,16/07/2016,750000,€750k,FC Basel 1893,20,2016,7
284730,16/07/2018,28000000,€28.00m,Borussia Dortmund,22,2018,7
284730,16/12/2024,40000000,€40.00m,Manchester City,29,2024,12
284730,17/12/2019,35000000,€35.00m,Borussia Dortmund,24,2019,12
284730,18/03/2025,32000000,€32.00m,Manchester City,29,2025,3
284730,18/12/2015,500000,€500k,FC Basel 1893,20,2015,12
284730,18/12/2018,40000000,€40.00m,Borussia Dortmund,23,2018,12
284730,19/12/2023,42000000,€42.00m,Manchester City,28,2023,12
284730,20/04/2016,750000,€750k,FC Basel 1893,20,2016,4
284730,20/06/2023,38000000,€38.00m,Manchester City,27,2023,6
284730,20/12/2016,750000,€750k,FC Basel 1893,21,2016,12
284730,22/10/2018,33000000,€33.00m,Borussia Dortmund,23,2018,10
284730,22/12/2021,30000000,€30.00m,Borussia Dortmund,26,2021,12
284730,23/12/2025,22000000,€22.00m,Inter Milan,30,2025,12
284730,25/05/2021,30000000,€30.00m,Borussia Dortmund,25,2021,5
284730,26/11/2020,25000000,€25.00m,Borussia Dortmund,25,2020,11
284730,27/05/2024,45000000,€45.00m,Manchester City,28,2024,5
284730,29/09/2017,3000000,€3.00m,FC Basel 1893,22,2017,9
284730,30/05/2025,28000000,€28.00m,Manchester City,29,2025,5
284857,01/01/2018,2500000,€2.50m,FC Barcelona B,19,2017,12
284857,03/11/2022,55000000,€55.00m,Chelsea FC,24,2022,11
284857,05/01/2021,20000000,€20.00m,Getafe CF,22,2021,1
284857,05/03/2020,20000000,€20.00m,Getafe CF,21,2020,3
284857,08/04/2020,18000000,€18.00m,Getafe CF,21,2020,4
284857,08/10/2020,20000000,€20.00m,Getafe CF,22,2020,10
284857,09/10/2023,28000000,€28.00m,Chelsea FC,25,2023,10
284857,09/12/2025,50000000,€50.00m,Chelsea FC,27,2025,12
284857,10/06/2021,20000000,€20.00m,Getafe CF,22,2021,6
284857,11/06/2019,10000000,€10.00m,SD Eibar,20,2019,6
284857,15/06/2022,28000000,€28.00m,Brighton & Hove Albion,23,2022,6
284857,15/09/2022,55000000,€55.00m,Chelsea FC,24,2022,9
284857,16/03/2023,40000000,€40.00m,Chelsea FC,24,2023,3
284857,16/12/2024,30000000,€30.00m,Chelsea FC,26,2024,12
284857,17/10/2025,45000000,€45.00m,Chelsea FC,27,2025,10
284857,18/07/2024,30000000,€30.00m,Chelsea FC,25,2024,7
284857,19/12/2023,25000000,€25.00m,Chelsea FC,25,2023,12
284857,20/06/2023,35000000,€35.00m,Chelsea FC,24,2023,6
284857,20/12/2019,15000000,€15.00m,Getafe CF,21,2019,12
284857,21/12/2018,7500000,€7.50m,SD Eibar,20,2018,12
284857,23/12/2021,20000000,€20.00m,Brighton & Hove Albion,23,2021,12
284857,27/05/2024,25000000,€25.00m,Chelsea FC,25,2024,5
284857,28/02/2019,10000000,€10.00m,SD Eibar,20,2019,2
284857,30/05/2018,5000000,€5.00m,FC Barcelona B,19,2018,5
284857,30/05/2025,35000000,€35.00m,Chelsea FC,26,2025,5
284857,30/06/2017,700000,€700k,FC Barcelona U19,18,2017,6
288225,01/06/2017,3000000,€3.00m,EA Guingamp,19,2017,5
288225,01/11/2016,1750000,€1.75m,EA Guingamp,18,2016,10
288225,02/11/2022,15000000,€15.00m,FC Nantes,24,2022,11
288225,03/06/2019,5000000,€5.00m,EA Guingamp,21,2019,6
288225,03/06/2024,15000000,€15.00m,Stade Rennais FC,26,2024,6
288225,03/06/2025,18000000,€18.00m,Stade Rennais FC,27,2025,6
288225,03/08/2020,10000000,€10.00m,FC Nantes,22,2020,8
288225,04/02/2016,300000,€300k,EA Guingamp,18,2016,2
288225,04/06/2018,5000000,€5.00m,EA Guingamp,20,2018,6
288225,04/06/2021,13000000,€13.00m,FC Nantes,23,2021,6
288225,07/01/2021,13000000,€13.00m,FC Nantes,23,2021,1
288225,08/04/2020,8000000,€8.00m,FC Nantes,22,2020,4
288225,08/10/2021,15000000,€15.00m,FC Nantes,23,2021,10
288225,10/12/2024,15000000,€15.00m,Stade Rennais FC,26,2024,12
288225,13/03/2020,10000000,€10.00m,FC Nantes,22,2020,3
288225,13/07/2016,800000,€800k,EA Guingamp,18,2016,7
288225,15/10/2020,12000000,€12.00m,FC Nantes,22,2020,10
288225,15/12/2025,15000000,€15.00m,Stade Rennais FC,27,2025,12
288225,16/01/2017,2250000,€2.25m,EA Guingamp,19,2017,1
288225,16/10/2023,22000000,€22.00m,Stade Rennais FC,25,2023,10
288225,16/12/2021,16000000,€16.00m,FC Nantes,23,2021,12
288225,17/12/2018,5000000,€5.00m,EA Guingamp,20,2018,12
288225,18/12/2023,20000000,€20.00m,Stade Rennais FC,25,2023,12
288225,19/03/2024,18000000,€18.00m,Stade Rennais FC,26,2024,3
288225,19/12/2019,9000000,€9.00m,FC Nantes,21,2019,12
288225,24/01/2018,5000000,€5.00m,EA Guingamp,20,2018,1
288225,24/03/2025,18000000,€18.00m,Stade Rennais FC,27,2025,3
288225,24/07/2015,150000,€150k,EA Guingamp,17,2015,7
288225,27/03/2023,18000000,€18.00m,FC Nantes,25,2023,3
288225,27/06/2023,20000000,€20.00m,FC Nantes,25,2023,6
288225,27/09/2019,7000000,€7.00m,FC Nantes,21,2019,9
288225,30/05/2022,16000000,€16.00m,FC Nantes,24,2022,5
288230,01/01/2018,80000000,€80.00m,FC Barcelona,20,2017,12
288230,01/06/2021,50000000,€50.00m,FC Barcelona,24,2021,5
288230,03/06/2022,30000000,€30.00m,FC Barcelona,25,2022,6
288230,03/06/2024,60000000,€60.00m,Paris Saint-Germain,27,2024,6
288230,03/06/2025,90000000,€90.00m,Paris Saint-Germain,28,2025,6
288230,04/02/2016,3000000,€3.00m,Stade Rennais FC,18,2016,2
288230,05/01/2021,50000000,€50.00m,FC Barcelona,23,2021,1
288230,05/03/2020,70000000,€70.00m,FC Barcelona,22,2020,3
288230,06/10/2015,250000,€250k,Stade Rennais FC,18,2015,10
288230,07/02/2017,28000000,€28.00m,Borussia Dortmund,19,2017,2
288230,07/11/2022,60000000,€60.00m,FC Barcelona,25,2022,11
288230,08/04/2020,56000000,€56.00m,FC Barcelona,22,2020,4
288230,08/10/2020,50000000,€50.00m,FC Barcelona,23,2020,10
288230,09/04/2016,12000000,€12.00m,Stade Rennais FC,18,2016,4
288230,10/10/2025,100000000,€100.00m,Paris Saint-Germain,28,2025,10
288230,10/12/2024,55000000,€55.00m,Paris Saint-Germain,27,2024,12
288230,11/06/2019,100000000,€100.00m,FC Barcelona,22,2019,6
288230,13/06/2023,60000000,€60.00m,FC Barcelona,26,2023,6
288230,13/10/2016,18000000,€18.00m,Borussia Dortmund,19,2016,10
288230,15/12/2025,100000000,€100.00m,Paris Saint-Germain,28,2025,12
288230,18/12/2023,60000000,€60.00m,Paris Saint-Germain,26,2023,12
288230,19/06/2017,33000000,€33.00m,Borussia Dortmund,20,2017,6
288230,20/12/2019,75000000,€75.00m,FC Barcelona,22,2019,12
288230,21/12/2018,80000000,€80.00m,FC Barcelona,21,2018,12
288230,22/07/2016,14000000,€14.00m,Borussia Dortmund,19,2016,7
288230,23/09/2022,50000000,€50.00m,FC Barcelona,25,2022,9
288230,24/03/2025,75000000,€75.00m,Paris Saint-Germain,27,2025,3
288230,28/02/2019,120000000,€120.00m,FC Barcelona,21,2019,2
288230,30/05/2018,80000000,€80.00m,FC Barcelona,21,2018,5
288230,30/12/2021,30000000,€30.00m,FC Barcelona,24,2021,12
291200,03/06/2025,15000000,€15.00m,Olympique Lyon,29,2025,6
291200,03/11/2022,18000000,€18.00m,Nottingham Forest,26,2022,11
291200,04/02/2016,300000,€300k,Valenciennes FC,19,2016,2
291200,04/06/2018,5000000,€5.00m,FC Metz,22,2018,6
291200,05/04/2015,150000,€150k,Valenciennes FC,19,2015,4
291200,05/06/2019,14000000,€14.00m,1.FSV Mainz 05,23,2019,6
291200,06/06/2015,300000,€300k,Valenciennes FC,19,2015,6
291200,07/10/2024,15000000,€15.00m,Olympique Lyon,28,2024,10
291200,08/04/2020,11000000,€11.00m,1.FSV Mainz 05,24,2020,4
291200,09/06/2021,15000000,€15.00m,1.FSV Mainz 05,25,2021,6
291200,09/06/2022,18000000,€18.00m,1.FSV Mainz 05,26,2022,6
291200,10/02/2021,7500000,€7.50m,1.FSV Mainz 05,24,2021,2
291200,10/12/2024,15000000,€15.00m,Olympique Lyon,28,2024,12
291200,13/07/2016,300000,€300k,Valenciennes FC,20,2016,7
291200,15/06/2017,400000,€400k,Valenciennes FC,21,2017,6
291200,15/12/2025,15000000,€15.00m,Olympique Lyon,29,2025,12
291200,17/12/2019,14000000,€14.00m,1.FSV Mainz 05,23,2019,12
291200,18/12/2018,10000000,€10.00m,1.FSV Mainz 05,22,2018,12
291200,19/12/2023,16000000,€16.00m,Nottingham Forest,27,2023,12
291200,20/03/2017,400000,€400k,Valenciennes FC,21,2017,3
291200,20/06/2023,18000000,€18.00m,Nottingham Forest,27,2023,6
291200,22/08/2018,6000000,€6.00m,1.FSV Mainz 05,22,2018,8
291200,22/12/2021,18000000,€18.00m,1.FSV Mainz 05,25,2021,12
291200,24/01/2018,3000000,€3.00m,FC Metz,21,2018,1
291200,26/11/2020,9000000,€9.00m,1.FSV Mainz 05,24,2020,11
291200,27/05/2024,16000000,€16.00m,Nottingham Forest,28,2024,5
291200,31/03/2021,10000000,€10.00m,1.FSV Mainz 05,25,2021,3
292808,03/11/2022,20000000,€20.00m,Leicester City,24,2022,11
292808,03/12/2025,12000000,€12.00m,Leicester City,27,2025,12
292808,04/06/2021,7000000,€7.00m,Stade Reims,23,2021,6
292808,06/10/2025,14000000,€14.00m,Leicester City,27,2025,10
292808,07/01/2021,4000000,€4.00m,Stade Reims,22,2021,1
292808,07/06/2017,350000,€350k,SC Heerenveen,19,2017,6
292808,08/04/2020,2700000,€2.70m,KV Oostende (-2024),22,2020,4
292808,09/04/2021,7000000,€7.00m,Stade Reims,23,2021,4
292808,10/06/2019,2500000,€2.50m,KV Oostende (-2024),21,2019,6
292808,11/09/2018,1000000,€1.00m,KV Oostende (-2024),20,2018,9
292808,12/06/2018,800000,€800k,SBV Excelsior,20,2018,6
292808,13/09/2019,3000000,€3.00m,KV Oostende (-2024),21,2019,9
292808,13/12/2019,3000000,€3.00m,KV Oostende (-2024),21,2019,12
292808,15/07/2016,350000,€350k,RSC Anderlecht,18,2016,7
292808,15/09/2022,15000000,€15.00m,Leicester City,24,2022,9
292808,15/10/2020,3000000,€3.00m,Stade Reims,22,2020,10
292808,16/12/2021,8000000,€8.00m,Stade Reims,23,2021,12
292808,16/12/2024,20000000,€20.00m,Leicester City,26,2024,12
292808,17/01/2018,400000,€400k,SBV Excelsior,19,2018,1
292808,20/06/2023,20000000,€20.00m,Leicester City,25,2023,6
292808,21/01/2017,350000,€350k,RSC Anderlecht,18,2017,1
292808,21/12/2023,20000000,€20.00m,Leicester City,25,2023,12
292808,24/05/2024,20000000,€20.00m,Leicester City,26,2024,5
292808,27/03/2018,700000,€700k,SBV Excelsior,19,2018,3
292808,27/12/2018,2000000,€2.00m,KV Oostende (-2024),20,2018,12
292808,30/05/2022,10000000,€10.00m,Stade Reims,24,2022,5
292808,30/05/2025,15000000,€15.00m,Leicester City,27,2025,5
293385,08/04/2020,31500000,€31.50m,RB Leipzig,21,2020,4
293385,09/06/2022,40000000,€40.00m,RB Leipzig,24,2022,6
293385,09/06/2025,60000000,€60.00m,FC Barcelona,27,2025,6
293385,09/11/2022,40000000,€40.00m,RB Leipzig,24,2022,11
293385,10/02/2021,38000000,€38.00m,RB Leipzig,22,2021,2
293385,11/03/2019,15000000,€15.00m,GNK Dinamo Zagreb,20,2019,3
293385,12/12/2025,60000000,€60.00m,FC Barcelona,27,2025,12
293385,13/03/2017,950000,€950k,GNK Dinamo Zagreb,18,2017,3
293385,14/03/2016,600000,€600k,GNK Dinamo Zagreb,17,2016,3
293385,14/09/2015,350000,€350k,GNK Dinamo Zagreb,17,2015,9
293385,14/09/2016,700000,€700k,GNK Dinamo Zagreb,18,2016,9
293385,14/12/2023,50000000,€50.00m,RB Leipzig,25,2023,12
293385,15/07/2021,50000000,€50.00m,RB Leipzig,23,2021,7
293385,16/09/2019,30000000,€30.00m,GNK Dinamo Zagreb,21,2019,9
293385,17/03/2015,300000,€300k,GNK Dinamo Zagreb,16,2015,3
293385,18/03/2018,3500000,€3.50m,GNK Dinamo Zagreb,19,2018,3
293385,18/07/2024,60000000,€60.00m,RB Leipzig,26,2024,7
293385,18/10/2023,50000000,€50.00m,RB Leipzig,25,2023,10
293385,22/06/2023,40000000,€40.00m,RB Leipzig,25,2023,6
293385,22/12/2021,50000000,€50.00m,RB Leipzig,23,2021,12
293385,23/10/2017,1500000,€1.50m,GNK Dinamo Zagreb,19,2017,10
293385,24/03/2022,45000000,€45.00m,RB Leipzig,23,2022,3
293385,25/09/2018,6500000,€6.50m,GNK Dinamo Zagreb,20,2018,9
293385,26/11/2020,33000000,€33.00m,RB Leipzig,22,2020,11
293385,27/12/2019,35000000,€35.00m,GNK Dinamo Zagreb,21,2019,12
293385,27/12/2024,60000000,€60.00m,FC Barcelona,26,2024,12
293385,29/05/2024,50000000,€50.00m,RB Leipzig,26,2024,5
293385,31/05/2021,45000000,€45.00m,RB Leipzig,23,2021,5
301238,05/06/2024,18000000,€18.00m,AC Monza,26,2024,6
301238,06/06/2022,3800000,€3.80m,AC Monza,24,2022,6
301238,08/04/2020,1000000,€1.00m,Pordenone Calcio,22,2020,4
301238,08/06/2016,50000,€50k,Inter Milan Primavera,18,2016,6
301238,11/11/2022,4500000,€4.50m,AC Monza,25,2022,11
301238,12/03/2024,15000000,€15.00m,AC Monza,26,2024,3
301238,13/12/2018,500000,€500k,Novara Calcio 1908,21,2018,12
301238,15/06/2023,8000000,€8.00m,AC Monza,25,2023,6
301238,16/09/2014,75000,€75k,Inter Milan Primavera,17,2014,9
301238,17/06/2015,75000,€75k,Inter Milan Primavera,17,2015,6
301238,17/06/2025,18000000,€18.00m,Juventus FC,27,2025,6
301238,18/12/2024,18000000,€18.00m,Juventus FC,27,2024,12
301238,19/06/2019,450000,€450k,Novara Calcio 1908,21,2019,6
301238,19/12/2017,450000,€450k,AC Renate,20,2017,12
301238,20/06/2018,600000,€600k,AC Renate,20,2018,6
301238,20/12/2023,12000000,€12.00m,AC Monza,26,2023,12
301238,21/03/2023,7000000,€7.00m,AC Monza,25,2023,3
301238,21/08/2020,3000000,€3.00m,Pordenone Calcio,23,2020,8
301238,22/02/2021,3000000,€3.00m,AC Monza,23,2021,2
301238,23/12/2025,18000000,€18.00m,Juventus FC,28,2025,12
301238,24/06/2021,3500000,€3.50m,AC Monza,23,2021,6
301238,26/06/2017,150000,€150k,Inter Milan Primavera,19,2017,6
301238,27/09/2022,4500000,€4.50m,AC Monza,25,2022,9
301238,27/11/2015,50000,€50k,Inter Milan Primavera,18,2015,11
301238,29/12/2021,3500000,€3.50m,AC Monza,24,2021,12
301238,30/12/2019,1300000,€1.30m,Pordenone Calcio,22,2019,12
303254,03/06/2021,28000000,€28.00m,AC Milan,23,2021,6
303254,05/06/2024,40000000,€40.00m,AC Milan,26,2024,6
303254,07/06/2022,50000000,€50.00m,AC Milan,24,2022,6
303254,08/04/2020,16000000,€16.00m,Chelsea FC,22,2020,4
303254,10/12/2019,20000000,€20.00m,Chelsea FC,21,2019,12
303254,11/11/2022,50000000,€50.00m,AC Milan,24,2022,11
303254,12/09/2019,10000000,€10.00m,Chelsea FC,21,2019,9
303254,13/10/2020,20000000,€20.00m,Chelsea FC,22,2020,10
303254,14/10/2021,40000000,€40.00m,AC Milan,23,2021,10
303254,15/06/2023,40000000,€40.00m,AC Milan,25,2023,6
303254,17/06/2025,20000000,€20.00m,AC Milan,27,2025,6
303254,17/12/2020,17000000,€17.00m,Chelsea FC,22,2020,12
303254,18/09/2017,500000,€500k,Hull City,19,2017,9
303254,18/10/2024,32000000,€32.00m,AC Milan,26,2024,10
303254,18/12/2024,22000000,€22.00m,AC Milan,26,2024,12
303254,20/12/2023,40000000,€40.00m,AC Milan,26,2023,12
303254,21/03/2023,45000000,€45.00m,AC Milan,25,2023,3
303254,23/03/2021,20000000,€20.00m,AC Milan,23,2021,3
303254,23/12/2025,20000000,€20.00m,AC Milan,28,2025,12
303254,24/09/2018,2500000,€2.50m,Derby County,20,2018,9
303254,25/03/2025,20000000,€20.00m,AC Milan,27,2025,3
303254,27/02/2017,250000,€250k,Brighton & Hove Albion,19,2017,2
303254,27/02/2018,1000000,€1.00m,Hull City,20,2018,2
303254,27/02/2019,7000000,€7.00m,Derby County,21,2019,2
303254,28/12/2021,45000000,€45.00m,AC Milan,24,2021,12
309400,01/06/2021,70000000,€70.00m,Chelsea FC,21,2021,5
309400,01/07/2016,100000,€100k,Bayer 04 Leverkusen,17,2016,6
309400,01/10/2024,75000000,€75.00m,Arsenal FC,25,2024,9
309400,03/11/2022,70000000,€70.00m,Chelsea FC,23,2022,11
309400,04/04/2018,25000000,€25.00m,Bayer 04 Leverkusen,18,2018,4
309400,05/06/2018,28000000,€28.00m,Bayer 04 Leverkusen,18,2018,6
309400,05/06/2019,90000000,€90.00m,Bayer 04 Leverkusen,19,2019,6
309400,07/02/2017,1500000,€1.50m,Bayer 04 Leverkusen,17,2017,2
309400,08/04/2020,81000000,€81.00m,Bayer 04 Leverkusen,20,2020,4
309400,09/10/2023,60000000,€60.00m,Arsenal FC,24,2023,10
309400,09/12/2025,55000000,€55.00m,Arsenal FC,26,2025,12
309400,13/10/2020,81000000,€81.00m,Chelsea FC,21,2020,10
309400,14/03/2024,60000000,€60.00m,Arsenal FC,24,2024,3
309400,15/06/2022,70000000,€70.00m,Chelsea FC,23,2022,6
309400,16/03/2023,60000000,€60.00m,Chelsea FC,23,2023,3
309400,16/12/2024,75000000,€75.00m,Arsenal FC,25,2024,12
309400,17/10/2025,60000000,€60.00m,Arsenal FC,26,2025,10
309400,17/12/2019,90000000,€90.00m,Bayer 04 Leverkusen,20,2019,12
309400,18/03/2021,70000000,€70.00m,Chelsea FC,21,2021,3
309400,18/03/2025,70000000,€70.00m,Arsenal FC,25,2025,3
309400,18/12/2018,65000000,€65.00m,Bayer 04 Leverkusen,19,2018,12
309400,19/06/2017,8000000,€8.00m,Bayer 04 Leverkusen,18,2017,6
309400,19/12/2023,55000000,€55.00m,Arsenal FC,24,2023,12
309400,20/06/2023,55000000,€55.00m,Chelsea FC,24,2023,6
309400,22/03/2017,5000000,€5.00m,Bayer 04 Leverkusen,17,2017,3
309400,22/08/2018,35000000,€35.00m,Bayer 04 Leverkusen,19,2018,8
309400,22/10/2018,55000000,€55.00m,Bayer 04 Leverkusen,19,2018,10
309400,23/12/2021,70000000,€70.00m,Chelsea FC,22,2021,12
309400,27/05/2024,70000000,€70.00m,Arsenal FC,24,2024,5
309400,28/12/2017,18000000,€18.00m,Bayer 04 Leverkusen,18,2017,12
309400,30/05/2025,65000000,€65.00m,Arsenal FC,25,2025,5
314353,02/01/2018,8000000,€8.00m,Liverpool FC,19,2018,1
314353,03/11/2022,70000000,€70.00m,Liverpool FC,24,2022,11
314353,05/03/2019,50000000,€50.00m,Liverpool FC,20,2019,3
314353,08/04/2020,99000000,€99.00m,Liverpool FC,21,2020,4
314353,10/12/2019,110000000,€110.00m,Liverpool FC,21,2019,12
314353,12/12/2025,70000000,€70.00m,Real Madrid,27,2025,12
314353,13/06/2019,80000000,€80.00m,Liverpool FC,20,2019,6
314353,13/10/2020,110000000,€110.00m,Liverpool FC,22,2020,10
314353,15/06/2022,80000000,€80.00m,Liverpool FC,23,2022,6
314353,16/03/2023,65000000,€65.00m,Liverpool FC,24,2023,3
314353,16/12/2024,75000000,€75.00m,Liverpool FC,26,2024,12
314353,17/10/2018,35000000,€35.00m,Liverpool FC,20,2018,10
314353,18/03/2021,100000000,€100.00m,Liverpool FC,22,2021,3
314353,19/12/2018,45000000,€45.00m,Liverpool FC,20,2018,12
314353,19/12/2023,70000000,€70.00m,Liverpool FC,25,2023,12
314353,20/02/2017,500000,€500k,Liverpool FC,18,2017,2
314353,20/06/2023,65000000,€65.00m,Liverpool FC,24,2023,6
314353,23/10/2017,5000000,€5.00m,Liverpool FC,19,2017,10
314353,23/12/2021,80000000,€80.00m,Liverpool FC,23,2021,12
314353,27/05/2024,70000000,€70.00m,Liverpool FC,25,2024,5
314353,28/05/2018,25000000,€25.00m,Liverpool FC,19,2018,5
314353,28/05/2021,75000000,€75.00m,Liverpool FC,22,2021,5
314353,28/06/2017,1500000,€1.50m,Liverpool FC,18,2017,6
314353,30/05/2025,75000000,€75.00m,Liverpool FC,26,2025,5
314353,30/07/2020,110000000,€110.00m,Liverpool FC,21,2020,7
314678,03/06/2021,15000000,€15.00m,AC Milan,21,2021,6
314678,07/06/2022,18000000,€18.00m,AC Milan,22,2022,6
314678,07/06/2024,40000000,€40.00m,Real Madrid,24,2024,6
314678,08/04/2020,13500000,€13.50m,Real Madrid,20,2020,4
314678,09/06/2025,40000000,€40.00m,Real Madrid,25,2025,6
314678,11/06/2019,17000000,€17.00m,Real Madrid,19,2019,6
314678,11/11/2022,20000000,€20.00m,AC Milan,23,2022,11
314678,12/12/2025,35000000,€35.00m,Real Madrid,26,2025,12
314678,14/10/2021,23000000,€23.00m,AC Milan,22,2021,10
314678,15/03/2022,22000000,€22.00m,AC Milan,22,2022,3
314678,15/06/2023,20000000,€20.00m,AC Milan,23,2023,6
314678,19/12/2018,5000000,€5.00m,Manchester City,19,2018,12
314678,20/12/2019,15000000,€15.00m,Real Madrid,20,2019,12
314678,21/03/2024,35000000,€35.00m,Real Madrid,24,2024,3
314678,21/03/2025,45000000,€45.00m,Real Madrid,25,2025,3
314678,22/12/2023,20000000,€20.00m,Real Madrid,24,2023,12
314678,23/03/2018,2500000,€2.50m,Manchester City,18,2018,3
314678,27/12/2024,35000000,€35.00m,Real Madrid,25,2024,12
314678,28/02/2019,17000000,€17.00m,Real Madrid,19,2019,2
314678,28/05/2018,5000000,€5.00m,Manchester City,18,2018,5
314678,28/12/2021,25000000,€25.00m,AC Milan,22,2021,12
314678,29/10/2020,14000000,€14.00m,AC Milan,21,2020,10
314678,29/12/2020,14000000,€14.00m,AC Milan,21,2020,12
315779,03/11/2022,38000000,€38.00m,Chelsea FC,24,2022,11
315779,05/06/2018,45000000,€45.00m,Borussia Dortmund,19,2018,6
315779,05/06/2019,60000000,€60.00m,Borussia Dortmund,20,2019,6
315779,05/06/2024,40000000,€40.00m,AC Milan,25,2024,6
315779,06/03/2019,60000000,€60.00m,Borussia Dortmund,20,2019,3
315779,07/02/2017,12000000,€12.00m,Borussia Dortmund,18,2017,2
315779,07/10/2025,60000000,€60.00m,AC Milan,27,2025,10
315779,08/04/2020,54000000,€54.00m,Chelsea FC,21,2020,4
315779,08/06/2021,50000000,€50.00m,Chelsea FC,22,2021,6
315779,10/12/2019,60000000,€60.00m,Chelsea FC,21,2019,12
315779,13/04/2016,1000000,€1.00m,Borussia Dortmund,17,2016,4
315779,13/10/2020,60000000,€60.00m,Chelsea FC,22,2020,10
315779,15/06/2022,42000000,€42.00m,Chelsea FC,23,2022,6
315779,16/03/2023,32000000,€32.00m,Chelsea FC,24,2023,3
315779,17/06/2025,50000000,€50.00m,AC Milan,26,2025,6
315779,18/03/2021,50000000,€50.00m,Chelsea FC,22,2021,3
315779,18/10/2017,45000000,€45.00m,Borussia Dortmund,19,2017,10
315779,18/10/2024,50000000,€50.00m,AC Milan,26,2024,10
315779,18/12/2018,50000000,€50.00m,Borussia Dortmund,20,2018,12
315779,18/12/2024,50000000,€50.00m,AC Milan,26,2024,12
315779,19/06/2017,18000000,€18.00m,Borussia Dortmund,18,2017,6
315779,20/06/2023,25000000,€25.00m,Chelsea FC,24,2023,6
315779,20/12/2023,32000000,€32.00m,AC Milan,25,2023,12
315779,22/07/2016,5000000,€5.00m,Borussia Dortmund,17,2016,7
315779,23/01/2016,500000,€500k,Borussia Dortmund,17,2016,1
315779,23/12/2021,45000000,€45.00m,Chelsea FC,23,2021,12
315779,23/12/2025,60000000,€60.00m,AC Milan,27,2025,12
315779,28/12/2017,45000000,€45.00m,Borussia Dortmund,19,2017,12
315779,30/07/2020,60000000,€60.00m,Chelsea FC,21,2020,7
315853,01/03/2019,15000000,€15.00m,Parma Calcio 1913,19,2019,2
315853,03/03/2020,35000000,€35.00m,Inter Milan,20,2020,3
315853,05/06/2024,70000000,€70.00m,Inter Milan,25,2024,6
315853,06/06/2019,15000000,€15.00m,Parma Calcio 1913,20,2019,6
315853,07/06/2018,2500000,€2.50m,Atalanta BC,19,2018,6
315853,07/06/2022,60000000,€60.00m,Inter Milan,23,2022,6
315853,08/04/2020,31500000,€31.50m,Inter Milan,20,2020,4
315853,08/06/2017,1500000,€1.50m,Atalanta BC,18,2017,6
315853,11/11/2022,55000000,€55.00m,Inter Milan,23,2022,11
315853,12/03/2024,70000000,€70.00m,Inter Milan,24,2024,3
315853,12/12/2019,23000000,€23.00m,Inter Milan,20,2019,12
315853,13/10/2017,2500000,€2.50m,Atalanta BC,18,2017,10
315853,15/06/2023,60000000,€60.00m,Inter Milan,24,2023,6
315853,17/06/2025,80000000,€80.00m,Inter Milan,26,2025,6
315853,17/10/2016,75000,€75k,Atalanta Primavera,17,2016,10
315853,18/12/2024,75000000,€75.00m,Inter Milan,25,2024,12
315853,20/12/2018,7500000,€7.50m,Parma Calcio 1913,19,2018,12
315853,20/12/2023,60000000,€60.00m,Inter Milan,24,2023,12
315853,23/03/2021,55000000,€55.00m,Inter Milan,21,2021,3
315853,23/12/2025,80000000,€80.00m,Inter Milan,26,2025,12
315853,25/03/2025,80000000,€80.00m,Inter Milan,25,2025,3
315853,25/05/2021,60000000,€60.00m,Inter Milan,22,2021,5
315853,25/08/2020,45000000,€45.00m,Inter Milan,21,2020,8
315853,28/03/2017,800000,€800k,Atalanta BC,17,2017,3
315853,28/12/2021,60000000,€60.00m,Inter Milan,22,2021,12
315853,29/12/2017,2500000,€2.50m,Atalanta BC,18,2017,12
315853,29/12/2020,50000000,€50.00m,Inter Milan,21,2020,12
315858,01/03/2019,50000000,€50.00m,AC Milan,20,2019,2
315858,01/04/2016,8000000,€8.00m,AC Milan,17,2016,3
315858,02/01/2017,20000000,€20.00m,AC Milan,17,2017,1
315858,02/03/2015,300000,€300k,Milan Primavera,16,2015,3
315858,02/11/2022,50000000,€50.00m,Paris Saint-Germain,23,2022,11
315858,03/06/2024,40000000,€40.00m,Paris Saint-Germain,25,2024,6
315858,03/06/2025,40000000,€40.00m,Paris Saint-Germain,26,2025,6
315858,04/01/2016,5000000,€5.00m,AC Milan,16,2016,1
315858,05/11/2015,1500000,€1.50m,AC Milan,16,2015,11
315858,06/06/2019,55000000,€55.00m,AC Milan,20,2019,6
315858,07/06/2018,40000000,€40.00m,AC Milan,19,2018,6
315858,08/04/2020,49500000,€49.50m,AC Milan,21,2020,4
315858,08/06/2017,25000000,€25.00m,AC Milan,18,2017,6
315858,09/12/2025,45000000,€45.00m,Manchester City,26,2025,12
315858,10/12/2024,35000000,€35.00m,Paris Saint-Germain,25,2024,12
315858,12/12/2019,55000000,€55.00m,AC Milan,20,2019,12
315858,14/10/2016,15000000,€15.00m,AC Milan,17,2016,10
315858,15/07/2016,10000000,€10.00m,AC Milan,17,2016,7
315858,15/07/2021,65000000,€65.00m,Paris Saint-Germain,22,2021,7
315858,16/12/2021,65000000,€65.00m,Paris Saint-Germain,22,2021,12
315858,17/06/2015,500000,€500k,Milan Primavera,16,2015,6
315858,18/12/2023,40000000,€40.00m,Paris Saint-Germain,24,2023,12
315858,20/12/2018,40000000,€40.00m,AC Milan,19,2018,12
315858,25/05/2021,60000000,€60.00m,AC Milan,22,2021,5
315858,25/08/2020,60000000,€60.00m,AC Milan,21,2020,8
315858,27/06/2023,45000000,€45.00m,Paris Saint-Germain,24,2023,6
315858,29/12/2017,40000000,€40.00m,AC Milan,18,2017,12
315858,29/12/2020,60000000,€60.00m,AC Milan,21,2020,12
315858,30/05/2022,50000000,€50.00m,Paris Saint-Germain,23,2022,5
315867,03/06/2021,15000000,€15.00m,Genoa CFC,22,2021,6
315867,03/11/2022,30000000,€30.00m,West Ham United,23,2022,11
315867,05/06/2024,35000000,€35.00m,Atalanta BC,25,2024,6
315867,06/06/2019,700000,€700k,US Sassuolo,20,2019,6
315867,07/06/2022,30000000,€30.00m,US Sassuolo,23,2022,6
315867,08/04/2020,2900000,€2.90m,Ascoli Calcio,21,2020,4
315867,11/10/2023,25000000,€25.00m,Atalanta BC,24,2023,10
315867,15/03/2022,30000000,€30.00m,US Sassuolo,23,2022,3
315867,16/03/2023,27000000,€27.00m,West Ham United,24,2023,3
315867,17/06/2025,24000000,€24.00m,Atalanta BC,26,2025,6
315867,18/06/2018,800000,€800k,US Cremonese,19,2018,6
315867,18/12/2024,30000000,€30.00m,Atalanta BC,25,2024,12
315867,20/06/2023,22000000,€22.00m,West Ham United,24,2023,6
315867,20/12/2023,25000000,€25.00m,Atalanta BC,24,2023,12
315867,21/08/2020,5000000,€5.00m,Ascoli Calcio,21,2020,8
315867,23/01/2016,100000,€100k,PSV Eindhoven U17,17,2016,1
315867,23/12/2025,25000000,€25.00m,Atalanta BC,26,2025,12
315867,25/03/2025,24000000,€24.00m,Atalanta BC,26,2025,3
315867,26/06/2017,150000,€150k,Sassuolo Primavera,18,2017,6
315867,28/12/2018,700000,€700k,PEC Zwolle,19,2018,12
315867,28/12/2021,20000000,€20.00m,US Sassuolo,22,2021,12
315867,29/12/2017,300000,€300k,US Sassuolo,18,2017,12
315867,29/12/2020,8000000,€8.00m,Genoa CFC,21,2020,12
315867,30/12/2019,3200000,€3.20m,Ascoli Calcio,20,2019,12
315969,02/01/2018,1000000,€1.00m,Manchester United,21,2018,1
315969,03/11/2022,30000000,€30.00m,Manchester United,25,2022,11
315969,08/04/2020,22500000,€22.50m,Manchester United,23,2020,4
315969,10/12/2019,28000000,€28.00m,Manchester United,23,2019,12
315969,12/09/2019,20000000,€20.00m,Manchester United,22,2019,9
315969,13/06/2019,12000000,€12.00m,Manchester United,22,2019,6
315969,13/10/2020,22500000,€22.50m,Manchester United,23,2020,10
315969,14/03/2024,32000000,€32.00m,Manchester United,27,2024,3
315969,15/06/2022,32000000,€32.00m,Manchester United,25,2022,6
315969,16/03/2023,25000000,€25.00m,Manchester United,26,2023,3
315969,17/06/2025,50000000,€50.00m,SSC Napoli,28,2025,6
315969,17/12/2020,25000000,€25.00m,Manchester United,24,2020,12
315969,18/03/2021,30000000,€30.00m,Manchester United,24,2021,3
315969,18/12/2024,40000000,€40.00m,SSC Napoli,28,2024,12
315969,19/12/2018,7000000,€7.00m,Manchester United,22,2018,12
315969,19/12/2023,28000000,€28.00m,Manchester United,27,2023,12
315969,20/06/2023,25000000,€25.00m,Manchester United,26,2023,6
315969,23/03/2018,7000000,€7.00m,Manchester United,21,2018,3
315969,23/12/2021,35000000,€35.00m,Manchester United,25,2021,12
315969,23/12/2025,45000000,€45.00m,SSC Napoli,29,2025,12
315969,27/05/2024,32000000,€32.00m,Manchester United,27,2024,5
315969,28/05/2018,7000000,€7.00m,Manchester United,21,2018,5
315969,28/05/2021,35000000,€35.00m,Manchester United,24,2021,5
316125,01/08/2016,2500000,€2.50m,Leicester City,19,2016,7
316125,01/10/2024,22000000,€22.00m,Chelsea FC,27,2024,9
316125,02/01/2018,3000000,€3.00m,Leicester City,21,2018,1
316125,03/11/2022,38000000,€38.00m,Chelsea FC,25,2022,11
316125,05/10/2021,38000000,€38.00m,Chelsea FC,24,2021,10
316125,08/04/2020,40000000,€40.00m,Leicester City,23,2020,4
316125,10/12/2019,50000000,€50.00m,Leicester City,22,2019,12
316125,13/06/2019,35000000,€35.00m,Leicester City,22,2019,6
316125,13/10/2020,50000000,€50.00m,Chelsea FC,23,2020,10
316125,15/06/2022,38000000,€38.00m,Chelsea FC,25,2022,6
316125,15/12/2025,12000000,€12.00m,RC Strasbourg Alsace,28,2025,12
316125,16/03/2023,35000000,€35.00m,Chelsea FC,26,2023,3
316125,16/12/2024,20000000,€20.00m,Chelsea FC,27,2024,12
316125,17/10/2018,15000000,€15.00m,Leicester City,21,2018,10
316125,18/03/2021,50000000,€50.00m,Chelsea FC,24,2021,3
316125,18/03/2025,18000000,€18.00m,Crystal Palace,28,2025,3
316125,19/12/2018,25000000,€25.00m,Leicester City,21,2018,12
316125,19/12/2023,30000000,€30.00m,Chelsea FC,26,2023,12
316125,20/02/2017,2500000,€2.50m,Leicester City,20,2017,2
316125,20/06/2023,35000000,€35.00m,Chelsea FC,26,2023,6
316125,23/12/2021,38000000,€38.00m,Chelsea FC,25,2021,12
316125,24/02/2016,1000000,€1.00m,Leicester City,19,2016,2
316125,27/05/2024,28000000,€28.00m,Chelsea FC,27,2024,5
316125,28/05/2018,8000000,€8.00m,Leicester City,21,2018,5
316125,28/05/2021,45000000,€45.00m,Chelsea FC,24,2021,5
316125,28/06/2017,2500000,€2.50m,Leicester City,20,2017,6
316125,30/05/2025,15000000,€15.00m,Crystal Palace,28,2025,5
316264,01/08/2016,2500000,€2.50m,Real Madrid Castilla,17,2016,7
316264,02/08/2014,1500000,€1.50m,Strømsgodset IF,15,2014,8
316264,03/11/2022,60000000,€60.00m,Arsenal FC,23,2022,11
316264,05/01/2021,40000000,€40.00m,Real Madrid,22,2021,1
316264,07/06/2017,1500000,€1.50m,SC Heerenveen,18,2017,6
316264,07/12/2014,4000000,€4.00m,Strømsgodset IF,15,2014,12
316264,08/04/2020,45000000,€45.00m,Real Sociedad,21,2020,4
316264,08/06/2021,40000000,€40.00m,Arsenal FC,22,2021,6
316264,08/10/2020,45000000,€45.00m,Real Madrid,21,2020,10
316264,09/12/2025,75000000,€75.00m,Arsenal FC,26,2025,12
316264,10/09/2019,20000000,€20.00m,Real Sociedad,20,2019,9
316264,12/06/2018,4000000,€4.00m,SC Heerenveen,19,2018,6
316264,12/06/2019,15000000,€15.00m,Vitesse Arnhem,20,2019,6
316264,13/03/2019,8000000,€8.00m,Vitesse Arnhem,20,2019,3
316264,14/03/2024,95000000,€95.00m,Arsenal FC,25,2024,3
316264,15/06/2022,45000000,€45.00m,Arsenal FC,23,2022,6
316264,15/09/2022,50000000,€50.00m,Arsenal FC,23,2022,9
316264,16/03/2023,80000000,€80.00m,Arsenal FC,24,2023,3
316264,16/12/2024,110000000,€110.00m,Arsenal FC,25,2024,12
316264,17/01/2018,3500000,€3.50m,SC Heerenveen,19,2018,1
316264,17/10/2025,80000000,€80.00m,Arsenal FC,26,2025,10
316264,18/01/2017,2000000,€2.00m,SC Heerenveen,18,2017,1
316264,18/03/2021,40000000,€40.00m,Arsenal FC,22,2021,3
316264,18/03/2025,100000000,€100.00m,Arsenal FC,26,2025,3
316264,19/12/2023,90000000,€90.00m,Arsenal FC,25,2023,12
316264,20/06/2023,90000000,€90.00m,Arsenal FC,24,2023,6
316264,20/12/2019,50000000,€50.00m,Real Sociedad,21,2019,12
316264,23/01/2015,4000000,€4.00m,Real Madrid Castilla,16,2015,1
316264,23/12/2021,42000000,€42.00m,Arsenal FC,23,2021,12
316264,27/05/2024,110000000,€110.00m,Arsenal FC,25,2024,5
316264,27/10/2016,2000000,€2.00m,Real Madrid Castilla,17,2016,10
316264,28/12/2018,4000000,€4.00m,Vitesse Arnhem,20,2018,12
316264,30/05/2025,85000000,€85.00m,Arsenal FC,26,2025,5
318204,05/06/2025,20000000,€20.00m,RB Leipzig,27,2025,6
318204,07/10/2021,8500000,€8.50m,TSG 1899 Hoffenheim,23,2021,10
318204,08/01/2019,600000,€600k,SpVgg Greuther Fürth,20,2019,1
318204,08/02/2021,3000000,€3.00m,SpVgg Greuther Fürth,22,2021,2
318204,08/04/2020,400000,€400k,SpVgg Greuther Fürth,21,2020,4
318204,09/06/2022,20000000,€20.00m,TSG 1899 Hoffenheim,24,2022,6
318204,09/10/2024,25000000,€25.00m,RB Leipzig,26,2024,10
318204,09/11/2022,26000000,€26.00m,RB Leipzig,24,2022,11
318204,12/06/2019,500000,€500k,SpVgg Greuther Fürth,21,2019,6
318204,13/12/2019,450000,€450k,SpVgg Greuther Fürth,21,2019,12
318204,14/12/2023,17000000,€17.00m,RB Leipzig,25,2023,12
318204,16/06/2021,5000000,€5.00m,SpVgg Greuther Fürth,23,2021,6
318204,18/11/2020,800000,€800k,SpVgg Greuther Fürth,22,2020,11
318204,19/06/2018,600000,€600k,SpVgg Greuther Fürth,20,2018,6
318204,19/12/2025,20000000,€20.00m,RB Leipzig,27,2025,12
318204,20/12/2024,25000000,€25.00m,RB Leipzig,26,2024,12
318204,21/09/2022,26000000,€26.00m,RB Leipzig,24,2022,9
318204,22/01/2018,350000,€350k,SpVgg Greuther Fürth,19,2018,1
318204,22/06/2023,14000000,€14.00m,RB Leipzig,25,2023,6
318204,22/12/2021,12000000,€12.00m,TSG 1899 Hoffenheim,23,2021,12
318204,23/01/2017,125000,€125k,SpVgg Greuther Fürth U19,18,2017,1
318204,24/03/2022,17000000,€17.00m,TSG 1899 Hoffenheim,23,2022,3
318204,27/06/2017,125000,€125k,SpVgg Greuther Fürth,19,2017,6
318204,29/03/2021,3500000,€3.50m,SpVgg Greuther Fürth,22,2021,3
318204,29/03/2023,20000000,€20.00m,RB Leipzig,24,2023,3
318204,29/05/2024,20000000,€20.00m,RB Leipzig,26,2024,5
318470,01/06/2017,250000,€250k,FC Krasnodar II,18,2017,5
318470,02/06/2022,16000000,€16.00m,FC Krasnodar,23,2022,6
318470,02/12/2016,250000,€250k,FC Krasnodar II,17,2016,12
318470,03/06/2025,20000000,€20.00m,Paris Saint-Germain,26,2025,6
318470,04/06/2024,20000000,€20.00m,FC Krasnodar,25,2024,6
318470,06/06/2018,300000,€300k,FC Krasnodar II,19,2018,6
318470,08/04/2020,9000000,€9.00m,FC Krasnodar,21,2020,4
318470,10/10/2025,18000000,€18.00m,Paris Saint-Germain,26,2025,10
318470,10/12/2024,22000000,€22.00m,Paris Saint-Germain,25,2024,12
318470,13/12/2023,18000000,€18.00m,FC Krasnodar,24,2023,12
318470,14/06/2019,6000000,€6.00m,FC Krasnodar,20,2019,6
318470,14/06/2023,16000000,€16.00m,FC Krasnodar,24,2023,6
318470,15/10/2018,400000,€400k,FC Krasnodar 2,19,2018,10
318470,15/12/2025,15000000,€15.00m,Paris Saint-Germain,26,2025,12
318470,19/10/2020,11000000,€11.00m,FC Krasnodar,21,2020,10
318470,20/12/2018,900000,€900k,FC Krasnodar 2,19,2018,12
318470,21/11/2022,15000000,€15.00m,FC Krasnodar,23,2022,11
318470,23/12/2019,10000000,€10.00m,FC Krasnodar,20,2019,12
318470,24/04/2019,2500000,€2.50m,FC Krasnodar,20,2019,4
318470,24/11/2017,300000,€300k,FC Krasnodar II,18,2017,11
318470,25/08/2015,200000,€200k,FC Krasnodar II,16,2015,8
318470,26/05/2021,14000000,€14.00m,FC Krasnodar,22,2021,5
318470,29/07/2020,9500000,€9.50m,FC Krasnodar,21,2020,7
318470,29/12/2020,15000000,€15.00m,FC Krasnodar,21,2020,12
318470,29/12/2021,16000000,€16.00m,FC Krasnodar,22,2021,12
318528,01/06/2021,35000000,€35.00m,Borussia Mönchengladbach,23,2021,5
318528,02/10/2019,12000000,€12.00m,Borussia Mönchengladbach,22,2019,10
318528,03/06/2019,9000000,€9.00m,EA Guingamp,21,2019,6
318528,04/02/2016,300000,€300k,FC Sochaux-Montbéliard,18,2016,2
318528,04/06/2018,2000000,€2.00m,EA Guingamp,20,2018,6
318528,05/06/2024,65000000,€65.00m,Inter Milan,26,2024,6
318528,06/09/2015,300000,€300k,FC Sochaux-Montbéliard,18,2015,9
318528,07/03/2019,9000000,€9.00m,EA Guingamp,21,2019,3
318528,07/10/2021,28000000,€28.00m,Borussia Mönchengladbach,24,2021,10
318528,08/04/2020,22500000,€22.50m,Borussia Mönchengladbach,22,2020,4
318528,08/07/2020,32000000,€32.00m,Borussia Mönchengladbach,22,2020,7
318528,09/06/2022,20000000,€20.00m,Borussia Mönchengladbach,24,2022,6
318528,09/11/2022,30000000,€30.00m,Borussia Mönchengladbach,25,2022,11
318528,10/02/2021,40000000,€40.00m,Borussia Mönchengladbach,23,2021,2
318528,11/10/2023,40000000,€40.00m,Inter Milan,26,2023,10
318528,12/03/2024,60000000,€60.00m,Inter Milan,26,2024,3
318528,13/07/2016,300000,€300k,FC Sochaux-Montbéliard,18,2016,7
318528,15/06/2017,600000,€600k,FC Sochaux-Montbéliard,19,2017,6
318528,17/06/2025,75000000,€75.00m,Inter Milan,27,2025,6
318528,17/12/2018,4500000,€4.50m,EA Guingamp,21,2018,12
318528,17/12/2019,28000000,€28.00m,Borussia Mönchengladbach,22,2019,12
318528,18/12/2024,75000000,€75.00m,Inter Milan,27,2024,12
318528,20/03/2017,300000,€300k,FC Sochaux-Montbéliard,19,2017,3
318528,20/12/2023,55000000,€55.00m,Inter Milan,26,2023,12
318528,22/06/2023,32000000,€32.00m,Borussia Mönchengladbach,25,2023,6
318528,22/12/2021,28000000,€28.00m,Borussia Mönchengladbach,24,2021,12
318528,23/12/2022,32000000,€32.00m,Borussia Mönchengladbach,25,2022,12
318528,23/12/2025,60000000,€60.00m,Inter Milan,28,2025,12
318528,24/01/2018,2000000,€2.00m,EA Guingamp,20,2018,1
318528,24/03/2022,20000000,€20.00m,Borussia Mönchengladbach,24,2022,3
318528,24/10/2018,3000000,€3.00m,EA Guingamp,21,2018,10
318528,26/11/2020,40000000,€40.00m,Borussia Mönchengladbach,23,2020,11
318528,31/03/2021,35000000,€35.00m,Borussia Mönchengladbach,23,2021,3
320748,01/10/2025,14000000,€14.00m,Fenerbahce,26,2025,9
320748,02/06/2021,8000000,€8.00m,Dynamo Moscow,22,2021,6
320748,02/06/2022,14000000,€14.00m,Dynamo Moscow,23,2022,6
320748,03/07/2018,3000000,€3.00m,Legia Warszawa,19,2018,7
320748,04/10/2024,19000000,€19.00m,Fenerbahce,25,2024,10
320748,05/07/2017,150000,€150k,Legia Warszawa,18,2017,7
320748,08/04/2020,5400000,€5.40m,Dinamo Moscow,20,2020,4
320748,11/11/2022,14000000,€14.00m,Feyenoord Rotterdam,23,2022,11
320748,15/03/2024,20000000,€20.00m,Fenerbahce,24,2024,3
320748,16/01/2018,550000,€550k,Legia Warszawa,18,2018,1
320748,17/12/2025,12000000,€12.00m,Fenerbahce,26,2025,12
320748,18/06/2025,15000000,€15.00m,Fenerbahce,26,2025,6
320748,19/10/2020,7000000,€7.00m,Dynamo Moscow,21,2020,10
320748,20/03/2025,17000000,€17.00m,Fenerbahce,25,2025,3
320748,21/01/2017,150000,€150k,Legia Warszawa,17,2017,1
320748,21/12/2023,20000000,€20.00m,Fenerbahce,24,2023,12
320748,23/06/2023,18000000,€18.00m,Feyenoord Rotterdam,24,2023,6
320748,23/12/2019,6000000,€6.00m,Dinamo Moscow,20,2019,12
320748,23/12/2024,17000000,€17.00m,Fenerbahce,25,2024,12
320748,25/01/2019,6000000,€6.00m,Legia Warszawa,19,2019,1
320748,27/09/2023,18000000,€18.00m,Fenerbahce,24,2023,9
320748,29/06/2019,6000000,€6.00m,Legia Warszawa,20,2019,6
320748,29/07/2020,5500000,€5.50m,Dynamo Moscow,21,2020,7
320748,29/12/2020,8000000,€8.00m,Dynamo Moscow,21,2020,12
320748,29/12/2021,13000000,€13.00m,Dynamo Moscow,22,2021,12
320748,31/05/2024,19000000,€19.00m,Fenerbahce,25,2024,5
321528,01/07/2015,50000,€50k,Sparta Rotterdam,19,2015,6
321528,04/10/2018,6000000,€6.00m,PSV Eindhoven,22,2018,10
321528,05/02/2016,150000,€150k,Sparta Rotterdam,19,2016,2
321528,05/06/2024,24000000,€24.00m,Inter Milan,28,2024,6
321528,06/01/2021,18000000,€18.00m,PSV Eindhoven,24,2021,1
321528,07/06/2017,1000000,€1.00m,Sparta Rotterdam,21,2017,6
321528,07/06/2022,25000000,€25.00m,Inter Milan,26,2022,6
321528,08/04/2020,12000000,€12.00m,PSV Eindhoven,23,2020,4
321528,11/11/2022,28000000,€28.00m,Inter Milan,26,2022,11
321528,12/03/2020,15000000,€15.00m,PSV Eindhoven,23,2020,3
321528,12/03/2024,27000000,€27.00m,Inter Milan,27,2024,3
321528,12/06/2018,4000000,€4.00m,SC Heerenveen,22,2018,6
321528,12/06/2019,15000000,€15.00m,PSV Eindhoven,23,2019,6
321528,14/10/2020,15000000,€15.00m,PSV Eindhoven,24,2020,10
321528,15/03/2022,20000000,€20.00m,Inter Milan,25,2022,3
321528,15/06/2023,28000000,€28.00m,Inter Milan,27,2023,6
321528,15/07/2016,250000,€250k,Sparta Rotterdam,20,2016,7
321528,17/01/2018,2500000,€2.50m,SC Heerenveen,21,2018,1
321528,17/06/2025,35000000,€35.00m,Inter Milan,29,2025,6
321528,17/10/2016,600000,€600k,Sparta Rotterdam,20,2016,10
321528,18/01/2017,800000,€800k,Sparta Rotterdam,20,2017,1
321528,18/10/2024,20000000,€20.00m,Inter Milan,28,2024,10
321528,18/12/2019,13500000,€13.50m,PSV Eindhoven,23,2019,12
321528,18/12/2024,20000000,€20.00m,Inter Milan,28,2024,12
321528,20/12/2023,30000000,€30.00m,Inter Milan,27,2023,12
321528,21/02/2015,50000,€50k,Sparta Rotterdam U21,18,2015,2
321528,23/12/2025,25000000,€25.00m,Inter Milan,29,2025,12
321528,25/03/2025,28000000,€28.00m,Inter Milan,28,2025,3
321528,26/10/2017,1500000,€1.50m,SC Heerenveen,21,2017,10
321528,27/05/2021,16000000,€16.00m,PSV Eindhoven,25,2021,5
321528,28/12/2018,12000000,€12.00m,PSV Eindhoven,22,2018,12
321528,28/12/2021,16000000,€16.00m,Inter Milan,25,2021,12
321528,30/10/2014,25000,€25k,Sparta Rotterdam U21,18,2014,10
323167,03/03/2020,3000000,€3.00m,AC Milan,20,2020,3
323167,03/06/2021,8500000,€8.50m,AC Milan,21,2021,6
323167,05/06/2024,8000000,€8.00m,AC Milan,24,2024,6
323167,07/06/2018,500000,€500k,AC Milan,18,2018,6
323167,07/06/2022,6000000,€6.00m,AC Milan,22,2022,6
323167,07/10/2025,16000000,€16.00m,AC Milan,25,2025,10
323167,08/04/2020,2700000,€2.70m,AC Milan,20,2020,4
323167,11/11/2022,7000000,€7.00m,AC Milan,23,2022,11
323167,12/03/2024,6000000,€6.00m,AC Milan,24,2024,3
323167,12/12/2019,500000,€500k,AC Milan,20,2019,12
323167,13/12/2018,500000,€500k,AS Lucchese Libertas,19,2018,12
323167,15/06/2023,5000000,€5.00m,AC Milan,23,2023,6
323167,17/06/2025,14000000,€14.00m,AC Milan,25,2025,6
323167,18/05/2017,200000,€200k,Milan Primavera,17,2017,5
323167,18/10/2024,12000000,€12.00m,AC Milan,24,2024,10
323167,18/12/2024,20000000,€20.00m,AC Milan,25,2024,12
323167,19/06/2019,500000,€500k,AS Lucchese Libertas,19,2019,6
323167,22/12/2023,4000000,€4.00m,Villarreal CF,24,2023,12
323167,23/12/2025,20000000,€20.00m,AC Milan,26,2025,12
323167,25/03/2025,14000000,€14.00m,AC Milan,25,2025,3
323167,25/08/2020,4500000,€4.50m,AC Milan,20,2020,8
323167,28/12/2021,7000000,€7.00m,AC Milan,22,2021,12
323167,29/12/2017,500000,€500k,AC Milan,18,2017,12
323167,29/12/2020,9000000,€9.00m,AC Milan,21,2020,12
323167,31/10/2016,75000,€75k,Milan Primavera,17,2016,10
324278,02/10/2019,800000,€800k,TSG 1899 Hoffenheim,20,2019,10
324278,05/06/2019,500000,€500k,TSG 1899 Hoffenheim,19,2019,6
324278,05/06/2025,12000000,€12.00m,RB Leipzig,25,2025,6
324278,05/07/2018,350000,€350k,TSG 1899 Hoffenheim II,18,2018,7
324278,06/08/2018,350000,€350k,TSG 1899 Hoffenheim II,19,2018,8
324278,08/04/2020,5400000,€5.40m,TSG 1899 Hoffenheim,20,2020,4
324278,08/07/2020,12000000,€12.00m,TSG 1899 Hoffenheim,20,2020,7
324278,09/06/2022,22000000,€22.00m,TSG 1899 Hoffenheim,22,2022,6
324278,09/11/2022,20000000,€20.00m,TSG 1899 Hoffenheim,23,2022,11
324278,10/02/2021,22000000,€22.00m,TSG 1899 Hoffenheim,21,2021,2
324278,11/02/2019,350000,€350k,TSG 1899 Hoffenheim,19,2019,2
324278,11/02/2020,6000000,€6.00m,TSG 1899 Hoffenheim,20,2020,2
324278,14/12/2023,24000000,€24.00m,RB Leipzig,24,2023,12
324278,17/12/2019,2000000,€2.00m,TSG 1899 Hoffenheim,20,2019,12
324278,19/12/2025,20000000,€20.00m,RB Leipzig,26,2025,12
324278,20/12/2024,18000000,€18.00m,RB Leipzig,25,2024,12
324278,22/06/2023,24000000,€24.00m,TSG 1899 Hoffenheim,23,2023,6
324278,22/12/2021,22000000,€22.00m,TSG 1899 Hoffenheim,22,2021,12
324278,26/11/2020,18000000,€18.00m,TSG 1899 Hoffenheim,21,2020,11
324278,27/03/2024,20000000,€20.00m,RB Leipzig,24,2024,3
324278,27/03/2025,15000000,€15.00m,RB Leipzig,25,2025,3
324278,27/05/2021,22000000,€22.00m,TSG 1899 Hoffenheim,21,2021,5
324278,29/05/2024,18000000,€18.00m,RB Leipzig,24,2024,5
325443,01/06/2023,13000000,€13.00m,Coventry City,24,2023,5
325443,02/04/2020,900000,€900k,FC St. Pauli,21,2020,4
325443,06/06/2024,65000000,€65.00m,Sporting CP,26,2024,6
325443,08/03/2024,55000000,€55.00m,Sporting CP,25,2024,3
325443,08/04/2020,800000,€800k,FC St. Pauli,21,2020,4
325443,08/06/2021,1000000,€1.00m,Brighton & Hove Albion,23,2021,6
325443,08/10/2024,70000000,€70.00m,Sporting CP,26,2024,10
325443,09/12/2025,70000000,€70.00m,Arsenal FC,27,2025,12
325443,10/03/2021,800000,€800k,Coventry City,22,2021,3
325443,13/05/2022,5000000,€5.00m,Coventry City,23,2022,5
325443,13/12/2019,750000,€750k,FC St. Pauli,21,2019,12
325443,14/07/2017,300000,€300k,IF Brommapojkarna,19,2017,7
325443,15/07/2020,1000000,€1.00m,Brighton & Hove Albion,22,2020,7
325443,15/10/2020,1000000,€1.00m,Swansea City,22,2020,10
325443,19/12/2024,75000000,€75.00m,Sporting CP,26,2024,12
325443,20/11/2017,500000,€500k,IF Brommapojkarna,19,2017,11
325443,24/03/2023,8000000,€8.00m,Coventry City,24,2023,3
325443,24/11/2021,2500000,€2.50m,Coventry City,23,2021,11
325443,25/09/2019,500000,€500k,FC St. Pauli,21,2019,9
325443,27/10/2022,5000000,€5.00m,Coventry City,24,2022,10
325443,27/12/2023,45000000,€45.00m,Sporting CP,25,2023,12
325443,29/09/2023,32000000,€32.00m,Sporting CP,25,2023,9
325443,30/05/2025,75000000,€75.00m,Sporting CP,26,2025,5
326029,04/10/2018,2500000,€2.50m,PSV Eindhoven,19,2018,10
326029,08/04/2020,25000000,€25.00m,PSV Eindhoven,21,2020,4
326029,09/03/2021,30000000,€30.00m,PSV Eindhoven,22,2021,3
326029,09/06/2022,27000000,€27.00m,Borussia Dortmund,23,2022,6
326029,09/11/2022,20000000,€20.00m,Borussia Dortmund,23,2022,11
326029,09/12/2025,25000000,€25.00m,Aston Villa,26,2025,12
326029,12/06/2018,750000,€750k,PSV Eindhoven U21,19,2018,6
326029,12/06/2019,7000000,€7.00m,PSV Eindhoven,20,2019,6
326029,14/10/2020,25000000,€25.00m,PSV Eindhoven,21,2020,10
326029,14/12/2023,35000000,€35.00m,Borussia Dortmund,24,2023,12
326029,17/01/2018,500000,€500k,PSV Eindhoven U21,18,2018,1
326029,18/03/2025,25000000,€25.00m,Aston Villa,26,2025,3
326029,18/10/2023,35000000,€35.00m,Borussia Dortmund,24,2023,10
326029,18/12/2019,28000000,€28.00m,PSV Eindhoven,20,2019,12
326029,19/09/2019,18000000,€18.00m,PSV Eindhoven,20,2019,9
326029,20/12/2024,28000000,€28.00m,Borussia Dortmund,25,2024,12
326029,22/06/2023,28000000,€28.00m,Borussia Dortmund,24,2023,6
326029,22/12/2021,30000000,€30.00m,Borussia Dortmund,22,2021,12
326029,24/03/2022,27000000,€27.00m,Borussia Dortmund,23,2022,3
326029,27/03/2024,40000000,€40.00m,Borussia Dortmund,25,2024,3
326029,27/05/2021,30000000,€30.00m,PSV Eindhoven,22,2021,5
326029,28/12/2018,5000000,€5.00m,PSV Eindhoven,19,2018,12
326029,29/03/2023,16000000,€16.00m,Borussia Dortmund,24,2023,3
326029,29/05/2024,40000000,€40.00m,Borussia Dortmund,25,2024,5
326029,30/05/2025,25000000,€25.00m,Aston Villa,26,2025,5
326029,31/08/2017,200000,€200k,PSV Eindhoven U21,18,2017,8
326031,01/07/2016,100000,€100k,Ajax Amsterdam U21,16,2016,6
326031,01/10/2024,55000000,€55.00m,Manchester United,25,2024,9
326031,04/10/2018,50000000,€50.00m,Ajax Amsterdam,19,2018,10
326031,07/06/2017,5000000,€5.00m,Ajax Amsterdam,17,2017,6
326031,07/06/2022,70000000,€70.00m,Juventus FC,22,2022,6
326031,08/04/2020,67500000,€67.50m,Juventus FC,20,2020,4
326031,09/11/2022,70000000,€70.00m,Bayern Munich,23,2022,11
326031,09/12/2025,40000000,€40.00m,Manchester United,26,2025,12
326031,12/06/2018,40000000,€40.00m,Ajax Amsterdam,18,2018,6
326031,12/06/2019,75000000,€75.00m,Ajax Amsterdam,19,2019,6
326031,12/12/2019,75000000,€75.00m,Juventus FC,20,2019,12
326031,13/03/2019,70000000,€70.00m,Ajax Amsterdam,19,2019,3
326031,14/10/2021,70000000,€70.00m,Juventus FC,22,2021,10
326031,14/12/2023,65000000,€65.00m,Bayern Munich,24,2023,12
326031,15/03/2022,70000000,€70.00m,Juventus FC,22,2022,3
326031,16/12/2024,45000000,€45.00m,Manchester United,25,2024,12
326031,17/01/2018,16000000,€16.00m,Ajax Amsterdam,18,2018,1
326031,18/01/2017,1000000,€1.00m,Ajax Amsterdam,17,2017,1
326031,18/03/2025,40000000,€40.00m,Manchester United,25,2025,3
326031,18/10/2023,70000000,€70.00m,Bayern Munich,24,2023,10
326031,22/06/2023,75000000,€75.00m,Bayern Munich,23,2023,6
326031,25/08/2020,70000000,€70.00m,Juventus FC,21,2020,8
326031,27/03/2018,25000000,€25.00m,Ajax Amsterdam,18,2018,3
326031,27/05/2021,75000000,€75.00m,Juventus FC,21,2021,5
326031,28/12/2018,65000000,€65.00m,Ajax Amsterdam,19,2018,12
326031,28/12/2021,65000000,€65.00m,Juventus FC,22,2021,12
326031,29/03/2023,75000000,€75.00m,Bayern Munich,23,2023,3
326031,29/05/2024,65000000,€65.00m,Bayern Munich,24,2024,5
326031,29/12/2020,75000000,€75.00m,Juventus FC,21,2020,12
326031,30/05/2025,38000000,€38.00m,Manchester United,25,2025,5
326330,01/07/2015,250000,€250k,Willem II Tilburg,18,2015,6
326330,01/07/2016,600000,€600k,Ajax Amsterdam,19,2016,6
326330,03/06/2022,60000000,€60.00m,FC Barcelona,25,2022,6
326330,04/10/2018,40000000,€40.00m,Ajax Amsterdam,21,2018,10
326330,05/01/2021,65000000,€65.00m,FC Barcelona,23,2021,1
326330,05/02/2016,400000,€400k,Ajax Amsterdam U21,18,2016,2
326330,07/06/2017,2000000,€2.00m,Ajax Amsterdam,20,2017,6
326330,07/06/2024,70000000,€70.00m,FC Barcelona,27,2024,6
326330,07/11/2022,50000000,€50.00m,FC Barcelona,25,2022,11
326330,08/04/2016,600000,€600k,Ajax Amsterdam U21,18,2016,4
326330,08/04/2020,72000000,€72.00m,FC Barcelona,22,2020,4
326330,08/10/2020,70000000,€70.00m,FC Barcelona,23,2020,10
326330,09/06/2025,45000000,€45.00m,FC Barcelona,28,2025,6
326330,11/05/2015,50000,€50k,Willem II Tilburg,17,2015,5
326330,11/10/2024,60000000,€60.00m,FC Barcelona,27,2024,10
326330,11/11/2015,400000,€400k,Willem II Tilburg,18,2015,11
326330,12/06/2018,7000000,€7.00m,Ajax Amsterdam,21,2018,6
326330,12/06/2019,85000000,€85.00m,Ajax Amsterdam,22,2019,6
326330,12/12/2025,45000000,€45.00m,FC Barcelona,28,2025,12
326330,13/03/2019,75000000,€75.00m,Ajax Amsterdam,21,2019,3
326330,13/06/2023,75000000,€75.00m,FC Barcelona,26,2023,6
326330,13/10/2023,90000000,€90.00m,FC Barcelona,26,2023,10
326330,17/01/2018,7000000,€7.00m,Ajax Amsterdam,20,2018,1
326330,18/01/2017,750000,€750k,Ajax Amsterdam,19,2017,1
326330,19/03/2021,80000000,€80.00m,FC Barcelona,23,2021,3
326330,20/12/2019,90000000,€90.00m,FC Barcelona,22,2019,12
326330,21/03/2024,70000000,€70.00m,FC Barcelona,26,2024,3
326330,22/12/2023,80000000,€80.00m,FC Barcelona,26,2023,12
326330,23/03/2023,60000000,€60.00m,FC Barcelona,25,2023,3
326330,26/10/2017,3500000,€3.50m,Ajax Amsterdam,20,2017,10
326330,27/05/2021,90000000,€90.00m,FC Barcelona,24,2021,5
326330,27/12/2024,45000000,€45.00m,FC Barcelona,27,2024,12
326330,28/12/2018,60000000,€60.00m,Ajax Amsterdam,21,2018,12
326330,30/12/2021,70000000,€70.00m,FC Barcelona,24,2021,12
328784,01/06/2021,17000000,€17.00m,Leeds United,24,2021,5
328784,03/11/2022,18000000,€18.00m,Leeds United,26,2022,11
328784,05/06/2018,7000000,€7.00m,SC Freiburg,21,2018,6
328784,05/06/2019,10000000,€10.00m,SC Freiburg,22,2019,6
328784,05/06/2025,18000000,€18.00m,Eintracht Frankfurt,28,2025,6
328784,08/04/2020,14500000,€14.50m,SC Freiburg,23,2020,4
328784,08/07/2020,17000000,€17.00m,SC Freiburg,23,2020,7
328784,09/08/2016,100000,€100k,1.FC Kaiserslautern II,20,2016,8
328784,13/02/2016,100000,€100k,1.FC Kaiserslautern II,19,2016,2
328784,13/10/2020,17000000,€17.00m,Leeds United,24,2020,10
328784,14/12/2023,18000000,€18.00m,Eintracht Frankfurt,27,2023,12
328784,15/06/2022,16000000,€16.00m,Leeds United,25,2022,6
328784,17/12/2019,18000000,€18.00m,SC Freiburg,23,2019,12
328784,18/01/2015,75000,€75k,SV Eintracht Trier 05,18,2015,1
328784,18/03/2021,17000000,€17.00m,Leeds United,24,2021,3
328784,18/10/2017,3000000,€3.00m,SC Freiburg,21,2017,10
328784,18/12/2018,10000000,€10.00m,SC Freiburg,22,2018,12
328784,19/07/2015,75000,€75k,1.FC Kaiserslautern II,19,2015,7
328784,19/12/2025,15000000,€15.00m,Eintracht Frankfurt,29,2025,12
328784,20/06/2023,18000000,€18.00m,Leeds United,26,2023,6
328784,20/12/2024,18000000,€18.00m,Eintracht Frankfurt,28,2024,12
328784,23/01/2017,550000,€550k,1.FC Kaiserslautern,20,2017,1
328784,23/12/2021,17000000,€17.00m,Leeds United,25,2021,12
328784,27/06/2017,800000,€800k,1.FC Kaiserslautern,20,2017,6
328784,28/12/2017,4000000,€4.00m,SC Freiburg,21,2017,12
328784,29/05/2024,18000000,€18.00m,Eintracht Frankfurt,27,2024,5
328784,30/07/2014,25000,€25k,SV Eintracht Trier 05 II,18,2014,7
331505,02/10/2025,18000000,€18.00m,Celta de Vigo,26,2025,10
331505,03/06/2022,6000000,€6.00m,FC Barcelona,23,2022,6
331505,03/09/2018,100000,€100k,FC Barcelona B,19,2018,9
331505,07/06/2024,8000000,€8.00m,Celta de Vigo,25,2024,6
331505,07/11/2022,3000000,€3.00m,Celta de Vigo,23,2022,11
331505,08/01/2021,5000000,€5.00m,FC Barcelona,21,2021,1
331505,08/10/2020,200000,€200k,FC Barcelona B,21,2020,10
331505,08/12/2020,3000000,€3.00m,FC Barcelona,21,2020,12
331505,09/06/2025,20000000,€20.00m,Celta de Vigo,26,2025,6
331505,10/06/2021,15000000,€15.00m,FC Barcelona,22,2021,6
331505,10/09/2019,100000,€100k,FC Barcelona B,20,2019,9
331505,11/02/2020,200000,€200k,FC Barcelona B,20,2020,2
331505,11/10/2024,12000000,€12.00m,Celta de Vigo,25,2024,10
331505,12/12/2025,18000000,€18.00m,Celta de Vigo,26,2025,12
331505,13/06/2023,2500000,€2.50m,Celta de Vigo,24,2023,6
331505,13/10/2023,3000000,€3.00m,Celta de Vigo,24,2023,10
331505,19/02/2019,100000,€100k,FC Barcelona B,19,2019,2
331505,19/03/2021,10000000,€10.00m,FC Barcelona,21,2021,3
331505,21/03/2024,8000000,€8.00m,Celta de Vigo,24,2024,3
331505,22/12/2023,6000000,€6.00m,Celta de Vigo,24,2023,12
331505,23/09/2022,5000000,€5.00m,Celta de Vigo,23,2022,9
331505,27/12/2024,20000000,€20.00m,Celta de Vigo,25,2024,12
331505,29/06/2019,100000,€100k,FC Barcelona B,20,2019,6
331505,30/12/2021,9000000,€9.00m,FC Barcelona,22,2021,12
332697,03/06/2021,25000000,€25.00m,Juventus FC,22,2021,6
332697,05/06/2018,6500000,€6.50m,FC Schalke 04,19,2018,6
332697,05/06/2019,20000000,€20.00m,FC Schalke 04,20,2019,6
332697,05/06/2024,28000000,€28.00m,Juventus FC,25,2024,6
332697,06/03/2019,20000000,€20.00m,FC Schalke 04,20,2019,3
332697,07/06/2022,25000000,€25.00m,Juventus FC,23,2022,6
332697,08/04/2020,20000000,€20.00m,FC Schalke 04,21,2020,4
332697,11/10/2023,20000000,€20.00m,Juventus FC,25,2023,10
332697,11/11/2022,21000000,€21.00m,Juventus FC,24,2022,11
332697,12/03/2024,25000000,€25.00m,Juventus FC,25,2024,3
332697,17/06/2025,22000000,€22.00m,Juventus FC,26,2025,6
332697,17/12/2019,22000000,€22.00m,FC Schalke 04,21,2019,12
332697,18/10/2017,2000000,€2.00m,FC Schalke 04,19,2017,10
332697,18/10/2024,24000000,€24.00m,Juventus FC,26,2024,10
332697,18/12/2018,15000000,€15.00m,FC Schalke 04,20,2018,12
332697,18/12/2024,24000000,€24.00m,Juventus FC,26,2024,12
332697,19/06/2017,100000,€100k,FC Schalke 04 U19,18,2017,6
332697,20/06/2023,18000000,€18.00m,Leeds United,24,2023,6
332697,20/12/2023,23000000,€23.00m,Juventus FC,25,2023,12
332697,22/10/2018,12000000,€12.00m,FC Schalke 04,20,2018,10
332697,23/12/2025,22000000,€22.00m,Juventus FC,27,2025,12
332697,28/12/2017,4500000,€4.50m,FC Schalke 04,19,2017,12
332697,28/12/2021,25000000,€25.00m,Juventus FC,23,2021,12
332697,29/10/2020,22000000,€22.00m,Juventus FC,22,2020,10
332697,29/12/2020,25000000,€25.00m,Juventus FC,22,2020,12
333647,05/06/2019,1750000,€1.75m,1.FSV Mainz 05,18,2019,6
333647,05/06/2025,35000000,€35.00m,1.FSV Mainz 05,24,2025,6
333647,07/10/2021,6500000,€6.50m,1.FSV Mainz 05,21,2021,10
333647,08/04/2020,1800000,€1.80m,1.FSV Mainz 05,19,2020,4
333647,09/06/2021,4500000,€4.50m,1.FSV Mainz 05,20,2021,6
333647,09/06/2022,17000000,€17.00m,1.FSV Mainz 05,21,2022,6
333647,09/10/2024,15000000,€15.00m,1.FSV Mainz 05,24,2024,10
333647,09/11/2022,15000000,€15.00m,1.FSV Mainz 05,22,2022,11
333647,10/02/2021,3500000,€3.50m,1.FSV Mainz 05,20,2021,2
333647,14/12/2023,7000000,€7.00m,1.FSV Mainz 05,23,2023,12
333647,17/12/2019,2000000,€2.00m,1.FSV Mainz 05,19,2019,12
333647,18/10/2023,7000000,€7.00m,1.FSV Mainz 05,23,2023,10
333647,18/12/2018,1750000,€1.75m,1.FSV Mainz 05,18,2018,12
333647,19/12/2025,35000000,€35.00m,Eintracht Frankfurt,25,2025,12
333647,20/12/2024,25000000,€25.00m,1.FSV Mainz 05,24,2024,12
333647,22/06/2023,10000000,€10.00m,1.FSV Mainz 05,22,2023,6
333647,22/10/2018,1500000,€1.50m,1.FSV Mainz 05,18,2018,10
333647,22/12/2021,17000000,€17.00m,1.FSV Mainz 05,21,2021,12
333647,26/11/2020,2500000,€2.50m,1.FSV Mainz 05,20,2020,11
333647,27/03/2025,35000000,€35.00m,1.FSV Mainz 05,24,2025,3
333647,29/03/2023,12000000,€12.00m,1.FSV Mainz 05,22,2023,3
333647,29/05/2024,12000000,€12.00m,1.FSV Mainz 05,23,2024,5
334526,01/06/2016,4000000,€4.00m,BSC Young Boys,19,2016,5
334526,02/10/2019,28000000,€28.00m,Borussia Mönchengladbach,22,2019,10
334526,03/06/2024,25000000,€25.00m,AS Monaco,27,2024,6
334526,03/06/2025,30000000,€30.00m,AS Monaco,28,2025,6
334526,03/11/2022,20000000,€20.00m,Chelsea FC,25,2022,11
334526,04/04/2018,20000000,€20.00m,Borussia Mönchengladbach,21,2018,4
334526,05/06/2018,20000000,€20.00m,Borussia Mönchengladbach,21,2018,6
334526,05/06/2019,20000000,€20.00m,Borussia Mönchengladbach,22,2019,6
334526,07/06/2022,27000000,€27.00m,Juventus FC,25,2022,6
334526,07/10/2021,27000000,€27.00m,Borussia Mönchengladbach,24,2021,10
334526,07/10/2024,28000000,€28.00m,AS Monaco,27,2024,10
334526,08/04/2020,36000000,€36.00m,Borussia Mönchengladbach,23,2020,4
334526,08/07/2020,40000000,€40.00m,Borussia Mönchengladbach,23,2020,7
334526,08/10/2015,1000000,€1.00m,BSC Young Boys,18,2015,10
334526,10/02/2021,40000000,€40.00m,Borussia Mönchengladbach,24,2021,2
334526,10/12/2024,30000000,€30.00m,AS Monaco,28,2024,12
334526,15/12/2025,25000000,€25.00m,AS Monaco,29,2025,12
334526,16/07/2016,4000000,€4.00m,BSC Young Boys,19,2016,7
334526,16/10/2023,20000000,€20.00m,AS Monaco,26,2023,10
334526,17/12/2019,45000000,€45.00m,Borussia Mönchengladbach,23,2019,12
334526,18/06/2015,100000,€100k,Servette FC,18,2015,6
334526,18/10/2017,12000000,€12.00m,Borussia Mönchengladbach,20,2017,10
334526,18/12/2015,1500000,€1.50m,BSC Young Boys,19,2015,12
334526,18/12/2018,17000000,€17.00m,Borussia Mönchengladbach,22,2018,12
334526,18/12/2023,22000000,€22.00m,AS Monaco,27,2023,12
334526,19/03/2024,25000000,€25.00m,AS Monaco,27,2024,3
334526,20/04/2016,2500000,€2.50m,BSC Young Boys,19,2016,4
334526,20/06/2023,18000000,€18.00m,Chelsea FC,26,2023,6
334526,20/12/2016,4000000,€4.00m,BSC Young Boys,20,2016,12
334526,22/12/2021,27000000,€27.00m,Borussia Mönchengladbach,25,2021,12
334526,25/05/2021,30000000,€30.00m,Borussia Mönchengladbach,24,2021,5
334526,28/12/2017,16000000,€16.00m,Borussia Mönchengladbach,21,2017,12
334526,31/03/2021,32000000,€32.00m,Borussia Mönchengladbach,24,2021,3
335457,05/06/2025,22000000,€22.00m,VfB Stuttgart,27,2025,6
335457,06/01/2020,1000000,€1.00m,FC St. Gallen 1879,21,2020,1
335457,07/10/2021,9000000,€9.00m,SC Freiburg,23,2021,10
335457,08/01/2019,1000000,€1.00m,FC Sochaux-Montbéliard,20,2019,1
335457,08/04/2020,900000,€900k,FC St. Gallen 1879,22,2020,4
335457,09/06/2021,12000000,€12.00m,SC Freiburg,23,2021,6
335457,09/06/2022,6000000,€6.00m,SC Freiburg,24,2022,6
335457,09/11/2022,9000000,€9.00m,FC Augsburg,24,2022,11
335457,10/02/2021,10000000,€10.00m,SC Freiburg,22,2021,2
335457,14/12/2023,20000000,€20.00m,FC Augsburg,25,2023,12
335457,16/09/2020,4000000,€4.00m,SC Freiburg,22,2020,9
335457,18/10/2023,14000000,€14.00m,FC Augsburg,25,2023,10
335457,19/02/2019,1000000,€1.00m,UD Almería,20,2019,2
335457,19/12/2025,22000000,€22.00m,VfB Stuttgart,27,2025,12
335457,20/12/2024,28000000,€28.00m,VfB Stuttgart,26,2024,12
335457,22/03/2018,1000000,€1.00m,Deportivo Alavés B,19,2018,3
335457,22/06/2023,12000000,€12.00m,FC Augsburg,25,2023,6
335457,22/12/2021,7500000,€7.50m,SC Freiburg,23,2021,12
335457,27/03/2024,28000000,€28.00m,FC Augsburg,26,2024,3
335457,27/03/2025,22000000,€22.00m,VfB Stuttgart,27,2025,3
335457,29/03/2023,12000000,€12.00m,FC Augsburg,25,2023,3
335457,29/05/2024,28000000,€28.00m,FC Augsburg,26,2024,5
335457,29/06/2019,1000000,€1.00m,UD Almería,21,2019,6
335457,30/05/2018,1000000,€1.00m,Deportivo Alavés B,20,2018,5
335457,31/07/2020,3000000,€3.00m,FC St. Gallen 1879,22,2020,7
338670,05/06/2024,9000000,€9.00m,AS Roma,24,2024,6
338670,06/06/2017,350000,€350k,RSC Anderlecht,17,2017,6
338670,06/11/2017,2500000,€2.50m,SL Benfica,18,2017,11
338670,07/02/2018,2500000,€2.50m,SL Benfica,18,2018,2
338670,07/06/2019,2000000,€2.00m,SL Benfica,19,2019,6
338670,08/04/2020,1300000,€1.30m,SL Benfica,20,2020,4
338670,11/01/2019,2500000,€2.50m,SL Benfica,19,2019,1
338670,11/11/2022,1800000,€1.80m,AS Roma,23,2022,11
338670,12/03/2024,4000000,€4.00m,AS Roma,24,2024,3
338670,13/06/2018,2500000,€2.50m,SL Benfica,18,2018,6
338670,15/06/2023,1500000,€1.50m,AS Roma,23,2023,6
338670,15/07/2016,350000,€350k,RSC Anderlecht,16,2016,7
338670,17/06/2025,25000000,€25.00m,AS Roma,25,2025,6
338670,17/08/2020,2000000,€2.00m,SL Benfica,20,2020,8
338670,18/10/2024,14000000,€14.00m,AS Roma,25,2024,10
338670,18/12/2024,14000000,€14.00m,AS Roma,25,2024,12
338670,20/12/2023,1500000,€1.50m,AS Roma,24,2023,12
338670,21/01/2017,350000,€350k,RSC Anderlecht,17,2017,1
338670,21/05/2021,2000000,€2.00m,SL Benfica,21,2021,5
338670,23/12/2025,35000000,€35.00m,AS Roma,26,2025,12
338670,25/03/2025,17000000,€17.00m,AS Roma,25,2025,3
338670,27/12/2021,2000000,€2.00m,SL Benfica,22,2021,12
338670,28/01/2021,2000000,€2.00m,SL Benfica,21,2021,1
338670,30/12/2019,1500000,€1.50m,SL Benfica,20,2019,12
338670,31/05/2022,2000000,€2.00m,SL Benfica,22,2022,5
339314,01/07/2020,800000,€800k,Union Saint-Gilloise,23,2020,6
339314,02/08/2017,175000,€175k,Eintracht Braunschweig II,21,2017,8
339314,03/04/2020,700000,€700k,SV Meppen,23,2020,4
339314,03/11/2022,6000000,€6.00m,Brighton & Hove Albion,26,2022,11
339314,04/11/2015,50000,€50k,TSV Havelse,19,2015,11
339314,05/02/2017,175000,€175k,TSV Havelse,20,2017,2
339314,05/06/2025,20000000,€20.00m,VfB Stuttgart,28,2025,6
339314,06/01/2022,5000000,€5.00m,Union Saint-Gilloise,25,2022,1
339314,06/10/2021,2200000,€2.20m,Union Saint-Gilloise,25,2021,10
339314,08/04/2020,550000,€550k,SV Meppen,23,2020,4
339314,08/05/2015,25000,€25k,TSV Havelse U19,18,2015,5
339314,09/02/2018,175000,€175k,Eintracht Braunschweig II,21,2018,2
339314,09/10/2024,28000000,€28.00m,VfB Stuttgart,28,2024,10
339314,11/12/2019,400000,€400k,SV Meppen,23,2019,12
339314,12/04/2022,8000000,€8.00m,Union Saint-Gilloise,25,2022,4
339314,14/06/2019,225000,€225k,SV Meppen,22,2019,6
339314,14/07/2015,25000,€25k,TSV Havelse,18,2015,7
339314,14/12/2023,17000000,€17.00m,VfB Stuttgart,27,2023,12
339314,15/01/2019,225000,€225k,SV Meppen,22,2019,1
339314,19/06/2018,175000,€175k,Eintracht Braunschweig II,21,2018,6
339314,19/12/2025,20000000,€20.00m,VfB Stuttgart,29,2025,12
339314,20/06/2023,10000000,€10.00m,Brighton & Hove Albion,26,2023,6
339314,20/12/2024,28000000,€28.00m,VfB Stuttgart,28,2024,12
339314,21/10/2020,600000,€600k,Union Saint-Gilloise,24,2020,10
339314,23/02/2021,900000,€900k,Union Saint-Gilloise,24,2021,2
339314,25/02/2016,75000,€75k,TSV Havelse,19,2016,2
339314,25/10/2016,150000,€150k,TSV Havelse,20,2016,10
339314,27/03/2024,22000000,€22.00m,VfB Stuttgart,27,2024,3
339314,27/03/2025,22000000,€22.00m,VfB Stuttgart,28,2025,3
339314,27/07/2016,125000,€125k,TSV Havelse,20,2016,7
339314,29/05/2024,25000000,€25.00m,VfB Stuttgart,27,2024,5
339314,30/06/2018,225000,€225k,Eintracht Braunschweig II,21,2018,6
341264,03/06/2022,7500000,€7.50m,Rayo Vallecano,22,2022,6
341264,07/06/2024,15000000,€15.00m,Real Madrid,24,2024,6
341264,07/11/2022,8000000,€8.00m,Rayo Vallecano,23,2022,11
341264,08/01/2021,1500000,€1.50m,Rayo Vallecano,21,2021,1
341264,08/10/2020,300000,€300k,Rayo Vallecano,21,2020,10
341264,09/06/2025,18000000,€18.00m,Real Madrid,25,2025,6
341264,10/09/2019,250000,€250k,Real Madrid Castilla,20,2019,9
341264,11/02/2020,250000,€250k,Real Madrid Castilla,20,2020,2
341264,12/12/2025,15000000,€15.00m,Real Madrid,26,2025,12
341264,13/06/2023,12000000,€12.00m,Rayo Vallecano,23,2023,6
341264,13/10/2023,15000000,€15.00m,Real Madrid,24,2023,10
341264,19/02/2019,200000,€200k,Real Madrid Castilla,19,2019,2
341264,21/03/2022,5000000,€5.00m,Rayo Vallecano,22,2022,3
341264,22/12/2023,15000000,€15.00m,Real Madrid,24,2023,12
341264,23/03/2023,10000000,€10.00m,Rayo Vallecano,23,2023,3
341264,23/11/2018,150000,€150k,Real Madrid Castilla,19,2018,11
341264,23/11/2020,800000,€800k,Rayo Vallecano,21,2020,11
341264,24/06/2021,3000000,€3.00m,Rayo Vallecano,21,2021,6
341264,27/12/2024,15000000,€15.00m,Real Madrid,25,2024,12
341264,29/06/2019,250000,€250k,Real Madrid Castilla,19,2019,6
341264,30/12/2021,3500000,€3.50m,Rayo Vallecano,22,2021,12
342229,01/06/2017,35000000,€35.00m,AS Monaco,18,2017,5
342229,01/06/2021,160000000,€160.00m,Paris Saint-Germain,22,2021,5
342229,01/11/2016,4000000,€4.00m,AS Monaco,17,2016,10
342229,02/11/2022,160000000,€160.00m,Paris Saint-Germain,23,2022,11
342229,02/12/2015,50000,€50k,AS Monaco U19,16,2015,12
342229,03/06/2019,200000000,€200.00m,Paris Saint-Germain,20,2019,6
342229,03/06/2024,180000000,€180.00m,Paris Saint-Germain,25,2024,6
342229,04/02/2016,250000,€250k,AS Monaco,17,2016,2
342229,04/06/2018,120000000,€120.00m,Paris Saint-Germain,19,2018,6
342229,08/04/2020,180000000,€180.00m,Paris Saint-Germain,21,2020,4
342229,09/04/2016,1000000,€1.00m,AS Monaco,17,2016,4
342229,09/04/2021,160000000,€160.00m,Paris Saint-Germain,22,2021,4
342229,09/06/2025,180000000,€180.00m,Real Madrid,26,2025,6
342229,12/10/2017,90000000,€90.00m,Paris Saint-Germain,18,2017,10
342229,12/12/2025,200000000,€200.00m,Real Madrid,26,2025,12
342229,13/07/2016,1500000,€1.50m,AS Monaco,17,2016,7
342229,15/10/2020,180000000,€180.00m,Paris Saint-Germain,21,2020,10
342229,16/01/2017,10000000,€10.00m,AS Monaco,18,2017,1
342229,16/07/2018,150000000,€150.00m,Paris Saint-Germain,19,2018,7
342229,16/12/2021,160000000,€160.00m,Paris Saint-Germain,22,2021,12
342229,17/12/2018,200000000,€200.00m,Paris Saint-Germain,19,2018,12
342229,18/12/2023,180000000,€180.00m,Paris Saint-Germain,24,2023,12
342229,19/12/2019,200000000,€200.00m,Paris Saint-Germain,20,2019,12
342229,21/03/2025,170000000,€170.00m,Real Madrid,26,2025,3
342229,23/12/2022,180000000,€180.00m,Paris Saint-Germain,24,2022,12
342229,24/01/2018,120000000,€120.00m,Paris Saint-Germain,19,2018,1
342229,24/10/2018,180000000,€180.00m,Paris Saint-Germain,19,2018,10
342229,27/06/2023,180000000,€180.00m,Paris Saint-Germain,24,2023,6
342229,27/12/2024,160000000,€160.00m,Real Madrid,26,2024,12
342229,30/05/2022,160000000,€160.00m,Paris Saint-Germain,23,2022,5
343537,02/06/2018,350000,€350k,FC Midtjylland,20,2018,6
343537,03/01/2017,300000,€300k,Dnipro Dnipropetrovsk (- 2020),19,2017,1
343537,03/09/2021,1800000,€1.80m,SC Dnipro-1,24,2021,9
343537,04/09/2020,300000,€300k,SC Dnipro-1,23,2020,9
343537,06/09/2022,6000000,€6.00m,SC Dnipro-1,25,2022,9
343537,06/12/2022,10000000,€10.00m,SC Dnipro-1,25,2022,12
343537,07/06/2024,35000000,€35.00m,Girona FC,26,2024,6
343537,07/10/2025,25000000,€25.00m,AS Roma,28,2025,10
343537,08/04/2020,325000,€325k,SönderjyskE,22,2020,4
343537,08/06/2019,300000,€300k,FC Midtjylland,21,2019,6
343537,10/05/2016,50000,€50k,Zaria Balti,18,2016,5
343537,14/01/2021,400000,€400k,SC Dnipro-1,23,2021,1
343537,15/07/2021,1500000,€1.50m,SC Dnipro-1,24,2021,7
343537,17/06/2025,30000000,€30.00m,AS Roma,27,2025,6
343537,18/05/2022,5000000,€5.00m,SC Dnipro-1,24,2022,5
343537,18/12/2024,30000000,€30.00m,AS Roma,27,2024,12
343537,20/12/2021,5000000,€5.00m,SC Dnipro-1,24,2021,12
343537,21/03/2024,30000000,€30.00m,Girona FC,26,2024,3
343537,21/06/2023,15000000,€15.00m,SC Dnipro-1,26,2023,6
343537,21/12/2018,350000,€350k,FC Midtjylland,21,2018,12
343537,22/12/2019,400000,€400k,SönderjyskE,22,2019,12
343537,22/12/2023,28000000,€28.00m,Girona FC,26,2023,12
343537,23/12/2025,20000000,€20.00m,AS Roma,28,2025,12
343537,26/06/2017,500000,€500k,Dnipro Dnipropetrovsk (- 2020),20,2017,6
343537,27/05/2021,1000000,€1.00m,SC Dnipro-1,23,2021,5
343537,28/03/2023,11000000,€11.00m,SC Dnipro-1,25,2023,3
343537,30/09/2016,200000,€200k,Dnipro Dnipropetrovsk (- 2020),19,2016,9
343537,31/07/2020,400000,€400k,FC Midtjylland,23,2020,7
344381,01/06/2017,3000000,€3.00m,Paris Saint-Germain,19,2017,5
344381,02/10/2019,15000000,€15.00m,RB Leipzig,21,2019,10
344381,03/06/2019,12000000,€12.00m,Paris Saint-Germain,21,2019,6
344381,04/02/2016,250000,€250k,Paris Saint-Germain,18,2016,2
344381,04/06/2018,10000000,€10.00m,Paris Saint-Germain,20,2018,6
344381,07/10/2021,47000000,€47.00m,RB Leipzig,23,2021,10
344381,08/04/2020,28000000,€28.00m,RB Leipzig,22,2020,4
344381,08/07/2020,33000000,€33.00m,RB Leipzig,22,2020,7
344381,09/06/2021,43000000,€43.00m,RB Leipzig,23,2021,6
344381,09/06/2022,80000000,€80.00m,RB Leipzig,24,2022,6
344381,09/11/2022,80000000,€80.00m,RB Leipzig,24,2022,11
344381,10/02/2021,33000000,€33.00m,RB Leipzig,23,2021,2
344381,11/03/2020,35000000,€35.00m,RB Leipzig,22,2020,3
344381,13/07/2016,500000,€500k,Paris Saint-Germain,18,2016,7
344381,14/03/2024,70000000,€70.00m,Chelsea FC,26,2024,3
344381,16/01/2017,750000,€750k,Paris Saint-Germain,19,2017,1
344381,16/12/2024,50000000,€50.00m,Chelsea FC,27,2024,12
344381,17/12/2018,12000000,€12.00m,Paris Saint-Germain,21,2018,12
344381,17/12/2019,22000000,€22.00m,RB Leipzig,22,2019,12
344381,18/03/2025,45000000,€45.00m,Chelsea FC,27,2025,3
344381,19/12/2023,75000000,€75.00m,Chelsea FC,26,2023,12
344381,20/03/2018,5000000,€5.00m,Paris Saint-Germain,20,2018,3
344381,22/06/2023,80000000,€80.00m,RB Leipzig,25,2023,6
344381,22/12/2021,55000000,€55.00m,RB Leipzig,24,2021,12
344381,23/12/2025,32000000,€32.00m,AC Milan,28,2025,12
344381,24/01/2018,3000000,€3.00m,Paris Saint-Germain,20,2018,1
344381,24/03/2022,65000000,€65.00m,RB Leipzig,24,2022,3
344381,24/10/2018,12000000,€12.00m,Paris Saint-Germain,20,2018,10
344381,27/05/2024,65000000,€65.00m,Chelsea FC,26,2024,5
344381,30/05/2025,35000000,€35.00m,Chelsea FC,27,2025,5
344381,31/03/2021,40000000,€40.00m,RB Leipzig,23,2021,3
344695,01/06/2016,1000000,€1.00m,Red Bull Salzburg,17,2016,5
344695,02/10/2019,40000000,€40.00m,RB Leipzig,20,2019,10
344695,04/04/2018,25000000,€25.00m,RB Leipzig,19,2018,4
344695,05/06/2018,30000000,€30.00m,RB Leipzig,19,2018,6
344695,05/06/2019,30000000,€30.00m,RB Leipzig,20,2019,6
344695,05/06/2025,50000000,€50.00m,Bayern Munich,26,2025,6
344695,06/10/2016,3000000,€3.00m,Red Bull Salzburg,17,2016,10
344695,08/04/2020,45000000,€45.00m,RB Leipzig,21,2020,4
344695,09/06/2021,60000000,€60.00m,RB Leipzig,22,2021,6
344695,09/06/2022,40000000,€40.00m,Bayern Munich,23,2022,6
344695,09/11/2022,50000000,€50.00m,Bayern Munich,24,2022,11
344695,10/02/2021,60000000,€60.00m,RB Leipzig,22,2021,2
344695,14/10/2025,60000000,€60.00m,Bayern Munich,26,2025,10
344695,14/12/2023,60000000,€60.00m,Bayern Munich,25,2023,12
344695,15/07/2015,800000,€800k,Red Bull Salzburg,16,2015,7
344695,16/09/2020,60000000,€60.00m,RB Leipzig,21,2020,9
344695,17/12/2019,50000000,€50.00m,RB Leipzig,21,2019,12
344695,18/10/2017,12000000,€12.00m,RB Leipzig,18,2017,10
344695,18/12/2018,30000000,€30.00m,RB Leipzig,20,2018,12
344695,19/06/2017,7500000,€7.50m,RB Leipzig,18,2017,6
344695,19/12/2025,70000000,€70.00m,Bayern Munich,27,2025,12
344695,20/12/2024,50000000,€50.00m,Bayern Munich,26,2024,12
344695,22/06/2023,60000000,€60.00m,Bayern Munich,24,2023,6
344695,22/12/2016,5000000,€5.00m,Red Bull Salzburg,18,2016,12
344695,22/12/2021,55000000,€55.00m,Bayern Munich,23,2021,12
344695,23/12/2022,60000000,€60.00m,Bayern Munich,24,2022,12
344695,24/03/2022,45000000,€45.00m,Bayern Munich,23,2022,3
344695,27/03/2024,50000000,€50.00m,Bayern Munich,25,2024,3
344695,28/12/2017,20000000,€20.00m,RB Leipzig,19,2017,12
344695,29/05/2024,45000000,€45.00m,Bayern Munich,25,2024,5
346314,03/11/2022,22000000,€22.00m,Chelsea FC,23,2022,11
346314,04/06/2021,3500000,€3.50m,FC Lorient,21,2021,6
346314,05/10/2021,10000000,€10.00m,Chelsea FC,22,2021,10
346314,08/04/2020,2700000,€2.70m,Huddersfield Town,20,2020,4
346314,09/04/2021,3000000,€3.00m,FC Lorient,21,2021,4
346314,09/12/2025,35000000,€35.00m,Chelsea FC,26,2025,12
346314,13/06/2019,3000000,€3.00m,Chelsea FC U23,19,2019,6
346314,14/03/2024,13000000,€13.00m,Chelsea FC,24,2024,3
346314,15/06/2022,20000000,€20.00m,Chelsea FC,22,2022,6
346314,15/10/2020,2700000,€2.70m,FC Lorient,21,2020,10
346314,16/12/2024,13000000,€13.00m,Crystal Palace,25,2024,12
346314,17/10/2025,32000000,€32.00m,Chelsea FC,26,2025,10
346314,18/03/2025,17000000,€17.00m,Chelsea FC,25,2025,3
346314,19/12/2023,18000000,€18.00m,Chelsea FC,24,2023,12
346314,20/06/2023,18000000,€18.00m,Chelsea FC,23,2023,6
346314,23/12/2021,18000000,€18.00m,Chelsea FC,22,2021,12
346314,24/09/2018,1000000,€1.00m,Ipswich Town,19,2018,9
346314,27/02/2020,3000000,€3.00m,Huddersfield Town,20,2020,2
346314,27/05/2024,13000000,€13.00m,Chelsea FC,24,2024,5
346314,29/03/2022,20000000,€20.00m,Chelsea FC,22,2022,3
346314,30/05/2025,25000000,€25.00m,Chelsea FC,25,2025,5
346853,01/08/2017,350000,€350k,SK Sturm Graz,17,2017,7
346853,02/01/2018,600000,€600k,Red Bull Salzburg,17,2018,1
346853,02/06/2017,100000,€100k,SK Sturm Graz,17,2017,6
346853,03/06/2019,800000,€800k,Wolfsberger AC,19,2019,6
346853,05/06/2025,17000000,€17.00m,SV Werder Bremen,25,2025,6
346853,06/07/2016,100000,€100k,SK Sturm Graz,16,2016,7
346853,08/04/2020,1600000,€1.60m,Wolfsberger AC,20,2020,4
346853,09/06/2021,4000000,€4.00m,SV Werder Bremen,21,2021,6
346853,09/10/2024,13000000,€13.00m,SV Werder Bremen,24,2024,10
346853,09/11/2022,4500000,€4.50m,SV Werder Bremen,22,2022,11
346853,10/02/2021,3000000,€3.00m,SV Werder Bremen,21,2021,2
346853,11/10/2017,500000,€500k,Red Bull Salzburg,17,2017,10
346853,14/06/2018,800000,€800k,Red Bull Salzburg,18,2018,6
346853,14/12/2023,6500000,€6.50m,SV Werder Bremen,23,2023,12
346853,15/12/2021,3000000,€3.00m,SV Werder Bremen,21,2021,12
346853,16/06/2022,3500000,€3.50m,SV Werder Bremen,22,2022,6
346853,16/12/2019,1800000,€1.80m,Wolfsberger AC,19,2019,12
346853,19/12/2018,800000,€800k,Red Bull Salzburg,18,2018,12
346853,19/12/2025,17000000,€17.00m,SV Werder Bremen,25,2025,12
346853,20/12/2024,15000000,€15.00m,SV Werder Bremen,24,2024,12
346853,22/06/2023,4500000,€4.50m,SV Werder Bremen,23,2023,6
346853,22/07/2020,2000000,€2.00m,Wolfsberger AC,20,2020,7
346853,22/12/2016,100000,€100k,SK Sturm Graz,16,2016,12
346853,29/05/2024,10000000,€10.00m,SV Werder Bremen,24,2024,5
346853,31/03/2021,5000000,€5.00m,SV Werder Bremen,21,2021,3
348795,01/06/2017,8000000,€8.00m,Paris Saint-Germain,21,2017,5
348795,03/06/2022,22000000,€22.00m,Villarreal CF,26,2022,6
348795,04/06/2018,30000000,€30.00m,Paris Saint-Germain,22,2018,6
348795,05/10/2021,22000000,€22.00m,Tottenham Hotspur,25,2021,10
348795,06/02/2016,7500000,€7.50m,CA Rosario Central,19,2016,2
348795,07/11/2022,22000000,€22.00m,Villarreal CF,26,2022,11
348795,08/04/2020,40000000,€40.00m,Tottenham Hotspur,23,2020,4
348795,08/06/2021,27000000,€27.00m,Tottenham Hotspur,25,2021,6
348795,08/08/2016,10000000,€10.00m,CA Rosario Central,20,2016,8
348795,09/06/2025,15000000,€15.00m,Real Betis Balompié,29,2025,6
348795,10/12/2019,50000000,€50.00m,Tottenham Hotspur,23,2019,12
348795,11/06/2019,50000000,€50.00m,Real Betis Balompié,23,2019,6
348795,11/10/2024,20000000,€20.00m,Real Betis Balompié,28,2024,10
348795,12/12/2025,15000000,€15.00m,Real Betis Balompié,29,2025,12
348795,13/06/2023,14000000,€14.00m,Villarreal CF,27,2023,6
348795,13/10/2020,35000000,€35.00m,Tottenham Hotspur,24,2020,10
348795,16/01/2017,10000000,€10.00m,Paris Saint-Germain,20,2017,1
348795,18/03/2021,30000000,€30.00m,Tottenham Hotspur,24,2021,3
348795,19/12/2023,16000000,€16.00m,Tottenham Hotspur,27,2023,12
348795,21/12/2018,30000000,€30.00m,Real Betis Balompié,22,2018,12
348795,23/03/2023,18000000,€18.00m,Villarreal CF,26,2023,3
348795,23/12/2021,22000000,€22.00m,Tottenham Hotspur,25,2021,12
348795,24/01/2018,20000000,€20.00m,Paris Saint-Germain,21,2018,1
348795,27/05/2024,16000000,€16.00m,Tottenham Hotspur,28,2024,5
348795,27/12/2024,20000000,€20.00m,Real Betis Balompié,28,2024,12
348795,28/02/2019,40000000,€40.00m,Real Betis Balompié,22,2019,2
349066,03/06/2022,30000000,€30.00m,Real Sociedad,22,2022,6
349066,03/11/2022,50000000,€50.00m,Newcastle United,23,2022,11
349066,05/01/2021,22000000,€22.00m,Real Sociedad,21,2021,1
349066,05/06/2018,6000000,€6.00m,Borussia Dortmund,18,2018,6
349066,07/02/2017,6000000,€6.00m,Borussia Dortmund,17,2017,2
349066,08/04/2020,22500000,€22.50m,Real Sociedad,20,2020,4
349066,08/10/2020,22000000,€22.00m,Real Sociedad,21,2020,10
349066,09/12/2025,120000000,€120.00m,Liverpool FC,26,2025,12
349066,11/02/2020,25000000,€25.00m,Real Sociedad,20,2020,2
349066,11/12/2016,1750000,€1.75m,AIK,17,2016,12
349066,12/06/2019,8000000,€8.00m,Willem II Tilburg,19,2019,6
349066,15/09/2022,50000000,€50.00m,Newcastle United,22,2022,9
349066,16/12/2024,75000000,€75.00m,Newcastle United,25,2024,12
349066,17/06/2016,400000,€400k,AIK,16,2016,6
349066,17/10/2025,140000000,€140.00m,Liverpool FC,26,2025,10
349066,18/03/2025,100000000,€100.00m,Newcastle United,25,2025,3
349066,18/12/2018,3000000,€3.00m,Borussia Dortmund,19,2018,12
349066,19/03/2021,30000000,€30.00m,Real Sociedad,21,2021,3
349066,19/06/2017,6000000,€6.00m,Borussia Dortmund,17,2017,6
349066,19/12/2023,70000000,€70.00m,Newcastle United,24,2023,12
349066,20/06/2023,70000000,€70.00m,Newcastle United,23,2023,6
349066,20/12/2019,10000000,€10.00m,Real Sociedad,20,2019,12
349066,22/10/2018,4500000,€4.50m,Borussia Dortmund,19,2018,10
349066,27/05/2024,75000000,€75.00m,Newcastle United,24,2024,5
349066,28/12/2017,6000000,€6.00m,Borussia Dortmund,18,2017,12
349066,30/05/2025,120000000,€120.00m,Newcastle United,25,2025,5
349066,30/12/2021,40000000,€40.00m,Real Sociedad,22,2021,12
349066,31/05/2021,40000000,€40.00m,Real Sociedad,21,2021,5
350219,01/01/2018,7500000,€7.50m,Real Betis Balompié,21,2017,12
350219,01/03/2019,40000000,€40.00m,SSC Napoli,22,2019,2
350219,02/11/2022,45000000,€45.00m,Paris Saint-Germain,26,2022,11
350219,03/06/2024,30000000,€30.00m,Paris Saint-Germain,28,2024,6
350219,03/06/2025,40000000,€40.00m,Paris Saint-Germain,29,2025,6
350219,06/06/2019,50000000,€50.00m,SSC Napoli,23,2019,6
350219,07/06/2022,55000000,€55.00m,SSC Napoli,26,2022,6
350219,08/04/2020,48000000,€48.00m,SSC Napoli,24,2020,4
350219,08/10/2019,60000000,€60.00m,SSC Napoli,23,2019,10
350219,10/12/2024,35000000,€35.00m,Paris Saint-Germain,28,2024,12
350219,12/10/2018,25000000,€25.00m,SSC Napoli,22,2018,10
350219,12/12/2019,60000000,€60.00m,SSC Napoli,23,2019,12
350219,15/07/2016,500000,€500k,Real Betis Balompié,20,2016,7
350219,15/12/2025,40000000,€40.00m,Paris Saint-Germain,29,2025,12
350219,16/10/2023,30000000,€30.00m,Paris Saint-Germain,27,2023,10
350219,18/07/2024,35000000,€35.00m,Paris Saint-Germain,28,2024,7
350219,18/12/2023,30000000,€30.00m,Paris Saint-Germain,27,2023,12
350219,19/09/2022,45000000,€45.00m,Paris Saint-Germain,26,2022,9
350219,20/09/2015,200000,€200k,Real Betis B,19,2015,9
350219,20/12/2018,32000000,€32.00m,SSC Napoli,22,2018,12
350219,22/02/2016,500000,€500k,Real Betis B,19,2016,2
350219,22/03/2018,15000000,€15.00m,Real Betis Balompié,21,2018,3
350219,23/03/2021,44000000,€44.00m,SSC Napoli,24,2021,3
350219,24/01/2017,500000,€500k,Elche CF,20,2017,1
350219,25/08/2020,50000000,€50.00m,SSC Napoli,24,2020,8
350219,27/03/2023,38000000,€38.00m,Paris Saint-Germain,26,2023,3
350219,27/06/2023,32000000,€32.00m,Paris Saint-Germain,27,2023,6
350219,28/12/2021,55000000,€55.00m,SSC Napoli,25,2021,12
350219,29/06/2017,500000,€500k,Elche CF,21,2017,6
350219,29/12/2020,48000000,€48.00m,SSC Napoli,24,2020,12
350219,30/05/2018,20000000,€20.00m,Real Betis Balompié,22,2018,5
350219,30/09/2015,0,-,Real Betis B,19,2015,9
350219,31/05/2021,45000000,€45.00m,SSC Napoli,25,2021,5
351478,01/01/2018,30000000,€30.00m,Real Sociedad,20,2017,12
351478,02/10/2025,20000000,€20.00m,Real Sociedad,28,2025,10
351478,03/06/2022,60000000,€60.00m,Real Sociedad,25,2022,6
351478,05/01/2021,70000000,€70.00m,Real Sociedad,23,2021,1
351478,05/06/2017,15000000,€15.00m,Real Sociedad,20,2017,6
351478,07/06/2024,45000000,€45.00m,Real Sociedad,27,2024,6
351478,07/11/2022,60000000,€60.00m,Real Sociedad,25,2022,11
351478,08/04/2020,48000000,€48.00m,Real Sociedad,22,2020,4
351478,08/10/2020,60000000,€60.00m,Real Sociedad,23,2020,10
351478,09/06/2025,25000000,€25.00m,Real Sociedad,28,2025,6
351478,10/09/2019,60000000,€60.00m,Real Sociedad,22,2019,9
351478,11/06/2019,50000000,€50.00m,Real Sociedad,22,2019,6
351478,11/10/2024,40000000,€40.00m,Real Sociedad,27,2024,10
351478,12/12/2025,25000000,€25.00m,Real Sociedad,28,2025,12
351478,13/06/2023,40000000,€40.00m,Real Sociedad,26,2023,6
351478,15/07/2016,8000000,€8.00m,Real Sociedad,19,2016,7
351478,20/12/2019,60000000,€60.00m,Real Sociedad,22,2019,12
351478,21/03/2025,30000000,€30.00m,Real Sociedad,27,2025,3
351478,21/12/2018,40000000,€40.00m,Real Sociedad,21,2018,12
351478,22/02/2016,2500000,€2.50m,Real Sociedad,18,2016,2
351478,22/03/2018,35000000,€35.00m,Real Sociedad,20,2018,3
351478,22/12/2023,50000000,€50.00m,Real Sociedad,26,2023,12
351478,23/03/2023,50000000,€50.00m,Real Sociedad,25,2023,3
351478,23/07/2020,60000000,€60.00m,Real Sociedad,23,2020,7
351478,24/01/2017,10000000,€10.00m,Real Sociedad,19,2017,1
351478,27/12/2024,35000000,€35.00m,Real Sociedad,27,2024,12
351478,30/05/2018,35000000,€35.00m,Real Sociedad,21,2018,5
351478,30/12/2021,70000000,€70.00m,Real Sociedad,24,2021,12
351478,31/05/2021,70000000,€70.00m,Real Sociedad,24,2021,5
351809,01/01/2018,300000,€300k,Real Sociedad B,21,2017,12
351809,01/08/2016,50000,€50k,Real Sociedad B,19,2016,7
351809,02/02/2017,100000,€100k,Real Sociedad B,20,2017,2
351809,02/10/2025,35000000,€35.00m,Atlético de Madrid,28,2025,10
351809,03/06/2022,30000000,€30.00m,Real Sociedad,25,2022,6
351809,05/01/2021,20000000,€20.00m,Real Sociedad,24,2021,1
351809,05/03/2020,15000000,€15.00m,Real Sociedad,23,2020,3
351809,07/06/2024,40000000,€40.00m,Real Sociedad,27,2024,6
351809,07/11/2022,35000000,€35.00m,Real Sociedad,25,2022,11
351809,08/04/2020,12000000,€12.00m,Real Sociedad,23,2020,4
351809,08/10/2020,15000000,€15.00m,Real Sociedad,23,2020,10
351809,09/06/2025,40000000,€40.00m,Atlético de Madrid,28,2025,6
351809,10/06/2021,22000000,€22.00m,Real Sociedad,24,2021,6
351809,11/06/2019,4000000,€4.00m,Real Sociedad B,22,2019,6
351809,12/12/2025,30000000,€30.00m,Atlético de Madrid,29,2025,12
351809,13/06/2023,35000000,€35.00m,Real Sociedad,26,2023,6
351809,13/10/2021,25000000,€25.00m,Real Sociedad,24,2021,10
351809,19/02/2019,1500000,€1.50m,Real Sociedad B,22,2019,2
351809,20/12/2019,5000000,€5.00m,Real Sociedad,23,2019,12
351809,22/12/2023,40000000,€40.00m,Real Sociedad,27,2023,12
351809,23/09/2022,35000000,€35.00m,Real Sociedad,25,2022,9
351809,27/10/2016,100000,€100k,Real Sociedad B,19,2016,10
351809,27/12/2024,40000000,€40.00m,Atlético de Madrid,28,2024,12
351809,30/05/2018,300000,€300k,Real Sociedad B,21,2018,5
351809,30/06/2017,150000,€150k,Real Sociedad B,20,2017,6
351809,30/12/2021,30000000,€30.00m,Real Sociedad,25,2021,12
353366,01/06/2021,35000000,€35.00m,Bayern Munich,25,2021,5
353366,02/07/2015,250000,€250k,LOSC Lille,19,2015,7
353366,02/10/2019,35000000,€35.00m,Bayern Munich,23,2019,10
353366,04/02/2016,800000,€800k,LOSC Lille,19,2016,2
353366,04/04/2018,25000000,€25.00m,VfB Stuttgart,22,2018,4
353366,05/06/2018,30000000,€30.00m,VfB Stuttgart,22,2018,6
353366,05/06/2019,30000000,€30.00m,VfB Stuttgart,23,2019,6
353366,05/06/2024,50000000,€50.00m,Inter Milan,28,2024,6
353366,06/09/2015,500000,€500k,LOSC Lille,19,2015,9
353366,06/10/2016,3000000,€3.00m,VfB Stuttgart,20,2016,10
353366,08/04/2020,28000000,€28.00m,Bayern Munich,24,2020,4
353366,08/07/2020,40000000,€40.00m,Bayern Munich,24,2020,7
353366,09/06/2022,30000000,€30.00m,Bayern Munich,26,2022,6
353366,09/11/2022,35000000,€35.00m,Bayern Munich,26,2022,11
353366,10/02/2021,35000000,€35.00m,Bayern Munich,24,2021,2
353366,10/10/2025,20000000,€20.00m,Olympique Marseille,29,2025,10
353366,12/03/2024,50000000,€50.00m,Inter Milan,27,2024,3
353366,13/07/2016,800000,€800k,LOSC Lille,20,2016,7
353366,15/12/2025,20000000,€20.00m,Olympique Marseille,29,2025,12
353366,16/07/2018,40000000,€40.00m,VfB Stuttgart,22,2018,7
353366,16/09/2020,45000000,€45.00m,Bayern Munich,24,2020,9
353366,17/06/2025,25000000,€25.00m,Inter Milan,29,2025,6
353366,17/12/2019,35000000,€35.00m,Bayern Munich,23,2019,12
353366,18/10/2017,5000000,€5.00m,VfB Stuttgart,21,2017,10
353366,18/10/2024,45000000,€45.00m,Inter Milan,28,2024,10
353366,18/12/2018,35000000,€35.00m,VfB Stuttgart,22,2018,12
353366,18/12/2024,40000000,€40.00m,Inter Milan,28,2024,12
353366,20/12/2023,40000000,€40.00m,Inter Milan,27,2023,12
353366,22/06/2023,40000000,€40.00m,Bayern Munich,27,2023,6
353366,22/12/2021,30000000,€30.00m,Bayern Munich,25,2021,12
353366,23/01/2017,3000000,€3.00m,VfB Stuttgart,20,2017,1
353366,25/03/2025,30000000,€30.00m,Inter Milan,28,2025,3
353366,27/06/2017,3500000,€3.50m,VfB Stuttgart,21,2017,6
353366,28/12/2017,12000000,€12.00m,VfB Stuttgart,21,2017,12
353892,05/01/2018,50000,€50k,Júbilo Iwata U18,18,2018,1
353892,05/01/2019,75000,€75k,Júbilo Iwata,19,2019,1
353892,05/06/2025,25000000,€25.00m,Bayern Munich,26,2025,6
353892,07/10/2021,900000,€900k,VfB Stuttgart,22,2021,10
353892,09/06/2022,4500000,€4.50m,VfB Stuttgart,23,2022,6
353892,09/11/2022,5500000,€5.50m,VfB Stuttgart,23,2022,11
353892,14/10/2025,18000000,€18.00m,Bayern Munich,26,2025,10
353892,14/12/2023,22000000,€22.00m,VfB Stuttgart,24,2023,12
353892,18/10/2023,17000000,€17.00m,VfB Stuttgart,24,2023,10
353892,19/12/2025,18000000,€18.00m,Bayern Munich,26,2025,12
353892,20/12/2024,30000000,€30.00m,Bayern Munich,25,2024,12
353892,22/06/2023,10000000,€10.00m,VfB Stuttgart,24,2023,6
353892,22/12/2021,3000000,€3.00m,VfB Stuttgart,22,2021,12
353892,23/05/2019,150000,€150k,Nagoya Grampus,20,2019,5
353892,27/01/2021,450000,€450k,Júbilo Iwata,21,2021,1
353892,27/03/2024,25000000,€25.00m,VfB Stuttgart,24,2024,3
353892,28/06/2021,550000,€550k,Júbilo Iwata,22,2021,6
353892,28/12/2019,150000,€150k,Nagoya Grampus,20,2019,12
353892,29/03/2023,7500000,€7.50m,VfB Stuttgart,23,2023,3
353892,29/05/2024,30000000,€30.00m,VfB Stuttgart,25,2024,5
354361,01/06/2017,2000000,€2.00m,Olympique Marseille,21,2017,5
354361,01/11/2016,800000,€800k,Olympique Marseille,20,2016,10
354361,04/02/2016,300000,€300k,Olympique de Marseille B,20,2016,2
354361,04/06/2018,18000000,€18.00m,Olympique Marseille,22,2018,6
354361,05/06/2024,27000000,€27.00m,SSC Napoli,28,2024,6
354361,06/09/2015,100000,€100k,Olympique de Marseille B,19,2015,9
354361,07/06/2022,30000000,€30.00m,SSC Napoli,26,2022,6
354361,08/04/2020,20000000,€20.00m,Villarreal CF,24,2020,4
354361,08/06/2021,25000000,€25.00m,Fulham FC,25,2021,6
354361,11/11/2022,38000000,€38.00m,SSC Napoli,26,2022,11
354361,12/03/2024,30000000,€30.00m,SSC Napoli,28,2024,3
354361,13/06/2019,25000000,€25.00m,Fulham FC,23,2019,6
354361,13/07/2016,400000,€400k,Olympique Marseille,20,2016,7
354361,13/08/2018,25000000,€25.00m,Fulham FC,22,2018,8
354361,13/10/2020,20000000,€20.00m,Fulham FC,24,2020,10
354361,15/06/2023,40000000,€40.00m,SSC Napoli,27,2023,6
354361,16/01/2017,1500000,€1.50m,Olympique Marseille,21,2017,1
354361,17/06/2025,27000000,€27.00m,SSC Napoli,29,2025,6
354361,18/03/2021,25000000,€25.00m,Fulham FC,25,2021,3
354361,18/12/2024,27000000,€27.00m,SSC Napoli,29,2024,12
354361,19/12/2018,25000000,€25.00m,Fulham FC,23,2018,12
354361,20/03/2018,12000000,€12.00m,Olympique Marseille,22,2018,3
354361,20/12/2019,25000000,€25.00m,Villarreal CF,24,2019,12
354361,20/12/2023,35000000,€35.00m,SSC Napoli,28,2023,12
354361,21/03/2023,40000000,€40.00m,SSC Napoli,27,2023,3
354361,23/12/2025,25000000,€25.00m,SSC Napoli,30,2025,12
354361,24/01/2018,7000000,€7.00m,Olympique Marseille,22,2018,1
354361,28/12/2021,30000000,€30.00m,SSC Napoli,26,2021,12
355915,01/03/2019,15000000,€15.00m,Genoa CFC,20,2019,2
355915,03/06/2021,30000000,€30.00m,Atalanta BC,23,2021,6
355915,03/11/2022,55000000,€55.00m,Tottenham Hotspur,24,2022,11
355915,06/02/2016,150000,€150k,CA Belgrano II,17,2016,2
355915,06/06/2019,15000000,€15.00m,Genoa CFC,21,2019,6
355915,08/04/2020,13500000,€13.50m,Genoa CFC,21,2020,4
355915,08/05/2018,750000,€750k,Club Atlético Belgrano,20,2018,5
355915,09/10/2017,1000000,€1.00m,Club Atlético Belgrano,19,2017,10
355915,09/12/2025,60000000,€60.00m,Tottenham Hotspur,27,2025,12
355915,12/12/2019,15000000,€15.00m,Genoa CFC,21,2019,12
355915,13/02/2017,2000000,€2.00m,Club Atlético Belgrano,18,2017,2
355915,14/03/2024,60000000,€60.00m,Tottenham Hotspur,25,2024,3
355915,15/06/2022,48000000,€48.00m,Tottenham Hotspur,24,2022,6
355915,15/09/2022,55000000,€55.00m,Tottenham Hotspur,24,2022,9
355915,16/07/2021,35000000,€35.00m,Atalanta BC,23,2021,7
355915,16/12/2024,65000000,€65.00m,Tottenham Hotspur,26,2024,12
355915,17/10/2025,55000000,€55.00m,Tottenham Hotspur,27,2025,10
355915,18/03/2025,55000000,€55.00m,Tottenham Hotspur,26,2025,3
355915,19/07/2024,65000000,€65.00m,Tottenham Hotspur,26,2024,7
355915,19/12/2023,65000000,€65.00m,Tottenham Hotspur,25,2023,12
355915,20/06/2023,60000000,€60.00m,Tottenham Hotspur,25,2023,6
355915,20/12/2018,4000000,€4.00m,Genoa CFC,20,2018,12
355915,23/03/2021,25000000,€25.00m,Atalanta BC,22,2021,3
355915,23/12/2021,35000000,€35.00m,Tottenham Hotspur,23,2021,12
355915,23/12/2022,60000000,€60.00m,Tottenham Hotspur,24,2022,12
355915,25/08/2020,14000000,€14.00m,Genoa CFC,22,2020,8
355915,27/05/2024,60000000,€60.00m,Tottenham Hotspur,26,2024,5
355915,29/03/2022,40000000,€40.00m,Tottenham Hotspur,23,2022,3
355915,29/12/2020,15000000,€15.00m,Atalanta BC,22,2020,12
355915,30/05/2025,50000000,€50.00m,Tottenham Hotspur,27,2025,5
357119,03/11/2022,35000000,€35.00m,Liverpool FC,23,2022,11
357119,04/04/2018,7000000,€7.00m,RB Leipzig,18,2018,4
357119,05/06/2018,8000000,€8.00m,RB Leipzig,19,2018,6
357119,05/06/2019,45000000,€45.00m,RB Leipzig,20,2019,6
357119,06/03/2019,30000000,€30.00m,RB Leipzig,19,2019,3
357119,08/04/2020,40500000,€40.50m,RB Leipzig,20,2020,4
357119,09/06/2021,35000000,€35.00m,RB Leipzig,22,2021,6
357119,09/12/2025,50000000,€50.00m,Liverpool FC,26,2025,12
357119,10/02/2021,35000000,€35.00m,RB Leipzig,21,2021,2
357119,14/03/2024,45000000,€45.00m,Liverpool FC,24,2024,3
357119,15/06/2017,300000,€300k,FC Sochaux-Montbéliard,18,2017,6
357119,15/06/2022,40000000,€40.00m,Liverpool FC,23,2022,6
357119,16/12/2024,50000000,€50.00m,Liverpool FC,25,2024,12
357119,17/10/2025,55000000,€55.00m,Liverpool FC,26,2025,10
357119,17/12/2019,45000000,€45.00m,RB Leipzig,20,2019,12
357119,18/03/2025,60000000,€60.00m,Liverpool FC,25,2025,3
357119,18/12/2018,18000000,€18.00m,RB Leipzig,19,2018,12
357119,19/12/2023,38000000,€38.00m,Liverpool FC,24,2023,12
357119,20/03/2017,300000,€300k,FC Sochaux-Montbéliard,17,2017,3
357119,20/06/2023,38000000,€38.00m,Liverpool FC,24,2023,6
357119,22/10/2018,12000000,€12.00m,RB Leipzig,19,2018,10
357119,23/12/2021,30000000,€30.00m,Liverpool FC,22,2021,12
357119,27/05/2024,45000000,€45.00m,Liverpool FC,25,2024,5
357119,28/12/2017,3000000,€3.00m,RB Leipzig,18,2017,12
357119,30/05/2025,60000000,€60.00m,Liverpool FC,26,2025,5
357164,03/06/2019,15000000,€15.00m,LOSC Lille,19,2019,6
357164,03/06/2021,25000000,€25.00m,AC Milan,21,2021,6
357164,05/06/2024,90000000,€90.00m,AC Milan,24,2024,6
357164,07/03/2019,12000000,€12.00m,LOSC Lille,19,2019,3
357164,07/06/2022,70000000,€70.00m,AC Milan,22,2022,6
357164,08/04/2020,20000000,€20.00m,AC Milan,20,2020,4
357164,08/09/2017,500000,€500k,Sporting CP B,18,2017,9
357164,08/10/2019,22000000,€22.00m,AC Milan,20,2019,10
357164,11/11/2022,85000000,€85.00m,AC Milan,23,2022,11
357164,12/12/2019,22000000,€22.00m,AC Milan,20,2019,12
357164,13/06/2018,6000000,€6.00m,Sporting CP,19,2018,6
357164,15/03/2022,50000000,€50.00m,AC Milan,22,2022,3
357164,15/06/2023,90000000,€90.00m,AC Milan,24,2023,6
357164,16/04/2018,4000000,€4.00m,Sporting CP,18,2018,4
357164,17/06/2025,70000000,€70.00m,AC Milan,26,2025,6
357164,17/12/2018,6000000,€6.00m,LOSC Lille,19,2018,12
357164,18/10/2024,75000000,€75.00m,AC Milan,25,2024,10
357164,18/12/2024,75000000,€75.00m,AC Milan,25,2024,12
357164,20/12/2023,90000000,€90.00m,AC Milan,24,2023,12
357164,21/03/2023,80000000,€80.00m,AC Milan,23,2023,3
357164,23/02/2018,1500000,€1.50m,Sporting CP,18,2018,2
357164,23/12/2025,70000000,€70.00m,AC Milan,26,2025,12
357164,25/08/2020,24000000,€24.00m,AC Milan,21,2020,8
357164,28/12/2021,35000000,€35.00m,AC Milan,22,2021,12
357164,29/10/2020,28000000,€28.00m,AC Milan,21,2020,10
357164,29/12/2020,28000000,€28.00m,AC Milan,21,2020,12
357498,01/07/2018,1000000,€1.00m,ACF Fiorentina,18,2018,6
357498,03/03/2020,18000000,€18.00m,ACF Fiorentina,20,2020,3
357498,03/06/2021,40000000,€40.00m,ACF Fiorentina,21,2021,6
357498,04/05/2017,500000,€500k,FK Partizan Belgrade,17,2017,5
357498,05/06/2024,65000000,€65.00m,Juventus FC,24,2024,6
357498,06/06/2019,1500000,€1.50m,ACF Fiorentina,19,2019,6
357498,07/06/2022,85000000,€85.00m,Juventus FC,22,2022,6
357498,08/04/2020,16000000,€16.00m,ACF Fiorentina,20,2020,4
357498,08/10/2019,3000000,€3.00m,ACF Fiorentina,19,2019,10
357498,10/01/2018,1000000,€1.00m,FK Partizan Belgrade,17,2018,1
357498,11/11/2022,80000000,€80.00m,Juventus FC,22,2022,11
357498,12/03/2024,65000000,€65.00m,Juventus FC,24,2024,3
357498,12/12/2019,6000000,€6.00m,ACF Fiorentina,19,2019,12
357498,14/10/2021,50000000,€50.00m,ACF Fiorentina,21,2021,10
357498,15/03/2022,85000000,€85.00m,Juventus FC,22,2022,3
357498,15/06/2023,70000000,€70.00m,Juventus FC,23,2023,6
357498,17/06/2025,35000000,€35.00m,Juventus FC,25,2025,6
357498,18/12/2016,500000,€500k,FK Partizan Belgrade,16,2016,12
357498,18/12/2024,60000000,€60.00m,Juventus FC,24,2024,12
357498,20/12/2018,1000000,€1.00m,ACF Fiorentina,18,2018,12
357498,20/12/2023,60000000,€60.00m,Juventus FC,23,2023,12
357498,21/03/2023,75000000,€75.00m,Juventus FC,23,2023,3
357498,23/03/2021,25000000,€25.00m,ACF Fiorentina,21,2021,3
357498,23/12/2025,35000000,€35.00m,Juventus FC,25,2025,12
357498,25/03/2025,45000000,€45.00m,Juventus FC,25,2025,3
357498,25/08/2020,16000000,€16.00m,ACF Fiorentina,20,2020,8
357498,28/12/2021,70000000,€70.00m,ACF Fiorentina,21,2021,12
357498,29/05/2016,500000,€500k,FK Partizan Belgrade,16,2016,5
357498,29/12/2020,16000000,€16.00m,ACF Fiorentina,20,2020,12
357565,01/01/2018,20000000,€20.00m,Villarreal CF,21,2017,12
357565,01/08/2016,500000,€500k,Villarreal CF,20,2016,7
357565,03/11/2022,80000000,€80.00m,Manchester City,26,2022,11
357565,05/06/2017,2500000,€2.50m,Villarreal CF,20,2017,6
357565,08/04/2020,64000000,€64.00m,Manchester City,23,2020,4
357565,09/10/2023,100000000,€100.00m,Manchester City,27,2023,10
357565,09/12/2025,75000000,€75.00m,Manchester City,29,2025,12
357565,10/12/2019,80000000,€80.00m,Manchester City,23,2019,12
357565,11/06/2019,80000000,€80.00m,Atlético de Madrid,22,2019,6
357565,13/10/2020,64000000,€64.00m,Manchester City,24,2020,10
357565,15/06/2022,80000000,€80.00m,Manchester City,25,2022,6
357565,16/12/2024,130000000,€130.00m,Manchester City,28,2024,12
357565,17/10/2025,90000000,€90.00m,Manchester City,29,2025,10
357565,18/03/2021,70000000,€70.00m,Manchester City,24,2021,3
357565,18/07/2024,130000000,€130.00m,Manchester City,28,2024,7
357565,19/12/2023,110000000,€110.00m,Manchester City,27,2023,12
357565,20/06/2023,90000000,€90.00m,Manchester City,26,2023,6
357565,21/12/2018,50000000,€50.00m,Atlético de Madrid,22,2018,12
357565,23/12/2021,70000000,€70.00m,Manchester City,25,2021,12
357565,24/01/2017,1500000,€1.50m,Villarreal CF,20,2017,1
357565,27/05/2024,120000000,€120.00m,Manchester City,27,2024,5
357565,28/02/2019,60000000,€60.00m,Atlético de Madrid,22,2019,2
357565,30/05/2018,25000000,€25.00m,Villarreal CF,21,2018,5
357565,30/05/2025,110000000,€110.00m,Manchester City,28,2025,5
357565,31/05/2021,70000000,€70.00m,Manchester City,24,2021,5
357565,31/10/2018,40000000,€40.00m,Atlético de Madrid,22,2018,10
357662,02/01/2018,2000000,€2.00m,West Ham United,18,2018,1
357662,03/11/2022,80000000,€80.00m,West Ham United,23,2022,11
357662,05/03/2019,35000000,€35.00m,West Ham United,20,2019,3
357662,08/04/2020,49500000,€49.50m,West Ham United,21,2020,4
357662,09/10/2023,100000000,€100.00m,Arsenal FC,24,2023,10
357662,09/12/2025,120000000,€120.00m,Arsenal FC,26,2025,12
357662,10/12/2019,55000000,€55.00m,West Ham United,20,2019,12
357662,12/09/2019,50000000,€50.00m,West Ham United,20,2019,9
357662,13/06/2019,45000000,€45.00m,West Ham United,20,2019,6
357662,13/10/2020,55000000,€55.00m,West Ham United,21,2020,10
357662,15/06/2022,80000000,€80.00m,West Ham United,23,2022,6
357662,15/07/2021,70000000,€70.00m,West Ham United,22,2021,7
357662,16/12/2024,110000000,€110.00m,Arsenal FC,25,2024,12
357662,17/10/2018,15000000,€15.00m,West Ham United,19,2018,10
357662,18/03/2021,60000000,€60.00m,West Ham United,22,2021,3
357662,19/12/2018,20000000,€20.00m,West Ham United,19,2018,12
357662,19/12/2023,110000000,€110.00m,Arsenal FC,24,2023,12
357662,20/06/2023,90000000,€90.00m,West Ham United,24,2023,6
357662,23/10/2017,500000,€500k,West Ham United,18,2017,10
357662,23/12/2021,75000000,€75.00m,West Ham United,22,2021,12
357662,27/05/2024,120000000,€120.00m,Arsenal FC,25,2024,5
357662,28/05/2018,10000000,€10.00m,West Ham United,19,2018,5
357662,28/05/2021,65000000,€65.00m,West Ham United,22,2021,5
357662,30/05/2025,120000000,€120.00m,Arsenal FC,26,2025,5
357992,05/06/2024,15000000,€15.00m,Torino FC,24,2024,6
357992,07/06/2022,7000000,€7.00m,Cagliari Calcio,22,2022,6
357992,08/04/2020,900000,€900k,Atalanta BC,19,2020,4
357992,11/10/2023,7000000,€7.00m,Torino FC,23,2023,10
357992,11/11/2022,7000000,€7.00m,Inter Milan,22,2022,11
357992,12/03/2024,10000000,€10.00m,Torino FC,23,2024,3
357992,15/03/2022,5000000,€5.00m,Cagliari Calcio,21,2022,3
357992,15/06/2023,5000000,€5.00m,Inter Milan,23,2023,6
357992,17/06/2025,24000000,€24.00m,Atalanta BC,25,2025,6
357992,18/10/2024,20000000,€20.00m,Atalanta BC,24,2024,10
357992,18/12/2024,22000000,€22.00m,Atalanta BC,24,2024,12
357992,19/12/2019,1000000,€1.00m,FC Girondins Bordeaux,19,2019,12
357992,20/12/2023,7000000,€7.00m,Torino FC,23,2023,12
357992,21/03/2023,5000000,€5.00m,Inter Milan,22,2023,3
357992,22/02/2021,1100000,€1.10m,Delfino Pescara 1936,20,2021,2
357992,23/05/2019,1000000,€1.00m,Milan Primavera,19,2019,5
357992,23/12/2025,22000000,€22.00m,Atalanta BC,25,2025,12
357992,24/06/2021,1000000,€1.00m,Delfino Pescara 1936,21,2021,6
357992,25/08/2020,900000,€900k,Atalanta BC,20,2020,8
357992,28/12/2021,2000000,€2.00m,Cagliari Calcio,21,2021,12
358504,04/10/2021,6500000,€6.50m,PSV Eindhoven,23,2021,10
358504,05/01/2022,6500000,€6.50m,PSV Eindhoven,23,2022,1
358504,05/06/2025,25000000,€25.00m,SC Freiburg,26,2025,6
358504,08/04/2020,6300000,€6.30m,PSV Eindhoven,21,2020,4
358504,08/06/2022,8000000,€8.00m,PSV Eindhoven,23,2022,6
358504,09/06/2021,7000000,€7.00m,Arminia Bielefeld,22,2021,6
358504,09/11/2022,12000000,€12.00m,SC Freiburg,24,2022,11
358504,10/02/2021,7000000,€7.00m,Arminia Bielefeld,22,2021,2
358504,12/03/2020,7000000,€7.00m,PSV Eindhoven,21,2020,3
358504,12/06/2018,2500000,€2.50m,FC Groningen,19,2018,6
358504,12/06/2019,10000000,€10.00m,FC Groningen,20,2019,6
358504,14/12/2023,18000000,€18.00m,SC Freiburg,25,2023,12
358504,17/01/2018,1000000,€1.00m,FC Groningen,19,2018,1
358504,18/12/2019,8000000,€8.00m,PSV Eindhoven,21,2019,12
358504,19/12/2025,25000000,€25.00m,Eintracht Frankfurt,27,2025,12
358504,20/12/2024,22000000,€22.00m,SC Freiburg,26,2024,12
358504,22/06/2023,18000000,€18.00m,SC Freiburg,25,2023,6
358504,23/12/2022,15000000,€15.00m,SC Freiburg,24,2022,12
358504,25/02/2016,100000,€100k,Gamba Osaka,17,2016,2
358504,25/03/2017,150000,€150k,Gamba Osaka,18,2017,3
358504,26/10/2017,750000,€750k,FC Groningen,19,2017,10
358504,27/03/2018,1750000,€1.75m,FC Groningen,19,2018,3
358504,27/03/2024,15000000,€15.00m,SC Freiburg,25,2024,3
358504,28/12/2018,7500000,€7.50m,FC Groningen,20,2018,12
358504,29/05/2024,18000000,€18.00m,SC Freiburg,25,2024,5
360518,01/07/2017,350000,€350k,AZ Alkmaar,19,2017,6
360518,05/06/2024,50000000,€50.00m,Atalanta BC,26,2024,6
360518,06/01/2021,15000000,€15.00m,AZ Alkmaar,22,2021,1
360518,06/03/2021,17500000,€17.50m,AZ Alkmaar,23,2021,3
360518,07/06/2022,25000000,€25.00m,Atalanta BC,24,2022,6
360518,07/10/2025,30000000,€30.00m,Juventus FC,27,2025,10
360518,08/04/2020,14500000,€14.50m,AZ Alkmaar,22,2020,4
360518,11/10/2023,35000000,€35.00m,Atalanta BC,25,2023,10
360518,11/11/2022,30000000,€30.00m,Atalanta BC,24,2022,11
360518,12/03/2020,16000000,€16.00m,AZ Alkmaar,22,2020,3
360518,12/06/2018,3500000,€3.50m,AZ Alkmaar,20,2018,6
360518,12/06/2019,5000000,€5.00m,AZ Alkmaar,21,2019,6
360518,13/03/2019,5000000,€5.00m,AZ Alkmaar,21,2019,3
360518,14/10/2020,14500000,€14.50m,AZ Alkmaar,22,2020,10
360518,15/03/2022,25000000,€25.00m,Atalanta BC,24,2022,3
360518,15/06/2023,30000000,€30.00m,Atalanta BC,25,2023,6
360518,17/01/2018,1250000,€1.25m,AZ Alkmaar,19,2018,1
360518,17/06/2025,35000000,€35.00m,Juventus FC,27,2025,6
360518,18/10/2024,55000000,€55.00m,Juventus FC,26,2024,10
360518,18/12/2019,14000000,€14.00m,AZ Alkmaar,21,2019,12
360518,18/12/2024,50000000,€50.00m,Juventus FC,26,2024,12
360518,19/09/2019,7500000,€7.50m,AZ Alkmaar,21,2019,9
360518,20/12/2023,40000000,€40.00m,Atalanta BC,25,2023,12
360518,23/12/2025,28000000,€28.00m,Juventus FC,27,2025,12
360518,25/03/2025,40000000,€40.00m,Juventus FC,27,2025,3
360518,26/10/2017,600000,€600k,AZ Alkmaar,19,2017,10
360518,27/03/2018,2000000,€2.00m,AZ Alkmaar,20,2018,3
360518,27/05/2021,16500000,€16.50m,AZ Alkmaar,23,2021,5
360518,28/12/2018,3500000,€3.50m,AZ Alkmaar,20,2018,12
360518,28/12/2021,18000000,€18.00m,Atalanta BC,23,2021,12
361914,03/06/2019,1500000,€1.50m,Dijon FCO,23,2019,6
361914,03/08/2020,4000000,€4.00m,Dijon FCO,24,2020,8
361914,03/11/2022,25000000,€25.00m,West Ham United,26,2022,11
361914,04/06/2021,8000000,€8.00m,Stade Rennais FC,25,2021,6
361914,06/09/2018,1250000,€1.25m,Dijon FCO,22,2018,9
361914,08/04/2020,2400000,€2.40m,Dijon FCO,24,2020,4
361914,09/06/2025,18000000,€18.00m,Real Sociedad,29,2025,6
361914,10/01/2018,550000,€550k,FUS Rabat,21,2018,1
361914,10/06/2018,900000,€900k,FUS Rabat,22,2018,6
361914,10/10/2025,20000000,€20.00m,Olympique Marseille,29,2025,10
361914,15/09/2022,25000000,€25.00m,West Ham United,26,2022,9
361914,15/10/2020,8000000,€8.00m,Stade Rennais FC,24,2020,10
361914,15/12/2025,22000000,€22.00m,Olympique Marseille,29,2025,12
361914,16/03/2023,32000000,€32.00m,West Ham United,26,2023,3
361914,16/12/2021,9000000,€9.00m,Stade Rennais FC,25,2021,12
361914,17/10/2017,300000,€300k,FUS Rabat,21,2017,10
361914,17/12/2018,1250000,€1.25m,Dijon FCO,22,2018,12
361914,19/12/2019,3000000,€3.00m,Dijon FCO,23,2019,12
361914,19/12/2023,38000000,€38.00m,West Ham United,27,2023,12
361914,20/06/2023,35000000,€35.00m,West Ham United,27,2023,6
361914,21/03/2025,25000000,€25.00m,Real Sociedad,28,2025,3
361914,27/05/2024,35000000,€35.00m,West Ham United,28,2024,5
361914,27/09/2019,3000000,€3.00m,Dijon FCO,23,2019,9
361914,27/12/2024,35000000,€35.00m,Real Sociedad,28,2024,12
361914,30/05/2022,12000000,€12.00m,Stade Rennais FC,26,2022,5
364135,05/06/2024,14000000,€14.00m,Juventus FC,24,2024,6
364135,06/06/2019,40000000,€40.00m,Juventus FC,19,2019,6
364135,07/01/2021,30000000,€30.00m,Paris Saint-Germain,20,2021,1
364135,07/06/2018,12000000,€12.00m,Hellas Verona,18,2018,6
364135,07/06/2022,24000000,€24.00m,Juventus FC,22,2022,6
364135,08/04/2020,25000000,€25.00m,Everton FC,20,2020,4
364135,09/03/2020,28000000,€28.00m,Everton FC,20,2020,3
364135,09/04/2021,35000000,€35.00m,Paris Saint-Germain,21,2021,4
364135,10/12/2019,32000000,€32.00m,Everton FC,19,2019,12
364135,11/11/2022,20000000,€20.00m,Juventus FC,22,2022,11
364135,13/10/2017,2500000,€2.50m,Hellas Verona,17,2017,10
364135,14/11/2016,600000,€600k,Juventus Primavera,16,2016,11
364135,15/03/2022,28000000,€28.00m,Juventus FC,22,2022,3
364135,15/06/2023,18000000,€18.00m,Juventus FC,23,2023,6
364135,15/10/2020,25000000,€25.00m,Paris Saint-Germain,20,2020,10
364135,17/06/2025,50000000,€50.00m,ACF Fiorentina,25,2025,6
364135,18/10/2024,18000000,€18.00m,ACF Fiorentina,24,2024,10
364135,18/12/2024,30000000,€30.00m,ACF Fiorentina,24,2024,12
364135,20/12/2018,15000000,€15.00m,Juventus FC,18,2018,12
364135,20/12/2023,18000000,€18.00m,Juventus FC,23,2023,12
364135,23/12/2025,45000000,€45.00m,ACF Fiorentina,25,2025,12
364135,25/03/2025,40000000,€40.00m,ACF Fiorentina,25,2025,3
364135,25/05/2021,35000000,€35.00m,Paris Saint-Germain,21,2021,5
364135,26/06/2017,1500000,€1.50m,Juventus Primavera,17,2017,6
364135,28/12/2021,32000000,€32.00m,Juventus FC,21,2021,12
364135,29/12/2017,7000000,€7.00m,Hellas Verona,17,2017,12
364245,01/03/2018,100000,€100k,PSV Eindhoven U19,18,2018,2
364245,03/06/2025,9000000,€9.00m,AS Monaco,25,2025,6
364245,04/10/2021,6000000,€6.00m,PSV Eindhoven,22,2021,10
364245,05/01/2022,5000000,€5.00m,PSV Eindhoven,22,2022,1
364245,06/01/2021,4500000,€4.50m,PSV Eindhoven,21,2021,1
364245,08/04/2020,450000,€450k,PSV Eindhoven,20,2020,4
364245,08/06/2022,8000000,€8.00m,PSV Eindhoven,22,2022,6
364245,09/03/2021,6000000,€6.00m,PSV Eindhoven,21,2021,3
364245,10/12/2024,15000000,€15.00m,AS Monaco,25,2024,12
364245,11/11/2022,7000000,€7.00m,PSV Eindhoven,23,2022,11
364245,12/06/2019,500000,€500k,PSV Eindhoven U21,19,2019,6
364245,14/09/2022,9000000,€9.00m,PSV Eindhoven,22,2022,9
364245,14/10/2020,2000000,€2.00m,PSV Eindhoven,21,2020,10
364245,15/12/2023,14000000,€14.00m,PSV Eindhoven,24,2023,12
364245,15/12/2025,12000000,€12.00m,AS Monaco,26,2025,12
364245,17/03/2023,6000000,€6.00m,PSV Eindhoven,23,2023,3
364245,17/10/2023,9000000,€9.00m,PSV Eindhoven,24,2023,10
364245,18/03/2024,16000000,€16.00m,PSV Eindhoven,24,2024,3
364245,18/12/2019,500000,€500k,PSV Eindhoven U21,20,2019,12
364245,19/05/2021,7500000,€7.50m,PSV Eindhoven,21,2021,5
364245,21/01/2019,400000,€400k,PSV Eindhoven U21,19,2019,1
364245,23/06/2023,6000000,€6.00m,PSV Eindhoven,23,2023,6
364245,24/03/2025,12000000,€12.00m,AS Monaco,25,2025,3
364245,28/12/2018,200000,€200k,PSV Eindhoven U21,19,2018,12
364245,29/06/2018,200000,€200k,PSV Eindhoven U19,18,2018,6
364245,31/05/2024,18000000,€18.00m,PSV Eindhoven,24,2024,5
365108,03/01/2022,4000000,€4.00m,FC Basel 1893,21,2022,1
365108,04/06/2019,600000,€600k,FC Lausanne-Sport,18,2019,6
365108,05/06/2024,14000000,€14.00m,Bologna FC 1909,23,2024,6
365108,06/01/2020,1000000,€1.00m,FC Lausanne-Sport,19,2020,1
365108,07/01/2021,4000000,€4.00m,OGC Nice,20,2021,1
365108,07/06/2023,3500000,€3.50m,FC Basel 1893,22,2023,6
365108,07/10/2019,1000000,€1.00m,FC Lausanne-Sport,18,2019,10
365108,08/04/2020,900000,€900k,FC Lausanne-Sport,19,2020,4
365108,08/06/2022,4000000,€4.00m,FC Basel 1893,21,2022,6
365108,09/12/2025,40000000,€40.00m,Nottingham Forest,25,2025,12
365108,10/11/2022,3500000,€3.50m,FC Basel 1893,22,2022,11
365108,11/10/2023,8500000,€8.50m,Bologna FC 1909,22,2023,10
365108,15/10/2020,2000000,€2.00m,OGC Nice,19,2020,10
365108,17/06/2025,35000000,€35.00m,Bologna FC 1909,24,2025,6
365108,17/10/2025,40000000,€40.00m,Nottingham Forest,24,2025,10
365108,18/07/2024,22000000,€22.00m,Bologna FC 1909,23,2024,7
365108,18/12/2024,25000000,€25.00m,Bologna FC 1909,24,2024,12
365108,20/12/2023,10000000,€10.00m,Bologna FC 1909,23,2023,12
365108,25/05/2021,4000000,€4.00m,OGC Nice,20,2021,5
365108,31/07/2020,1300000,€1.30m,FC Lausanne-Sport,19,2020,7
366930,02/10/2025,15000000,€15.00m,Real Sociedad,25,2025,10
366930,03/11/2022,15000000,€15.00m,Manchester City,22,2022,11
366930,04/04/2018,2000000,€2.00m,Borussia Dortmund,17,2018,4
366930,05/01/2021,2500000,€2.50m,SD Huesca,20,2021,1
366930,05/06/2018,2000000,€2.00m,Borussia Dortmund,17,2018,6
366930,05/06/2019,3000000,€3.00m,Borussia Dortmund,18,2019,6
366930,06/01/2022,9000000,€9.00m,RSC Anderlecht,21,2022,1
366930,06/10/2021,3000000,€3.00m,RSC Anderlecht,21,2021,10
366930,08/04/2020,2300000,€2.30m,SD Huesca,19,2020,4
366930,08/10/2020,2500000,€2.50m,SD Huesca,20,2020,10
366930,09/06/2025,20000000,€20.00m,Real Sociedad,24,2025,6
366930,10/06/2021,2500000,€2.50m,SD Huesca,20,2021,6
366930,12/04/2022,10000000,€10.00m,RSC Anderlecht,21,2022,4
366930,12/12/2025,15000000,€15.00m,Real Sociedad,25,2025,12
366930,15/09/2022,13000000,€13.00m,Manchester City,22,2022,9
366930,18/12/2018,3000000,€3.00m,Borussia Dortmund,18,2018,12
366930,19/12/2023,10000000,€10.00m,Manchester City,23,2023,12
366930,20/06/2023,13000000,€13.00m,Manchester City,22,2023,6
366930,20/12/2019,2500000,€2.50m,SD Huesca,19,2019,12
366930,27/05/2024,10000000,€10.00m,Manchester City,23,2024,5
366930,27/12/2024,20000000,€20.00m,Real Sociedad,24,2024,12
368482,03/03/2020,25000000,€25.00m,Bologna FC 1909,23,2020,3
368482,03/06/2021,15000000,€15.00m,Bologna FC 1909,24,2021,6
368482,05/06/2024,16000000,€16.00m,Bologna FC 1909,27,2024,6
368482,06/06/2019,15000000,€15.00m,Bologna FC 1909,22,2019,6
368482,07/06/2018,3500000,€3.50m,Bologna FC 1909,21,2018,6
368482,07/06/2022,10000000,€10.00m,Bologna FC 1909,25,2022,6
368482,08/04/2020,20000000,€20.00m,Bologna FC 1909,23,2020,4
368482,08/10/2019,20000000,€20.00m,Bologna FC 1909,22,2019,10
368482,09/06/2017,3500000,€3.50m,Ascoli Picchio,20,2017,6
368482,11/11/2022,7500000,€7.50m,Bologna FC 1909,25,2022,11
368482,12/03/2024,14000000,€14.00m,Bologna FC 1909,27,2024,3
368482,12/12/2019,20000000,€20.00m,Bologna FC 1909,22,2019,12
368482,13/06/2016,400000,€400k,Ascoli Picchio Primavera,19,2016,6
368482,15/06/2023,12000000,€12.00m,Bologna FC 1909,26,2023,6
368482,17/06/2025,25000000,€25.00m,Bologna FC 1909,28,2025,6
368482,18/12/2024,16000000,€16.00m,Bologna FC 1909,27,2024,12
368482,19/12/2016,1500000,€1.50m,Ascoli Picchio,19,2016,12
368482,20/12/2018,4000000,€4.00m,Bologna FC 1909,21,2018,12
368482,20/12/2023,12000000,€12.00m,Bologna FC 1909,26,2023,12
368482,21/03/2023,10000000,€10.00m,Bologna FC 1909,26,2023,3
368482,23/03/2021,18000000,€18.00m,Bologna FC 1909,24,2021,3
368482,23/12/2025,25000000,€25.00m,Bologna FC 1909,28,2025,12
368482,25/03/2025,20000000,€20.00m,Bologna FC 1909,28,2025,3
368482,25/08/2020,22000000,€22.00m,Bologna FC 1909,23,2020,8
368482,28/12/2021,10000000,€10.00m,Bologna FC 1909,24,2021,12
368482,29/12/2017,3500000,€3.50m,Atalanta BC,20,2017,12
368482,29/12/2020,22000000,€22.00m,Bologna FC 1909,23,2020,12
368482,30/11/2015,75000,€75k,Ascoli Picchio Primavera,18,2015,11
368887,01/08/2018,200000,€200k,Club Brugge KV,18,2018,7
368887,02/11/2022,12000000,€12.00m,RC Lens,22,2022,11
368887,04/03/2019,1000000,€1.00m,Club Brugge KV,19,2019,3
368887,05/01/2022,4000000,€4.00m,Vitesse Arnhem,21,2022,1
368887,05/06/2025,50000000,€50.00m,RB Leipzig,25,2025,6
368887,06/01/2021,3500000,€3.50m,Vitesse Arnhem,20,2021,1
368887,07/10/2025,45000000,€45.00m,Juventus FC,25,2025,10
368887,08/04/2020,4000000,€4.00m,Club Brugge KV,20,2020,4
368887,08/06/2022,7500000,€7.50m,Vitesse Arnhem,22,2022,6
368887,09/03/2021,3000000,€3.00m,Vitesse Arnhem,21,2021,3
368887,10/06/2019,3000000,€3.00m,Club Brugge KV,19,2019,6
368887,11/02/2020,4500000,€4.50m,Club Brugge KV,19,2020,2
368887,11/09/2018,600000,€600k,Club Brugge KV,18,2018,9
368887,13/09/2019,4500000,€4.50m,Club Brugge KV,19,2019,9
368887,13/12/2019,6000000,€6.00m,Club Brugge KV,19,2019,12
368887,14/10/2020,4000000,€4.00m,Vitesse Arnhem,20,2020,10
368887,14/12/2023,55000000,€55.00m,RB Leipzig,23,2023,12
368887,17/03/2022,5500000,€5.50m,Vitesse Arnhem,22,2022,3
368887,18/10/2023,45000000,€45.00m,RB Leipzig,23,2023,10
368887,19/05/2021,3000000,€3.00m,Vitesse Arnhem,21,2021,5
368887,19/09/2022,12000000,€12.00m,RC Lens,22,2022,9
368887,20/12/2024,60000000,€60.00m,RB Leipzig,24,2024,12
368887,23/12/2025,40000000,€40.00m,Juventus FC,25,2025,12
368887,27/03/2023,20000000,€20.00m,RC Lens,23,2023,3
368887,27/03/2024,60000000,€60.00m,RB Leipzig,24,2024,3
368887,27/06/2023,35000000,€35.00m,RC Lens,23,2023,6
368887,27/12/2018,900000,€900k,Club Brugge KV,18,2018,12
368887,29/05/2024,60000000,€60.00m,RB Leipzig,24,2024,5
368891,02/11/2022,20000000,€20.00m,Stade Rennais FC,22,2022,11
368891,03/06/2024,20000000,€20.00m,Stade Rennais FC,24,2024,6
368891,04/01/2021,1500000,€1.50m,KV Oostende (-2024),20,2021,1
368891,05/06/2025,24000000,€24.00m,Eintracht Frankfurt,25,2025,6
368891,06/08/2020,150000,€150k,KV Oostende (-2024),20,2020,8
368891,07/06/2021,5000000,€5.00m,KV Oostende (-2024),21,2021,6
368891,07/06/2022,15000000,€15.00m,Bologna FC 1909,22,2022,6
368891,14/10/2021,6000000,€6.00m,Bologna FC 1909,21,2021,10
368891,16/10/2020,1000000,€1.00m,KV Oostende (-2024),20,2020,10
368891,17/03/2021,4000000,€4.00m,KV Oostende (-2024),20,2021,3
368891,18/12/2023,20000000,€20.00m,Stade Rennais FC,23,2023,12
368891,19/09/2022,18000000,€18.00m,Stade Rennais FC,22,2022,9
368891,19/12/2025,24000000,€24.00m,Eintracht Frankfurt,25,2025,12
368891,20/12/2024,20000000,€20.00m,Eintracht Frankfurt,24,2024,12
368891,27/03/2025,24000000,€24.00m,Eintracht Frankfurt,24,2025,3
368891,27/06/2023,22000000,€22.00m,Stade Rennais FC,23,2023,6
368891,28/12/2021,10000000,€10.00m,Bologna FC 1909,21,2021,12
369081,01/01/2018,3000000,€3.00m,Deportivo de La Coruña,19,2017,12
369081,01/08/2016,500000,€500k,Real Madrid Castilla,18,2016,7
369081,02/02/2017,1000000,€1.00m,Real Madrid Castilla,18,2017,2
369081,03/06/2022,70000000,€70.00m,Real Madrid,23,2022,6
369081,05/01/2021,70000000,€70.00m,Real Madrid,22,2021,1
369081,05/03/2020,60000000,€60.00m,Real Madrid,21,2020,3
369081,07/06/2024,120000000,€120.00m,Real Madrid,25,2024,6
369081,07/11/2022,100000000,€100.00m,Real Madrid,24,2022,11
369081,08/04/2020,54000000,€54.00m,Real Madrid,21,2020,4
369081,08/10/2020,70000000,€70.00m,Real Madrid,22,2020,10
369081,09/06/2025,130000000,€130.00m,Real Madrid,26,2025,6
369081,10/06/2021,65000000,€65.00m,Real Madrid,22,2021,6
369081,11/06/2019,20000000,€20.00m,Real Madrid,20,2019,6
369081,11/10/2024,130000000,€130.00m,Real Madrid,26,2024,10
369081,12/12/2025,120000000,€120.00m,Real Madrid,27,2025,12
369081,13/06/2023,100000000,€100.00m,Real Madrid,24,2023,6
369081,14/08/2015,400000,€400k,CA Peñarol,17,2015,8
369081,20/12/2019,50000000,€50.00m,Real Madrid,21,2019,12
369081,21/12/2018,6000000,€6.00m,Real Madrid,20,2018,12
369081,22/06/2017,3000000,€3.00m,Real Madrid Castilla,18,2017,6
369081,22/12/2023,100000000,€100.00m,Real Madrid,25,2023,12
369081,23/09/2022,80000000,€80.00m,Real Madrid,24,2022,9
369081,25/02/2016,450000,€450k,CA Peñarol,17,2016,2
369081,27/10/2016,1000000,€1.00m,Real Madrid Castilla,18,2016,10
369081,27/12/2024,130000000,€130.00m,Real Madrid,26,2024,12
369081,30/05/2018,6000000,€6.00m,Deportivo de La Coruña,19,2018,5
369081,30/12/2021,65000000,€65.00m,Real Madrid,23,2021,12
370789,05/06/2025,20000000,€20.00m,Borussia Dortmund,27,2025,6
370789,08/01/2019,400000,€400k,1.FC Union Berlin,21,2019,1
370789,08/04/2020,400000,€400k,1.FC Union Berlin,22,2020,4
370789,09/06/2021,2500000,€2.50m,1.FC Union Berlin,23,2021,6
370789,09/06/2022,4000000,€4.00m,1.FC Union Berlin,24,2022,6
370789,09/11/2022,7500000,€7.50m,1.FC Union Berlin,24,2022,11
370789,10/02/2021,1000000,€1.00m,1.FC Union Berlin,23,2021,2
370789,12/06/2019,500000,€500k,1.FC Union Berlin,21,2019,6
370789,14/12/2023,15000000,€15.00m,Borussia Dortmund,26,2023,12
370789,17/12/2019,500000,€500k,1.FC Union Berlin,22,2019,12
370789,18/10/2023,15000000,€15.00m,Borussia Dortmund,25,2023,10
370789,18/12/2016,200000,€200k,Viking FK,19,2016,12
370789,19/12/2025,20000000,€20.00m,Borussia Dortmund,28,2025,12
370789,20/12/2024,20000000,€20.00m,Borussia Dortmund,27,2024,12
370789,21/08/2018,400000,€400k,1.FC Union Berlin,20,2018,8
370789,21/09/2022,5500000,€5.50m,1.FC Union Berlin,24,2022,9
370789,22/06/2023,13000000,€13.00m,Borussia Dortmund,25,2023,6
370789,22/12/2021,4000000,€4.00m,1.FC Union Berlin,24,2021,12
370789,23/12/2017,400000,€400k,Viking FK,20,2017,12
370789,26/11/2020,800000,€800k,1.FC Union Berlin,23,2020,11
370789,29/03/2023,10000000,€10.00m,Borussia Dortmund,25,2023,3
370789,29/05/2024,20000000,€20.00m,Borussia Dortmund,26,2024,5
370846,02/11/2022,12000000,€12.00m,LOSC Lille,22,2022,11
370846,03/06/2019,6000000,€6.00m,Paris Saint-Germain,19,2019,6
370846,04/06/2018,1000000,€1.00m,Paris Saint-Germain B,18,2018,6
370846,04/06/2021,12000000,€12.00m,LOSC Lille,21,2021,6
370846,05/06/2024,12000000,€12.00m,Juventus FC,24,2024,6
370846,06/09/2018,5000000,€5.00m,Paris Saint-Germain,18,2018,9
370846,08/04/2020,7200000,€7.20m,LOSC Lille,20,2020,4
370846,09/04/2021,12000000,€12.00m,LOSC Lille,21,2021,4
370846,10/10/2025,20000000,€20.00m,Olympique Marseille,25,2025,10
370846,15/10/2020,7500000,€7.50m,LOSC Lille,20,2020,10
370846,15/12/2025,20000000,€20.00m,Olympique Marseille,25,2025,12
370846,16/12/2021,15000000,€15.00m,LOSC Lille,21,2021,12
370846,17/06/2025,17000000,€17.00m,Juventus FC,25,2025,6
370846,17/12/2018,5000000,€5.00m,Paris Saint-Germain,18,2018,12
370846,18/12/2024,17000000,€17.00m,Juventus FC,24,2024,12
370846,19/12/2019,8000000,€8.00m,LOSC Lille,19,2019,12
370846,20/12/2023,14000000,€14.00m,Juventus FC,23,2023,12
370846,21/03/2022,13000000,€13.00m,LOSC Lille,22,2022,3
370846,27/06/2023,14000000,€14.00m,LOSC Lille,23,2023,6
370846,27/09/2019,8000000,€8.00m,LOSC Lille,19,2019,9
370846,30/05/2022,12000000,€12.00m,LOSC Lille,22,2022,5
371149,02/10/2019,22000000,€22.00m,Eintracht Frankfurt,20,2019,10
371149,05/06/2019,25000000,€25.00m,Eintracht Frankfurt,19,2019,6
371149,05/06/2024,25000000,€25.00m,AS Roma,24,2024,6
371149,06/03/2019,22000000,€22.00m,Eintracht Frankfurt,19,2019,3
371149,08/04/2020,22500000,€22.50m,Eintracht Frankfurt,20,2020,4
371149,09/06/2021,28000000,€28.00m,Eintracht Frankfurt,21,2021,6
371149,09/06/2022,32000000,€32.00m,Eintracht Frankfurt,22,2022,6
371149,09/11/2022,32000000,€32.00m,Eintracht Frankfurt,23,2022,11
371149,10/02/2021,22500000,€22.50m,Eintracht Frankfurt,21,2021,2
371149,11/03/2020,25000000,€25.00m,Eintracht Frankfurt,20,2020,3
371149,15/06/2017,100000,€100k,AJ Auxerre,17,2017,6
371149,16/05/2018,400000,€400k,AJ Auxerre,18,2018,5
371149,17/06/2025,30000000,€30.00m,AS Roma,25,2025,6
371149,17/12/2019,20000000,€20.00m,Eintracht Frankfurt,20,2019,12
371149,18/12/2018,15000000,€15.00m,Eintracht Frankfurt,19,2018,12
371149,18/12/2024,25000000,€25.00m,AS Roma,25,2024,12
371149,20/03/2017,100000,€100k,AJ Auxerre,17,2017,3
371149,20/12/2023,24000000,€24.00m,AS Roma,24,2023,12
371149,22/06/2023,28000000,€28.00m,Eintracht Frankfurt,23,2023,6
371149,22/08/2018,4000000,€4.00m,Eintracht Frankfurt,19,2018,8
371149,22/10/2018,6000000,€6.00m,Eintracht Frankfurt,19,2018,10
371149,22/12/2021,28000000,€28.00m,Eintracht Frankfurt,22,2021,12
371149,23/12/2025,30000000,€30.00m,AS Roma,26,2025,12
371149,31/03/2021,28000000,€28.00m,Eintracht Frankfurt,21,2021,3
371998,02/10/2025,150000000,€150.00m,Real Madrid,25,2025,10
371998,03/06/2022,100000000,€100.00m,Real Madrid,21,2022,6
371998,05/01/2021,40000000,€40.00m,Real Madrid,20,2021,1
371998,07/06/2024,180000000,€180.00m,Real Madrid,23,2024,6
371998,07/11/2022,120000000,€120.00m,Real Madrid,22,2022,11
371998,07/12/2017,20000000,€20.00m,CR Flamengo,17,2017,12
371998,08/04/2020,45000000,€45.00m,Real Madrid,19,2020,4
371998,08/10/2020,50000000,€50.00m,Real Madrid,20,2020,10
371998,09/06/2025,170000000,€170.00m,Real Madrid,24,2025,6
371998,10/06/2021,40000000,€40.00m,Real Madrid,20,2021,6
371998,11/06/2019,70000000,€70.00m,Real Madrid,18,2019,6
371998,11/10/2024,200000000,€200.00m,Real Madrid,24,2024,10
371998,12/12/2025,150000000,€150.00m,Real Madrid,25,2025,12
371998,13/06/2023,150000000,€150.00m,Real Madrid,22,2023,6
371998,13/10/2021,50000000,€50.00m,Real Madrid,21,2021,10
371998,20/12/2019,50000000,€50.00m,Real Madrid,19,2019,12
371998,21/12/2018,35000000,€35.00m,Real Madrid,18,2018,12
371998,22/12/2023,150000000,€150.00m,Real Madrid,23,2023,12
371998,23/05/2018,35000000,€35.00m,CR Flamengo,17,2018,5
371998,23/09/2022,120000000,€120.00m,Real Madrid,22,2022,9
371998,27/12/2024,200000000,€200.00m,Real Madrid,24,2024,12
371998,28/02/2019,70000000,€70.00m,Real Madrid,18,2019,2
371998,30/10/2017,10000000,€10.00m,CR Flamengo,17,2017,10
371998,30/12/2021,100000000,€100.00m,Real Madrid,21,2021,12
376514,01/01/2018,800000,€800k,Getafe CF,20,2017,12
376514,03/06/2022,15000000,€15.00m,Getafe CF,24,2022,6
376514,05/01/2021,8000000,€8.00m,Getafe CF,23,2021,1
376514,05/06/2024,15000000,€15.00m,SSC Napoli,26,2024,6
376514,08/04/2020,1600000,€1.60m,Getafe CF,22,2020,4
376514,08/10/2020,8000000,€8.00m,Getafe CF,22,2020,10
376514,09/09/2016,200000,€200k,Club Nacional,18,2016,9
376514,10/06/2021,12000000,€12.00m,Getafe CF,23,2021,6
376514,11/06/2019,3000000,€3.00m,Getafe CF,21,2019,6
376514,11/11/2022,15000000,€15.00m,SSC Napoli,25,2022,11
376514,15/01/2019,800000,€800k,Albacete Balompié,21,2019,1
376514,15/06/2023,18000000,€18.00m,SSC Napoli,25,2023,6
376514,17/06/2025,20000000,€20.00m,SSC Napoli,27,2025,6
376514,17/08/2017,800000,€800k,Getafe CF,19,2017,8
376514,18/12/2024,18000000,€18.00m,SSC Napoli,27,2024,12
376514,20/12/2019,2000000,€2.00m,Getafe CF,22,2019,12
376514,20/12/2023,17000000,€17.00m,SSC Napoli,26,2023,12
376514,21/03/2022,15000000,€15.00m,Getafe CF,24,2022,3
376514,21/03/2023,18000000,€18.00m,SSC Napoli,25,2023,3
376514,22/05/2017,300000,€300k,CA Atenas de San Carlos,19,2017,5
376514,23/12/2025,18000000,€18.00m,SSC Napoli,28,2025,12
376514,25/02/2016,100000,€100k,Club Nacional,18,2016,2
376514,30/05/2018,800000,€800k,Getafe CF,20,2018,5
376514,30/12/2021,12000000,€12.00m,Getafe CF,24,2021,12
381950,03/06/2018,800000,€800k,RSC Anderlecht,18,2018,6
381950,03/06/2021,18000000,€18.00m,AC Milan,21,2021,6
381950,04/03/2019,3500000,€3.50m,RSC Anderlecht,19,2019,3
381950,05/06/2024,12000000,€12.00m,Bologna FC 1909,24,2024,6
381950,06/09/2019,4500000,€4.50m,RSC Anderlecht,20,2019,9
381950,07/06/2022,17000000,€17.00m,AC Milan,22,2022,6
381950,07/10/2025,20000000,€20.00m,AC Milan,26,2025,10
381950,08/04/2020,6300000,€6.30m,AC Milan,20,2020,4
381950,10/06/2019,3500000,€3.50m,RSC Anderlecht,19,2019,6
381950,11/09/2018,2500000,€2.50m,RSC Anderlecht,19,2018,9
381950,11/10/2023,10000000,€10.00m,Bologna FC 1909,24,2023,10
381950,11/11/2022,15000000,€15.00m,AC Milan,23,2022,11
381950,13/12/2019,7000000,€7.00m,RSC Anderlecht,20,2019,12
381950,15/06/2023,15000000,€15.00m,AC Milan,23,2023,6
381950,17/06/2025,17000000,€17.00m,AS Roma,25,2025,6
381950,18/12/2024,12000000,€12.00m,AS Roma,25,2024,12
381950,20/12/2023,10000000,€10.00m,Bologna FC 1909,24,2023,12
381950,23/12/2025,25000000,€25.00m,AC Milan,26,2025,12
381950,25/03/2025,17000000,€17.00m,AS Roma,25,2025,3
381950,25/08/2020,8000000,€8.00m,AC Milan,21,2020,8
381950,27/12/2018,3000000,€3.00m,RSC Anderlecht,19,2018,12
381950,28/12/2021,20000000,€20.00m,AC Milan,22,2021,12
381950,29/10/2020,15000000,€15.00m,AC Milan,21,2020,10
381950,29/12/2020,18000000,€18.00m,AC Milan,21,2020,12
386446,03/06/2021,2500000,€2.50m,Torino FC,21,2021,6
386446,05/06/2019,500000,€500k,Carpi FC 1909,19,2019,6
386446,05/06/2024,35000000,€35.00m,Torino FC,24,2024,6
386446,07/06/2022,4000000,€4.00m,Torino FC,23,2022,6
386446,08/04/2020,450000,€450k,Trapani Calcio,20,2020,4
386446,11/02/2020,500000,€500k,Trapani Calcio,20,2020,2
386446,11/10/2023,20000000,€20.00m,Torino FC,24,2023,10
386446,11/11/2022,5000000,€5.00m,Torino FC,23,2022,11
386446,12/03/2024,30000000,€30.00m,Torino FC,24,2024,3
386446,14/11/2016,50000,€50k,Torino Primavera,17,2016,11
386446,15/06/2023,10000000,€10.00m,Torino FC,24,2023,6
386446,17/01/2019,500000,€500k,Carpi FC 1909,19,2019,1
386446,17/06/2025,50000000,€50.00m,SSC Napoli,26,2025,6
386446,18/12/2024,45000000,€45.00m,SSC Napoli,25,2024,12
386446,20/12/2023,22000000,€22.00m,Torino FC,24,2023,12
386446,21/03/2023,8000000,€8.00m,Torino FC,23,2023,3
386446,21/08/2020,600000,€600k,Trapani Calcio,21,2020,8
386446,23/03/2021,1300000,€1.30m,Torino FC,21,2021,3
386446,23/12/2025,45000000,€45.00m,SSC Napoli,26,2025,12
386446,26/06/2017,75000,€75k,Torino Primavera,18,2017,6
386446,28/12/2021,4000000,€4.00m,Torino FC,22,2021,12
386446,29/12/2020,800000,€800k,Torino FC,21,2020,12
386446,30/06/2018,125000,€125k,Torino Primavera,19,2018,6
387106,02/11/2022,22000000,€22.00m,Stade Rennais FC,24,2022,11
387106,05/06/2025,17000000,€17.00m,VfL Wolfsburg,27,2025,6
387106,08/04/2020,2300000,€2.30m,GNK Dinamo Zagreb,22,2020,4
387106,10/06/2021,13000000,€13.00m,GNK Dinamo Zagreb,23,2021,6
387106,11/03/2019,2500000,€2.50m,GNK Dinamo Zagreb,21,2019,3
387106,13/03/2017,950000,€950k,NK Lokomotiva Zagreb,19,2017,3
387106,14/09/2016,150000,€150k,NK Lokomotiva Zagreb,18,2016,9
387106,14/12/2023,25000000,€25.00m,VfL Wolfsburg,25,2023,12
387106,16/09/2019,2500000,€2.50m,GNK Dinamo Zagreb,21,2019,9
387106,16/12/2021,13000000,€13.00m,Stade Rennais FC,23,2021,12
387106,18/03/2018,2500000,€2.50m,NK Lokomotiva Zagreb,20,2018,3
387106,18/10/2023,27000000,€27.00m,VfL Wolfsburg,25,2023,10
387106,19/12/2025,15000000,€15.00m,VfL Wolfsburg,27,2025,12
387106,20/12/2024,20000000,€20.00m,VfL Wolfsburg,26,2024,12
387106,23/03/2022,18000000,€18.00m,Stade Rennais FC,24,2022,3
387106,23/10/2017,1750000,€1.75m,NK Lokomotiva Zagreb,19,2017,10
387106,25/09/2018,2500000,€2.50m,GNK Dinamo Zagreb,20,2018,9
387106,27/03/2023,20000000,€20.00m,Stade Rennais FC,25,2023,3
387106,27/06/2023,20000000,€20.00m,Stade Rennais FC,25,2023,6
387106,27/07/2020,2300000,€2.30m,GNK Dinamo Zagreb,22,2020,7
387106,27/12/2019,2500000,€2.50m,GNK Dinamo Zagreb,21,2019,12
387106,28/12/2020,10000000,€10.00m,GNK Dinamo Zagreb,22,2020,12
387106,29/05/2024,20000000,€20.00m,VfL Wolfsburg,26,2024,5
387106,30/05/2022,20000000,€20.00m,Stade Rennais FC,24,2022,5
387626,03/11/2022,25000000,€25.00m,Aston Villa,25,2022,11
387626,04/04/2018,45000000,€45.00m,Bayer 04 Leverkusen,20,2018,4
387626,05/06/2018,45000000,€45.00m,Bayer 04 Leverkusen,20,2018,6
387626,05/06/2019,40000000,€40.00m,Bayer 04 Leverkusen,21,2019,6
387626,07/02/2016,4000000,€4.00m,KRC Genk,18,2016,2
387626,07/10/2025,22000000,€22.00m,AS Roma,28,2025,10
387626,08/04/2020,29500000,€29.50m,Bayer 04 Leverkusen,22,2020,4
387626,09/06/2021,35000000,€35.00m,Bayer 04 Leverkusen,23,2021,6
387626,10/02/2021,35000000,€35.00m,Bayer 04 Leverkusen,23,2021,2
387626,14/03/2024,35000000,€35.00m,Aston Villa,26,2024,3
387626,15/06/2022,25000000,€25.00m,Aston Villa,24,2022,6
387626,15/07/2016,7500000,€7.50m,KRC Genk,18,2016,7
387626,15/09/2015,400000,€400k,KRC Genk,18,2015,9
387626,16/12/2024,38000000,€38.00m,Aston Villa,27,2024,12
387626,17/12/2019,37000000,€37.00m,Bayer 04 Leverkusen,22,2019,12
387626,18/03/2025,32000000,€32.00m,Aston Villa,27,2025,3
387626,18/12/2018,35000000,€35.00m,Bayer 04 Leverkusen,21,2018,12
387626,19/06/2017,11000000,€11.00m,Bayer 04 Leverkusen,19,2017,6
387626,19/12/2023,30000000,€30.00m,Aston Villa,26,2023,12
387626,20/06/2023,28000000,€28.00m,Aston Villa,25,2023,6
387626,20/10/2016,12500000,€12.50m,KRC Genk,19,2016,10
387626,21/01/2017,12500000,€12.50m,KRC Genk,19,2017,1
387626,22/10/2015,2500000,€2.50m,KRC Genk,18,2015,10
387626,23/12/2021,32000000,€32.00m,Aston Villa,24,2021,12
387626,23/12/2025,18000000,€18.00m,AS Roma,28,2025,12
387626,27/05/2024,42000000,€42.00m,Aston Villa,26,2024,5
387626,28/12/2017,28000000,€28.00m,Bayer 04 Leverkusen,20,2017,12
387626,29/03/2022,30000000,€30.00m,Aston Villa,24,2022,3
387626,30/05/2025,28000000,€28.00m,Aston Villa,27,2025,5
388165,03/11/2022,15000000,€15.00m,Brentford FC,26,2022,11
388165,04/06/2021,10000000,€10.00m,FC Lorient,24,2021,6
388165,06/01/2020,3000000,€3.00m,FC Lorient,23,2020,1
388165,07/01/2021,8000000,€8.00m,FC Lorient,24,2021,1
388165,08/01/2019,1500000,€1.50m,FC Lorient,22,2019,1
388165,08/04/2020,2400000,€2.40m,FC Lorient,23,2020,4
388165,09/12/2025,35000000,€35.00m,Newcastle United,29,2025,12
388165,13/07/2016,300000,€300k,Angers SCO,19,2016,7
388165,14/08/2020,3500000,€3.50m,FC Lorient,23,2020,8
388165,15/06/2017,300000,€300k,Stade Lavallois,20,2017,6
388165,15/06/2022,12000000,€12.00m,Brentford FC,25,2022,6
388165,15/09/2022,15000000,€15.00m,Brentford FC,26,2022,9
388165,15/10/2020,5000000,€5.00m,FC Lorient,24,2020,10
388165,16/01/2017,300000,€300k,Angers SCO,20,2017,1
388165,16/05/2018,1500000,€1.50m,FC Lorient,21,2018,5
388165,16/12/2024,28000000,€28.00m,Brentford FC,28,2024,12
388165,17/10/2025,42000000,€42.00m,Newcastle United,29,2025,10
388165,18/03/2025,30000000,€30.00m,Brentford FC,28,2025,3
388165,19/12/2023,25000000,€25.00m,Brentford FC,27,2023,12
388165,20/03/2017,300000,€300k,Stade Lavallois,20,2017,3
388165,20/06/2023,18000000,€18.00m,Brentford FC,26,2023,6
388165,23/12/2021,10000000,€10.00m,Brentford FC,25,2021,12
388165,27/05/2024,28000000,€28.00m,Brentford FC,27,2024,5
388165,27/06/2019,1500000,€1.50m,FC Lorient,22,2019,6
388165,30/05/2025,32000000,€32.00m,Brentford FC,28,2025,5
388165,30/09/2019,2000000,€2.00m,FC Lorient,23,2019,9
388198,02/10/2019,2500000,€2.50m,SC Freiburg,19,2019,10
388198,05/06/2019,300000,€300k,SC Freiburg II,19,2019,6
388198,05/06/2025,40000000,€40.00m,Borussia Dortmund,25,2025,6
388198,06/08/2018,75000,€75k,SC Freiburg II,18,2018,8
388198,07/10/2021,13000000,€13.00m,SC Freiburg,21,2021,10
388198,08/04/2020,4000000,€4.00m,SC Freiburg,20,2020,4
388198,09/06/2021,7500000,€7.50m,1.FC Union Berlin,21,2021,6
388198,09/06/2022,33000000,€33.00m,SC Freiburg,22,2022,6
388198,09/11/2022,33000000,€33.00m,Borussia Dortmund,22,2022,11
388198,10/02/2021,4000000,€4.00m,1.FC Union Berlin,21,2021,2
388198,11/02/2019,75000,€75k,SC Freiburg II,19,2019,2
388198,14/12/2023,35000000,€35.00m,Borussia Dortmund,24,2023,12
388198,17/12/2019,4500000,€4.50m,SC Freiburg,20,2019,12
388198,19/12/2025,55000000,€55.00m,Borussia Dortmund,26,2025,12
388198,20/12/2024,40000000,€40.00m,Borussia Dortmund,25,2024,12
388198,22/06/2023,40000000,€40.00m,Borussia Dortmund,23,2023,6
388198,22/12/2021,20000000,€20.00m,SC Freiburg,22,2021,12
388198,24/03/2022,28000000,€28.00m,SC Freiburg,22,2022,3
388198,27/03/2024,30000000,€30.00m,Borussia Dortmund,24,2024,3
388198,29/03/2023,40000000,€40.00m,Borussia Dortmund,23,2023,3
388198,29/05/2024,40000000,€40.00m,Borussia Dortmund,24,2024,5
391065,03/06/2021,20000000,€20.00m,US Sassuolo,21,2021,6
391065,03/06/2025,20000000,€20.00m,AJ Auxerre,25,2025,6
391065,05/06/2024,17000000,€17.00m,SSC Napoli,24,2024,6
391065,06/06/2019,14000000,€14.00m,FC Empoli,19,2019,6
391065,07/06/2022,22000000,€22.00m,US Sassuolo,22,2022,6
391065,07/10/2024,15000000,€15.00m,AJ Auxerre,24,2024,10
391065,08/04/2020,13500000,€13.50m,US Sassuolo,20,2020,4
391065,10/12/2024,18000000,€18.00m,AJ Auxerre,24,2024,12
391065,11/11/2022,22000000,€22.00m,US Sassuolo,22,2022,11
391065,12/10/2018,2500000,€2.50m,FC Empoli,18,2018,10
391065,12/12/2019,15000000,€15.00m,US Sassuolo,19,2019,12
391065,14/11/2016,100000,€100k,Empoli Primavera,16,2016,11
391065,15/03/2022,22000000,€22.00m,US Sassuolo,22,2022,3
391065,15/12/2025,15000000,€15.00m,Olympique Marseille,25,2025,12
391065,18/06/2018,1000000,€1.00m,FC Empoli,18,2018,6
391065,19/12/2023,18000000,€18.00m,AFC Bournemouth,23,2023,12
391065,20/06/2023,22000000,€22.00m,AFC Bournemouth,23,2023,6
391065,20/12/2018,7000000,€7.00m,FC Empoli,18,2018,12
391065,21/12/2017,300000,€300k,FC Empoli,17,2017,12
391065,25/08/2020,14000000,€14.00m,US Sassuolo,20,2020,8
391065,26/06/2017,250000,€250k,Empoli Primavera,17,2017,6
391065,28/12/2021,18000000,€18.00m,US Sassuolo,21,2021,12
391065,29/12/2020,14000000,€14.00m,US Sassuolo,20,2020,12
392757,01/10/2024,45000000,€45.00m,Crystal Palace,24,2024,9
392757,03/11/2022,35000000,€35.00m,Crystal Palace,22,2022,11
392757,05/10/2021,20000000,€20.00m,Crystal Palace,21,2021,10
392757,08/04/2020,2700000,€2.70m,Swansea City,19,2020,4
392757,08/06/2021,10000000,€10.00m,Chelsea FC,20,2021,6
392757,09/12/2025,55000000,€55.00m,Crystal Palace,25,2025,12
392757,10/03/2021,6000000,€6.00m,Swansea City,20,2021,3
392757,10/12/2019,1500000,€1.50m,Chelsea FC U23,19,2019,12
392757,15/06/2022,32000000,€32.00m,Crystal Palace,21,2022,6
392757,15/10/2020,5500000,€5.50m,Swansea City,20,2020,10
392757,16/12/2024,45000000,€45.00m,Crystal Palace,24,2024,12
392757,17/10/2025,50000000,€50.00m,Crystal Palace,25,2025,10
392757,19/12/2023,38000000,€38.00m,Crystal Palace,23,2023,12
392757,20/06/2023,35000000,€35.00m,Crystal Palace,22,2023,6
392757,23/12/2021,22000000,€22.00m,Crystal Palace,21,2021,12
392757,27/02/2020,3000000,€3.00m,Swansea City,19,2020,2
392757,27/05/2024,38000000,€38.00m,Crystal Palace,23,2024,5
392757,29/03/2022,30000000,€30.00m,Crystal Palace,21,2022,3
392757,30/05/2025,45000000,€45.00m,Crystal Palace,24,2025,5
394300,05/06/2019,2500000,€2.50m,Ascoli Calcio,19,2019,6
394300,05/06/2024,35000000,€35.00m,Inter Milan,24,2024,6
394300,07/06/2018,1000000,€1.00m,US Sassuolo,18,2018,6
394300,07/06/2022,20000000,€20.00m,US Sassuolo,22,2022,6
394300,08/04/2020,3700000,€3.70m,FC Empoli,20,2020,4
394300,11/10/2023,30000000,€30.00m,Inter Milan,24,2023,10
394300,11/11/2022,22000000,€22.00m,US Sassuolo,23,2022,11
394300,13/10/2017,800000,€800k,US Sassuolo,18,2017,10
394300,15/03/2022,20000000,€20.00m,US Sassuolo,22,2022,3
394300,15/06/2023,25000000,€25.00m,US Sassuolo,23,2023,6
394300,17/01/2019,2000000,€2.00m,Ascoli Calcio,19,2019,1
394300,17/06/2025,35000000,€35.00m,Inter Milan,25,2025,6
394300,17/10/2016,75000,€75k,Roma U19,17,2016,10
394300,18/12/2024,32000000,€32.00m,Inter Milan,25,2024,12
394300,20/12/2023,30000000,€30.00m,Inter Milan,24,2023,12
394300,21/08/2020,5000000,€5.00m,Empoli FC ,20,2020,8
394300,22/02/2021,7000000,€7.00m,AC Monza,21,2021,2
394300,23/12/2025,28000000,€28.00m,Inter Milan,26,2025,12
394300,24/06/2021,8500000,€8.50m,AC Monza,21,2021,6
394300,26/06/2017,200000,€200k,Roma U19,17,2017,6
394300,28/12/2021,15000000,€15.00m,US Sassuolo,22,2021,12
394300,29/12/2017,1000000,€1.00m,US Sassuolo,18,2017,12
394300,30/12/2019,4200000,€4.20m,FC Empoli,20,2019,12
394327,03/06/2019,18000000,€18.00m,Olympique Marseille,19,2019,6
394327,03/11/2022,25000000,€25.00m,Aston Villa,22,2022,11
394327,04/06/2018,3500000,€3.50m,Olympique Marseille,18,2018,6
394327,04/06/2021,37000000,€37.00m,Olympique Marseille,21,2021,6
394327,07/03/2019,15000000,€15.00m,Olympique Marseille,19,2019,3
394327,08/04/2020,27000000,€27.00m,Olympique Marseille,20,2020,4
394327,08/10/2021,28000000,€28.00m,Olympique Marseille,21,2021,10
394327,09/04/2021,37000000,€37.00m,Olympique Marseille,21,2021,4
394327,09/12/2025,40000000,€40.00m,Aston Villa,26,2025,12
394327,12/10/2017,600000,€600k,Olympique Marseille,17,2017,10
394327,13/03/2020,30000000,€30.00m,Olympique Marseille,20,2020,3
394327,15/10/2020,32000000,€32.00m,Olympique Marseille,20,2020,10
394327,16/12/2021,25000000,€25.00m,Olympique Marseille,22,2021,12
394327,16/12/2024,38000000,€38.00m,Aston Villa,25,2024,12
394327,17/12/2018,10000000,€10.00m,Olympique Marseille,19,2018,12
394327,19/12/2019,25000000,€25.00m,Olympique Marseille,20,2019,12
394327,19/12/2023,38000000,€38.00m,Aston Villa,24,2023,12
394327,20/06/2023,30000000,€30.00m,Aston Villa,23,2023,6
394327,24/01/2018,3500000,€3.50m,Olympique Marseille,18,2018,1
394327,24/10/2018,10000000,€10.00m,Olympique Marseille,18,2018,10
394327,27/05/2024,38000000,€38.00m,Aston Villa,24,2024,5
394327,30/05/2022,25000000,€25.00m,Olympique Marseille,22,2022,5
394327,30/05/2025,40000000,€40.00m,Aston Villa,25,2025,5
397033,01/02/2018,250000,€250k,Brescia Calcio (- 2025),17,2018,1
397033,03/03/2020,35000000,€35.00m,Brescia Calcio (- 2025),19,2020,3
397033,03/06/2021,27000000,€27.00m,AC Milan,21,2021,6
397033,05/06/2019,25000000,€25.00m,Brescia Calcio (- 2025),19,2019,6
397033,07/06/2022,50000000,€50.00m,AC Milan,22,2022,6
397033,08/04/2020,31500000,€31.50m,Brescia Calcio (- 2025),19,2020,4
397033,08/10/2019,30000000,€30.00m,Brescia Calcio (- 2025),19,2019,10
397033,09/10/2023,60000000,€60.00m,Newcastle United,23,2023,10
397033,09/12/2025,75000000,€75.00m,Newcastle United,25,2025,12
397033,11/11/2022,50000000,€50.00m,AC Milan,22,2022,11
397033,12/12/2019,30000000,€30.00m,Brescia Calcio (- 2025),19,2019,12
397033,15/03/2022,40000000,€40.00m,AC Milan,21,2022,3
397033,15/06/2023,50000000,€50.00m,AC Milan,23,2023,6
397033,16/12/2024,38000000,€38.00m,Newcastle United,24,2024,12
397033,17/01/2019,15000000,€15.00m,Brescia Calcio (- 2025),18,2019,1
397033,17/10/2025,75000000,€75.00m,Newcastle United,25,2025,10
397033,18/03/2025,45000000,€45.00m,Newcastle United,24,2025,3
397033,18/06/2018,7000000,€7.00m,Brescia Calcio (- 2025),18,2018,6
397033,19/12/2023,40000000,€40.00m,Newcastle United,23,2023,12
397033,25/08/2020,32000000,€32.00m,Brescia Calcio (- 2025),20,2020,8
397033,27/05/2024,38000000,€38.00m,Newcastle United,24,2024,5
397033,28/12/2021,35000000,€35.00m,AC Milan,21,2021,12
397033,29/12/2020,32000000,€32.00m,AC Milan,20,2020,12
397033,30/05/2025,60000000,€60.00m,Newcastle United,25,2025,5
398073,01/01/2018,5000000,€5.00m,Real Madrid,19,2017,12
398073,02/02/2017,250000,€250k,Real Madrid Castilla,18,2017,2
398073,02/11/2022,65000000,€65.00m,Paris Saint-Germain,23,2022,11
398073,03/06/2021,60000000,€60.00m,Inter Milan,22,2021,6
398073,03/06/2024,60000000,€60.00m,Paris Saint-Germain,25,2024,6
398073,03/06/2025,80000000,€80.00m,Paris Saint-Germain,26,2025,6
398073,04/09/2016,250000,€250k,Real Madrid Castilla,17,2016,9
398073,05/06/2019,30000000,€30.00m,Borussia Dortmund,20,2019,6
398073,06/03/2019,30000000,€30.00m,Borussia Dortmund,20,2019,3
398073,08/04/2020,54000000,€54.00m,Borussia Dortmund,21,2020,4
398073,08/10/2021,70000000,€70.00m,Paris Saint-Germain,22,2021,10
398073,10/12/2024,60000000,€60.00m,Paris Saint-Germain,26,2024,12
398073,11/03/2020,60000000,€60.00m,Borussia Dortmund,21,2020,3
398073,15/12/2025,80000000,€80.00m,Paris Saint-Germain,27,2025,12
398073,16/07/2018,7500000,€7.50m,Borussia Dortmund,19,2018,7
398073,16/12/2021,70000000,€70.00m,Paris Saint-Germain,23,2021,12
398073,17/12/2019,45000000,€45.00m,Borussia Dortmund,21,2019,12
398073,18/12/2018,25000000,€25.00m,Borussia Dortmund,20,2018,12
398073,18/12/2023,65000000,€65.00m,Paris Saint-Germain,25,2023,12
398073,22/10/2018,11000000,€11.00m,Borussia Dortmund,19,2018,10
398073,23/12/2022,70000000,€70.00m,Paris Saint-Germain,24,2022,12
398073,24/03/2025,65000000,€65.00m,Paris Saint-Germain,26,2025,3
398073,27/06/2023,65000000,€65.00m,Paris Saint-Germain,24,2023,6
398073,29/10/2020,50000000,€50.00m,Inter Milan,21,2020,10
398073,29/12/2020,50000000,€50.00m,Inter Milan,22,2020,12
398073,30/05/2018,5000000,€5.00m,Real Madrid,19,2018,5
398073,30/05/2022,65000000,€65.00m,Paris Saint-Germain,23,2022,5
398073,30/06/2017,300000,€300k,Real Madrid Castilla,18,2017,6
398073,31/03/2017,300000,€300k,Real Madrid Castilla,18,2017,3
398184,01/01/2018,1000000,€1.00m,Valencia CF,17,2017,12
398184,02/10/2025,50000000,€50.00m,FC Barcelona,25,2025,10
398184,03/06/2022,45000000,€45.00m,FC Barcelona,22,2022,6
398184,05/03/2020,50000000,€50.00m,Valencia CF,20,2020,3
398184,07/06/2024,30000000,€30.00m,FC Barcelona,24,2024,6
398184,07/11/2022,35000000,€35.00m,FC Barcelona,22,2022,11
398184,08/04/2020,45000000,€45.00m,Valencia CF,20,2020,4
398184,09/06/2025,40000000,€40.00m,FC Barcelona,25,2025,6
398184,11/06/2019,20000000,€20.00m,Valencia CF,19,2019,6
398184,12/12/2025,50000000,€50.00m,FC Barcelona,25,2025,12
398184,13/06/2023,30000000,€30.00m,FC Barcelona,23,2023,6
398184,13/10/2020,45000000,€45.00m,Manchester City,20,2020,10
398184,13/10/2023,35000000,€35.00m,FC Barcelona,23,2023,10
398184,17/12/2020,50000000,€50.00m,Manchester City,20,2020,12
398184,18/03/2021,50000000,€50.00m,Manchester City,21,2021,3
398184,20/12/2019,40000000,€40.00m,Valencia CF,19,2019,12
398184,21/12/2018,5000000,€5.00m,Valencia CF,18,2018,12
398184,22/03/2018,5000000,€5.00m,Valencia CF,18,2018,3
398184,22/12/2023,35000000,€35.00m,FC Barcelona,23,2023,12
398184,23/03/2023,30000000,€30.00m,FC Barcelona,23,2023,3
398184,23/09/2022,40000000,€40.00m,FC Barcelona,22,2022,9
398184,23/12/2021,45000000,€45.00m,Manchester City,21,2021,12
398184,27/12/2024,28000000,€28.00m,FC Barcelona,24,2024,12
398184,28/02/2019,12000000,€12.00m,Valencia CF,18,2019,2
398184,30/05/2018,5000000,€5.00m,Valencia CF,18,2018,5
398184,31/05/2021,50000000,€50.00m,Manchester City,21,2021,5
401529,01/11/2018,2000000,€2.00m,Vitória Guimarães SC,19,2018,10
401529,04/09/2020,10000000,€10.00m,Shakhtar Donetsk,21,2020,9
401529,05/06/2024,17000000,€17.00m,ACF Fiorentina,25,2024,6
401529,07/06/2019,2000000,€2.00m,Vitória Guimarães SC,20,2019,6
401529,07/06/2021,20000000,€20.00m,Shakhtar Donetsk,22,2021,6
401529,07/12/2017,2000000,€2.00m,Coritiba Foot Ball Club,19,2017,12
401529,08/01/2020,4000000,€4.00m,Shakhtar Donetsk,21,2020,1
401529,08/04/2020,3600000,€3.60m,Shakhtar Donetsk,21,2020,4
401529,11/01/2019,2000000,€2.00m,Vitória Guimarães SC,20,2019,1
401529,11/11/2022,17000000,€17.00m,ACF Fiorentina,23,2022,11
401529,14/01/2021,18000000,€18.00m,Shakhtar Donetsk,22,2021,1
401529,15/06/2023,20000000,€20.00m,ACF Fiorentina,24,2023,6
401529,17/06/2025,24000000,€24.00m,ACF Fiorentina,26,2025,6
401529,18/05/2022,20000000,€20.00m,Shakhtar Donetsk,23,2022,5
401529,18/12/2024,22000000,€22.00m,ACF Fiorentina,26,2024,12
401529,20/12/2021,20000000,€20.00m,Shakhtar Donetsk,23,2021,12
401529,20/12/2023,20000000,€20.00m,ACF Fiorentina,25,2023,12
401529,23/07/2016,1000000,€1.00m,Coritiba Foot Ball Club,17,2016,7
401529,23/12/2025,18000000,€18.00m,ACF Fiorentina,27,2025,12
401529,27/05/2016,500000,€500k,Coritiba Foot Ball Club,17,2016,5
401529,28/11/2016,2000000,€2.00m,Coritiba Foot Ball Club,18,2016,11
401530,01/11/2018,20000000,€20.00m,FC Porto,20,2018,10
401530,03/06/2022,60000000,€60.00m,Real Madrid,24,2022,6
401530,05/01/2021,30000000,€30.00m,Real Madrid,22,2021,1
401530,05/03/2020,40000000,€40.00m,Real Madrid,22,2020,3
401530,07/06/2019,50000000,€50.00m,FC Porto,21,2019,6
401530,07/06/2024,60000000,€60.00m,Real Madrid,26,2024,6
401530,07/11/2022,60000000,€60.00m,Real Madrid,24,2022,11
401530,07/12/2017,2000000,€2.00m,São Paulo Futebol Clube,19,2017,12
401530,08/04/2020,36000000,€36.00m,Real Madrid,22,2020,4
401530,08/10/2020,40000000,€40.00m,Real Madrid,22,2020,10
401530,09/06/2025,30000000,€30.00m,Real Madrid,27,2025,6
401530,10/06/2021,40000000,€40.00m,Real Madrid,23,2021,6
401530,11/01/2019,35000000,€35.00m,FC Porto,20,2019,1
401530,12/12/2025,30000000,€30.00m,Real Madrid,27,2025,12
401530,13/06/2023,70000000,€70.00m,Real Madrid,25,2023,6
401530,18/03/2019,50000000,€50.00m,FC Porto,21,2019,3
401530,20/12/2019,45000000,€45.00m,Real Madrid,21,2019,12
401530,22/12/2023,70000000,€70.00m,Real Madrid,25,2023,12
401530,23/03/2023,70000000,€70.00m,Real Madrid,25,2023,3
401530,23/05/2018,8000000,€8.00m,São Paulo Futebol Clube,20,2018,5
401530,27/12/2024,40000000,€40.00m,Real Madrid,26,2024,12
401530,30/10/2017,1000000,€1.00m,São Paulo Futebol Clube,19,2017,10
401530,30/12/2021,60000000,€60.00m,Real Madrid,23,2021,12
401578,05/06/2025,40000000,€40.00m,Bayer 04 Leverkusen,26,2025,6
401578,05/12/2019,25000000,€25.00m,CA River Plate,21,2019,12
401578,06/02/2016,300000,€300k,CA River Plate II,17,2016,2
401578,06/08/2019,20000000,€20.00m,CA River Plate,20,2019,8
401578,07/10/2021,15000000,€15.00m,Bayer 04 Leverkusen,23,2021,10
401578,08/04/2020,22500000,€22.50m,Bayer 04 Leverkusen,21,2020,4
401578,08/05/2018,3750000,€3.75m,CA River Plate,19,2018,5
401578,08/07/2020,18000000,€18.00m,Bayer 04 Leverkusen,21,2020,7
401578,08/08/2016,300000,€300k,CA River Plate II,17,2016,8
401578,09/06/2021,13000000,€13.00m,Bayer 04 Leverkusen,22,2021,6
401578,09/06/2022,15000000,€15.00m,Bayer 04 Leverkusen,23,2022,6
401578,09/10/2017,1500000,€1.50m,CA River Plate,19,2017,10
401578,09/11/2022,15000000,€15.00m,Bayer 04 Leverkusen,24,2022,11
401578,10/02/2021,18000000,€18.00m,Bayer 04 Leverkusen,22,2021,2
401578,14/10/2025,30000000,€30.00m,Bayer 04 Leverkusen,27,2025,10
401578,14/12/2023,40000000,€40.00m,Bayer 04 Leverkusen,25,2023,12
401578,18/10/2023,35000000,€35.00m,Bayer 04 Leverkusen,25,2023,10
401578,18/12/2018,20000000,€20.00m,CA River Plate,20,2018,12
401578,19/12/2025,30000000,€30.00m,Bayer 04 Leverkusen,27,2025,12
401578,20/12/2024,40000000,€40.00m,Bayer 04 Leverkusen,26,2024,12
401578,22/06/2023,22000000,€22.00m,Bayer 04 Leverkusen,24,2023,6
401578,22/12/2021,15000000,€15.00m,Bayer 04 Leverkusen,23,2021,12
401578,29/05/2024,45000000,€45.00m,Bayer 04 Leverkusen,25,2024,5
401578,31/03/2021,13000000,€13.00m,Bayer 04 Leverkusen,22,2021,3
404418,06/06/2019,2500000,€2.50m,ACF Fiorentina,21,2019,6
404418,07/12/2019,2000000,€2.00m,AC Sparta Prague,21,2019,12
404418,08/04/2020,1600000,€1.60m,AC Sparta Prague,22,2020,4
404418,10/07/2020,2500000,€2.50m,AC Sparta Prague,22,2020,7
404418,11/11/2022,12500000,€12.50m,Feyenoord Rotterdam,24,2022,11
404418,12/10/2018,2000000,€2.00m,ACF Fiorentina,20,2018,10
404418,12/10/2021,3000000,€3.00m,AC Sparta Prague,23,2021,10
404418,12/12/2025,30000000,€30.00m,Atlético de Madrid,27,2025,12
404418,14/09/2022,7000000,€7.00m,Feyenoord Rotterdam,24,2022,9
404418,15/12/2023,35000000,€35.00m,Feyenoord Rotterdam,26,2023,12
404418,17/03/2023,20000000,€20.00m,Feyenoord Rotterdam,25,2023,3
404418,17/10/2023,30000000,€30.00m,Feyenoord Rotterdam,25,2023,10
404418,17/12/2024,35000000,€35.00m,Feyenoord Rotterdam,27,2024,12
404418,20/12/2018,2500000,€2.50m,ACF Fiorentina,21,2018,12
404418,22/06/2022,4500000,€4.50m,AC Sparta Prague,24,2022,6
404418,23/06/2023,25000000,€25.00m,Feyenoord Rotterdam,25,2023,6
404418,26/12/2021,4000000,€4.00m,AC Sparta Prague,24,2021,12
404418,27/12/2020,2500000,€2.50m,AC Sparta Prague,23,2020,12
404418,28/03/2025,32000000,€32.00m,Feyenoord Rotterdam,27,2025,3
404418,28/05/2025,30000000,€30.00m,Feyenoord Rotterdam,27,2025,5
404418,28/06/2017,75000,€75k,MSK Zilina,19,2017,6
404418,28/06/2018,600000,€600k,MSK Zilina,20,2018,6
404418,28/12/2017,300000,€300k,MSK Zilina,20,2017,12
404418,31/05/2021,2700000,€2.70m,AC Sparta Prague,23,2021,5
404418,31/05/2024,35000000,€35.00m,Feyenoord Rotterdam,26,2024,5
404418,31/12/2016,50000,€50k,MSK Zilina,19,2016,12
404839,03/01/2017,300000,€300k,Dnipro Dnipropetrovsk (- 2020),17,2017,1
404839,03/06/2022,2500000,€2.50m,Real Madrid,23,2022,6
404839,05/01/2021,3000000,€3.00m,Real Madrid,21,2021,1
404839,07/06/2024,25000000,€25.00m,Real Madrid,25,2024,6
404839,07/11/2022,4000000,€4.00m,Real Madrid,23,2022,11
404839,08/04/2020,2700000,€2.70m,Real Oviedo,21,2020,4
404839,08/10/2020,3000000,€3.00m,Real Madrid,21,2020,10
404839,09/06/2025,18000000,€18.00m,Real Madrid,26,2025,6
404839,11/06/2019,7500000,€7.50m,CD Leganés,20,2019,6
404839,12/01/2018,2000000,€2.00m,Zorya Lugansk,18,2018,1
404839,12/07/2018,8500000,€8.50m,Real Madrid,19,2018,7
404839,12/12/2025,15000000,€15.00m,Real Madrid,26,2025,12
404839,13/06/2023,5000000,€5.00m,Real Madrid,24,2023,6
404839,14/05/2018,3500000,€3.50m,Zorya Lugansk,19,2018,5
404839,20/12/2019,3000000,€3.00m,Real Valladolid CF,20,2019,12
404839,21/03/2024,16000000,€16.00m,Real Madrid,25,2024,3
404839,21/12/2018,5000000,€5.00m,CD Leganés,19,2018,12
404839,22/12/2023,8000000,€8.00m,Real Madrid,24,2023,12
404839,23/03/2023,5000000,€5.00m,Real Madrid,24,2023,3
404839,26/06/2017,700000,€700k,Dnipro Dnipropetrovsk (- 2020),18,2017,6
404839,27/05/2021,3000000,€3.00m,Real Madrid,22,2021,5
404839,27/12/2024,20000000,€20.00m,Real Madrid,25,2024,12
404839,30/12/2021,2000000,€2.00m,Real Madrid,22,2021,12
404839,31/10/2018,5000000,€5.00m,CD Leganés,19,2018,10
404950,01/02/2019,75000,€75k,FC Liefering,17,2019,1
404950,01/06/2019,75000,€75k,FC Liefering,18,2019,5
404950,02/06/2021,3000000,€3.00m,Red Bull Salzburg,20,2021,6
404950,03/12/2019,300000,€300k,FC Liefering,18,2019,12
404950,05/06/2025,18000000,€18.00m,RB Leipzig,24,2025,6
404950,06/09/2021,7000000,€7.00m,Red Bull Salzburg,20,2021,9
404950,10/11/2022,20000000,€20.00m,Red Bull Salzburg,21,2022,11
404950,12/06/2023,20000000,€20.00m,Red Bull Salzburg,22,2023,6
404950,14/12/2023,20000000,€20.00m,RB Leipzig,22,2023,12
404950,16/12/2021,15000000,€15.00m,Red Bull Salzburg,20,2021,12
404950,19/12/2025,18000000,€18.00m,RB Leipzig,24,2025,12
404950,20/12/2024,16000000,€16.00m,RB Leipzig,23,2024,12
404950,21/12/2020,1000000,€1.00m,Red Bull Salzburg,19,2020,12
404950,27/03/2024,16000000,€16.00m,RB Leipzig,22,2024,3
404950,27/05/2022,20000000,€20.00m,Red Bull Salzburg,21,2022,5
404950,29/05/2024,16000000,€16.00m,RB Leipzig,23,2024,5
404950,31/07/2020,700000,€700k,FC Liefering,19,2020,7
405398,03/06/2022,7500000,€7.50m,RCD Mallorca,20,2022,6
405398,05/01/2018,300000,€300k,FC Tokyo,16,2018,1
405398,05/01/2019,500000,€500k,Yokohama F. Marinos,17,2019,1
405398,05/01/2021,20000000,€20.00m,Villarreal CF,19,2021,1
405398,07/06/2024,50000000,€50.00m,Real Sociedad,23,2024,6
405398,07/11/2022,12000000,€12.00m,Real Sociedad,21,2022,11
405398,08/04/2020,13500000,€13.50m,RCD Mallorca,18,2020,4
405398,08/10/2020,30000000,€30.00m,Villarreal CF,19,2020,10
405398,09/06/2025,30000000,€30.00m,Real Sociedad,24,2025,6
405398,10/06/2021,15000000,€15.00m,Getafe CF,20,2021,6
405398,10/09/2019,10000000,€10.00m,RCD Mallorca,18,2019,9
405398,12/12/2025,30000000,€30.00m,Real Sociedad,24,2025,12
405398,13/06/2023,25000000,€25.00m,Real Sociedad,22,2023,6
405398,13/10/2021,10000000,€10.00m,RCD Mallorca,20,2021,10
405398,13/10/2023,50000000,€50.00m,Real Sociedad,22,2023,10
405398,19/03/2021,15000000,€15.00m,Getafe CF,19,2021,3
405398,20/12/2019,15000000,€15.00m,RCD Mallorca,18,2019,12
405398,21/03/2022,9000000,€9.00m,RCD Mallorca,20,2022,3
405398,22/12/2023,60000000,€60.00m,Real Sociedad,22,2023,12
405398,23/03/2023,15000000,€15.00m,Real Sociedad,21,2023,3
405398,23/07/2020,30000000,€30.00m,Real Madrid,19,2020,7
405398,23/09/2022,9000000,€9.00m,Real Sociedad,21,2022,9
405398,27/06/2019,2000000,€2.00m,FC Tokyo,18,2019,6
405398,27/12/2024,40000000,€40.00m,Real Sociedad,23,2024,12
405398,30/12/2021,10000000,€10.00m,RCD Mallorca,20,2021,12
405885,01/07/2018,200000,€200k,US Sassuolo,18,2018,6
405885,05/06/2024,25000000,€25.00m,SSC Napoli,24,2024,6
405885,06/06/2019,500000,€500k,US Sassuolo,19,2019,6
405885,07/06/2022,28000000,€28.00m,US Sassuolo,22,2022,6
405885,08/04/2020,625000,€625k,US Sassuolo,20,2020,4
405885,11/11/2022,35000000,€35.00m,SSC Napoli,22,2022,11
405885,12/03/2024,28000000,€28.00m,SSC Napoli,24,2024,3
405885,12/12/2019,700000,€700k,US Sassuolo,19,2019,12
405885,12/12/2025,22000000,€22.00m,Atlético de Madrid,25,2025,12
405885,15/03/2022,28000000,€28.00m,US Sassuolo,22,2022,3
405885,15/06/2023,35000000,€35.00m,SSC Napoli,23,2023,6
405885,17/06/2025,25000000,€25.00m,SSC Napoli,25,2025,6
405885,18/10/2024,20000000,€20.00m,SSC Napoli,24,2024,10
405885,18/12/2024,15000000,€15.00m,SSC Napoli,24,2024,12
405885,20/12/2018,500000,€500k,US Sassuolo,18,2018,12
405885,20/12/2023,32000000,€32.00m,SSC Napoli,23,2023,12
405885,25/03/2025,20000000,€20.00m,SSC Napoli,25,2025,3
405885,25/05/2021,15000000,€15.00m,US Sassuolo,21,2021,5
405885,25/08/2020,2800000,€2.80m,US Sassuolo,20,2020,8
405885,27/09/2022,30000000,€30.00m,SSC Napoli,22,2022,9
405885,28/12/2021,20000000,€20.00m,US Sassuolo,21,2021,12
405885,29/12/2020,4000000,€4.00m,US Sassuolo,20,2020,12
406040,02/01/2018,7000000,€7.00m,Everton FC,20,2018,1
406040,05/06/2018,12000000,€12.00m,RB Leipzig,20,2018,6
406040,05/06/2024,40000000,€40.00m,Atalanta BC,26,2024,6
406040,07/10/2025,40000000,€40.00m,Atalanta BC,27,2025,10
406040,08/04/2020,13500000,€13.50m,RB Leipzig,22,2020,4
406040,08/06/2021,11000000,€11.00m,Fulham FC,23,2021,6
406040,11/10/2016,1500000,€1.50m,Charlton Athletic,18,2016,10
406040,11/11/2022,20000000,€20.00m,Atalanta BC,25,2022,11
406040,13/06/2019,20000000,€20.00m,Everton FC,21,2019,6
406040,13/10/2020,10000000,€10.00m,Fulham FC,22,2020,10
406040,15/06/2022,10000000,€10.00m,Leicester City,24,2022,6
406040,15/06/2023,30000000,€30.00m,Atalanta BC,25,2023,6
406040,16/09/2020,10000000,€10.00m,RB Leipzig,22,2020,9
406040,17/06/2025,60000000,€60.00m,Atalanta BC,27,2025,6
406040,17/10/2018,20000000,€20.00m,Everton FC,20,2018,10
406040,17/12/2019,17000000,€17.00m,RB Leipzig,22,2019,12
406040,18/03/2021,13000000,€13.00m,Fulham FC,23,2021,3
406040,18/12/2024,55000000,€55.00m,Atalanta BC,27,2024,12
406040,19/12/2018,20000000,€20.00m,Everton FC,21,2018,12
406040,20/02/2017,5000000,€5.00m,Everton FC,19,2017,2
406040,20/04/2016,500000,€500k,Charlton Athletic,18,2016,4
406040,20/12/2023,30000000,€30.00m,Atalanta BC,26,2023,12
406040,21/03/2023,30000000,€30.00m,Atalanta BC,25,2023,3
406040,23/12/2021,9000000,€9.00m,Leicester City,24,2021,12
406040,23/12/2025,35000000,€35.00m,Atalanta BC,28,2025,12
406040,25/03/2025,60000000,€60.00m,Atalanta BC,27,2025,3
406040,28/06/2017,5000000,€5.00m,Everton FC,19,2017,6
406625,03/06/2021,80000000,€80.00m,Inter Milan,23,2021,6
406625,05/06/2024,110000000,€110.00m,Inter Milan,26,2024,6
406625,06/02/2016,100000,€100k,Racing Club,18,2016,2
406625,06/06/2019,30000000,€30.00m,Inter Milan,21,2019,6
406625,07/06/2022,75000000,€75.00m,Inter Milan,24,2022,6
406625,07/10/2025,85000000,€85.00m,Inter Milan,28,2025,10
406625,08/04/2020,64000000,€64.00m,Inter Milan,22,2020,4
406625,08/05/2018,25000000,€25.00m,Racing Club,20,2018,5
406625,08/08/2016,500000,€500k,Racing Club,18,2016,8
406625,08/10/2019,40000000,€40.00m,Inter Milan,22,2019,10
406625,09/10/2017,10000000,€10.00m,Racing Club,20,2017,10
406625,11/10/2023,100000000,€100.00m,Inter Milan,26,2023,10
406625,11/11/2022,75000000,€75.00m,Inter Milan,25,2022,11
406625,12/12/2019,80000000,€80.00m,Inter Milan,22,2019,12
406625,13/02/2017,2500000,€2.50m,Racing Club,19,2017,2
406625,15/03/2022,70000000,€70.00m,Inter Milan,24,2022,3
406625,15/06/2023,85000000,€85.00m,Inter Milan,25,2023,6
406625,17/06/2025,95000000,€95.00m,Inter Milan,27,2025,6
406625,18/12/2024,100000000,€100.00m,Inter Milan,27,2024,12
406625,20/12/2018,25000000,€25.00m,Inter Milan,21,2018,12
406625,20/12/2023,110000000,€110.00m,Inter Milan,26,2023,12
406625,21/03/2023,80000000,€80.00m,Inter Milan,25,2023,3
406625,23/12/2025,85000000,€85.00m,Inter Milan,28,2025,12
406625,25/03/2025,95000000,€95.00m,Inter Milan,27,2025,3
406625,25/08/2020,70000000,€70.00m,Inter Milan,23,2020,8
406625,28/12/2021,80000000,€80.00m,Inter Milan,24,2021,12
406625,29/12/2020,70000000,€70.00m,Inter Milan,23,2020,12
406635,02/01/2018,5000000,€5.00m,Manchester City,17,2018,1
406635,03/11/2022,110000000,€110.00m,Manchester City,22,2022,11
406635,05/03/2019,25000000,€25.00m,Manchester City,18,2019,3
406635,08/04/2020,27000000,€27.00m,Manchester City,19,2020,4
406635,09/12/2025,80000000,€80.00m,Manchester City,25,2025,12
406635,10/12/2019,30000000,€30.00m,Manchester City,19,2019,12
406635,12/09/2019,30000000,€30.00m,Manchester City,19,2019,9
406635,13/06/2019,25000000,€25.00m,Manchester City,19,2019,6
406635,13/10/2020,60000000,€60.00m,Manchester City,20,2020,10
406635,14/03/2024,130000000,€130.00m,Manchester City,23,2024,3
406635,15/06/2022,90000000,€90.00m,Manchester City,22,2022,6
406635,16/12/2024,140000000,€140.00m,Manchester City,24,2024,12
406635,17/10/2018,15000000,€15.00m,Manchester City,18,2018,10
406635,17/10/2025,80000000,€80.00m,Manchester City,25,2025,10
406635,18/03/2021,70000000,€70.00m,Manchester City,20,2021,3
406635,18/03/2025,130000000,€130.00m,Manchester City,24,2025,3
406635,19/12/2018,20000000,€20.00m,Manchester City,18,2018,12
406635,19/12/2023,110000000,€110.00m,Manchester City,23,2023,12
406635,20/06/2023,110000000,€110.00m,Manchester City,23,2023,6
406635,23/12/2021,85000000,€85.00m,Manchester City,21,2021,12
406635,27/05/2024,150000000,€150.00m,Manchester City,23,2024,5
406635,28/05/2018,7000000,€7.00m,Manchester City,18,2018,5
406635,28/05/2021,80000000,€80.00m,Manchester City,21,2021,5
406635,29/03/2022,90000000,€90.00m,Manchester City,21,2022,3
406635,30/05/2025,100000000,€100.00m,Manchester City,25,2025,5
406635,30/07/2020,40000000,€40.00m,Manchester City,20,2020,7
406640,05/06/2025,28000000,€28.00m,Borussia Dortmund,24,2025,6
406640,08/04/2020,450000,€450k,Manchester City U23,19,2020,4
406640,09/06/2022,2000000,€2.00m,VfL Wolfsburg,21,2022,6
406640,09/11/2022,3000000,€3.00m,VfL Wolfsburg,22,2022,11
406640,10/12/2019,500000,€500k,Manchester City U23,19,2019,12
406640,14/10/2025,35000000,€35.00m,Borussia Dortmund,25,2025,10
406640,14/12/2023,25000000,€25.00m,Borussia Dortmund,23,2023,12
406640,18/10/2023,25000000,€25.00m,Borussia Dortmund,23,2023,10
406640,19/12/2025,45000000,€45.00m,Borussia Dortmund,25,2025,12
406640,20/12/2024,28000000,€28.00m,Borussia Dortmund,24,2024,12
406640,22/06/2023,15000000,€15.00m,VfL Wolfsburg,22,2023,6
406640,22/12/2021,700000,€700k,VfL Wolfsburg,21,2021,12
406640,24/03/2022,1000000,€1.00m,VfL Wolfsburg,21,2022,3
406640,29/03/2023,8000000,€8.00m,VfL Wolfsburg,22,2023,3
406640,29/05/2024,20000000,€20.00m,Borussia Dortmund,23,2024,5
411295,05/10/2021,32000000,€32.00m,Leeds United,24,2021,10
411295,06/11/2017,4000000,€4.00m,Vitória Guimarães SC,20,2017,11
411295,07/02/2018,6000000,€6.00m,Vitória Guimarães SC,21,2018,2
411295,07/06/2019,8000000,€8.00m,Sporting CP,22,2019,6
411295,07/06/2024,50000000,€50.00m,FC Barcelona,27,2024,6
411295,07/11/2022,50000000,€50.00m,FC Barcelona,25,2022,11
411295,08/04/2020,16000000,€16.00m,Stade Rennais FC,23,2020,4
411295,08/06/2021,30000000,€30.00m,Leeds United,24,2021,6
411295,09/06/2025,90000000,€90.00m,FC Barcelona,28,2025,6
411295,11/01/2019,6500000,€6.50m,Sporting CP,22,2019,1
411295,11/10/2024,60000000,€60.00m,FC Barcelona,27,2024,10
411295,12/12/2025,80000000,€80.00m,FC Barcelona,28,2025,12
411295,13/03/2020,20000000,€20.00m,Stade Rennais FC,23,2020,3
411295,13/06/2018,6500000,€6.50m,Vitória Guimarães SC,21,2018,6
411295,13/06/2023,60000000,€60.00m,FC Barcelona,26,2023,6
411295,13/10/2020,18000000,€18.00m,Leeds United,23,2020,10
411295,14/03/2016,250000,€250k,Vitória Guimarães SC B,19,2016,3
411295,15/06/2022,45000000,€45.00m,Leeds United,25,2022,6
411295,18/03/2021,25000000,€25.00m,Leeds United,24,2021,3
411295,19/12/2019,17000000,€17.00m,Stade Rennais FC,23,2019,12
411295,22/02/2017,2000000,€2.00m,Vitória Guimarães SC,20,2017,2
411295,22/12/2023,50000000,€50.00m,FC Barcelona,27,2023,12
411295,23/09/2022,50000000,€50.00m,FC Barcelona,25,2022,9
411295,23/12/2021,40000000,€40.00m,Leeds United,25,2021,12
411295,26/06/2017,2000000,€2.00m,Vitória Guimarães SC,20,2017,6
411295,27/09/2019,14000000,€14.00m,Stade Rennais FC,22,2019,9
411295,27/12/2024,80000000,€80.00m,FC Barcelona,28,2024,12
411295,29/03/2022,45000000,€45.00m,Leeds United,25,2022,3
411295,31/10/2016,1000000,€1.00m,Vitória Guimarães SC,19,2016,10
411975,01/06/2021,60000000,€60.00m,Sevilla FC,22,2021,5
411975,03/06/2019,15000000,€15.00m,FC Girondins Bordeaux,20,2019,6
411975,03/06/2022,60000000,€60.00m,Sevilla FC,23,2022,6
411975,04/06/2018,7000000,€7.00m,FC Girondins Bordeaux,19,2018,6
411975,05/01/2021,50000000,€50.00m,Sevilla FC,22,2021,1
411975,07/03/2019,12000000,€12.00m,FC Girondins Bordeaux,20,2019,3
411975,07/06/2024,45000000,€45.00m,FC Barcelona,25,2024,6
411975,07/11/2022,60000000,€60.00m,FC Barcelona,23,2022,11
411975,08/04/2020,22500000,€22.50m,Sevilla FC,21,2020,4
411975,08/10/2020,40000000,€40.00m,Sevilla FC,21,2020,10
411975,09/06/2025,65000000,€65.00m,FC Barcelona,26,2025,6
411975,10/09/2019,25000000,€25.00m,Sevilla FC,20,2019,9
411975,11/10/2024,55000000,€55.00m,FC Barcelona,25,2024,10
411975,12/12/2025,65000000,€65.00m,FC Barcelona,27,2025,12
411975,13/06/2023,60000000,€60.00m,FC Barcelona,24,2023,6
411975,17/12/2018,9000000,€9.00m,FC Girondins Bordeaux,20,2018,12
411975,19/03/2021,60000000,€60.00m,Sevilla FC,22,2021,3
411975,20/03/2018,4000000,€4.00m,FC Girondins Bordeaux,19,2018,3
411975,20/12/2019,25000000,€25.00m,Sevilla FC,21,2019,12
411975,21/03/2024,50000000,€50.00m,FC Barcelona,25,2024,3
411975,22/12/2023,60000000,€60.00m,FC Barcelona,25,2023,12
411975,23/07/2020,30000000,€30.00m,Sevilla FC,21,2020,7
411975,24/01/2018,1000000,€1.00m,FC Girondins Bordeaux,19,2018,1
411975,24/10/2018,9000000,€9.00m,FC Girondins Bordeaux,19,2018,10
411975,27/12/2024,60000000,€60.00m,FC Barcelona,26,2024,12
411975,30/12/2021,60000000,€60.00m,Sevilla FC,23,2021,12
412363,01/08/2019,40000000,€40.00m,Real Madrid,18,2019,7
412363,02/10/2025,80000000,€80.00m,Real Madrid,24,2025,10
412363,03/06/2022,60000000,€60.00m,Real Madrid,21,2022,6
412363,05/01/2021,45000000,€45.00m,Real Madrid,19,2021,1
412363,07/06/2024,110000000,€110.00m,Real Madrid,23,2024,6
412363,07/11/2022,80000000,€80.00m,Real Madrid,21,2022,11
412363,07/12/2017,100000,€100k,Santos FC,16,2017,12
412363,08/04/2020,45000000,€45.00m,Real Madrid,19,2020,4
412363,08/10/2020,45000000,€45.00m,Real Madrid,19,2020,10
412363,09/06/2025,90000000,€90.00m,Real Madrid,24,2025,6
412363,10/06/2021,35000000,€35.00m,Real Madrid,20,2021,6
412363,12/12/2025,60000000,€60.00m,Real Madrid,24,2025,12
412363,13/06/2023,100000000,€100.00m,Real Madrid,22,2023,6
412363,18/02/2019,40000000,€40.00m,Santos FC,18,2019,2
412363,20/12/2019,50000000,€50.00m,Real Madrid,18,2019,12
412363,22/12/2023,100000000,€100.00m,Real Madrid,22,2023,12
412363,23/05/2018,10000000,€10.00m,Santos FC,17,2018,5
412363,23/09/2022,70000000,€70.00m,Real Madrid,21,2022,9
412363,27/12/2024,100000000,€100.00m,Real Madrid,23,2024,12
412363,30/12/2021,40000000,€40.00m,Real Madrid,20,2021,12
413039,03/06/2019,3500000,€3.50m,ESTAC Troyes,19,2019,6
413039,03/11/2022,28000000,€28.00m,Brentford FC,23,2022,11
413039,04/06/2018,300000,€300k,ESTAC Troyes B,18,2018,6
413039,08/01/2019,900000,€900k,ESTAC Troyes,19,2019,1
413039,08/04/2020,8000000,€8.00m,Brentford FC,20,2020,4
413039,09/12/2025,75000000,€75.00m,Manchester United,26,2025,12
413039,10/03/2021,12000000,€12.00m,Brentford FC,21,2021,3
413039,15/06/2022,22000000,€22.00m,Brentford FC,22,2022,6
413039,15/09/2022,25000000,€25.00m,Brentford FC,23,2022,9
413039,15/10/2020,12000000,€12.00m,Brentford FC,21,2020,10
413039,16/12/2024,50000000,€50.00m,Brentford FC,25,2024,12
413039,17/10/2019,5000000,€5.00m,Brentford FC,20,2019,10
413039,17/10/2025,70000000,€70.00m,Manchester United,26,2025,10
413039,19/12/2023,38000000,€38.00m,Brentford FC,24,2023,12
413039,20/03/2018,150000,€150k,ESTAC Troyes B,18,2018,3
413039,20/06/2023,35000000,€35.00m,Brentford FC,23,2023,6
413039,23/12/2021,16000000,€16.00m,Brentford FC,22,2021,12
413039,27/02/2020,9000000,€9.00m,Brentford FC,20,2020,2
413039,27/05/2024,40000000,€40.00m,Brentford FC,24,2024,5
413039,30/05/2025,55000000,€55.00m,Brentford FC,25,2025,5
413039,30/06/2021,16000000,€16.00m,Brentford FC,21,2021,6
413112,03/06/2019,7000000,€7.00m,FC Girondins Bordeaux,19,2019,6
413112,04/06/2021,30000000,€30.00m,AS Monaco,21,2021,6
413112,06/09/2018,5000000,€5.00m,FC Girondins Bordeaux,18,2018,9
413112,07/03/2019,7000000,€7.00m,FC Girondins Bordeaux,19,2019,3
413112,07/06/2024,100000000,€100.00m,Real Madrid,24,2024,6
413112,07/11/2022,80000000,€80.00m,Real Madrid,22,2022,11
413112,08/04/2020,15500000,€15.50m,AS Monaco,20,2020,4
413112,08/10/2021,35000000,€35.00m,AS Monaco,21,2021,10
413112,09/04/2021,25000000,€25.00m,AS Monaco,21,2021,4
413112,09/06/2025,75000000,€75.00m,Real Madrid,25,2025,6
413112,11/02/2020,17000000,€17.00m,AS Monaco,20,2020,2
413112,12/10/2020,16000000,€16.00m,AS Monaco,20,2020,10
413112,12/12/2025,75000000,€75.00m,Real Madrid,25,2025,12
413112,13/06/2023,85000000,€85.00m,Real Madrid,23,2023,6
413112,13/10/2023,90000000,€90.00m,Real Madrid,23,2023,10
413112,16/12/2021,40000000,€40.00m,AS Monaco,21,2021,12
413112,17/12/2018,5000000,€5.00m,FC Girondins Bordeaux,18,2018,12
413112,19/12/2019,14000000,€14.00m,FC Girondins Bordeaux,19,2019,12
413112,22/12/2023,90000000,€90.00m,Real Madrid,23,2023,12
413112,23/09/2022,80000000,€80.00m,Real Madrid,22,2022,9
413112,23/12/2022,90000000,€90.00m,Real Madrid,22,2022,12
413112,27/12/2024,80000000,€80.00m,Real Madrid,24,2024,12
413112,30/05/2022,60000000,€60.00m,AS Monaco,22,2022,5
413403,03/11/2022,22000000,€22.00m,Aston Villa,25,2022,11
413403,08/04/2020,6500000,€6.50m,Aston Villa,22,2020,4
413403,08/06/2021,25000000,€25.00m,Aston Villa,23,2021,6
413403,09/12/2025,35000000,€35.00m,Aston Villa,28,2025,12
413403,10/12/2019,8000000,€8.00m,Aston Villa,22,2019,12
413403,11/10/2016,100000,€100k,Charlton Athletic,18,2016,10
413403,12/09/2019,8000000,€8.00m,Aston Villa,21,2019,9
413403,13/10/2020,12000000,€12.00m,Aston Villa,22,2020,10
413403,15/06/2022,22000000,€22.00m,Aston Villa,24,2022,6
413403,16/12/2024,35000000,€35.00m,Aston Villa,27,2024,12
413403,18/03/2021,18000000,€18.00m,Aston Villa,23,2021,3
413403,19/12/2023,35000000,€35.00m,Aston Villa,26,2023,12
413403,20/06/2023,25000000,€25.00m,Aston Villa,25,2023,6
413403,21/04/2017,500000,€500k,Charlton Athletic,19,2017,4
413403,23/12/2021,25000000,€25.00m,Aston Villa,24,2021,12
413403,24/09/2018,3000000,€3.00m,Brentford FC,20,2018,9
413403,27/02/2019,3500000,€3.50m,Brentford FC,21,2019,2
413403,27/05/2024,35000000,€35.00m,Aston Villa,26,2024,5
413403,28/06/2019,3500000,€3.50m,Brentford FC,21,2019,6
413403,30/05/2025,35000000,€35.00m,Aston Villa,27,2025,5
413403,30/07/2020,9000000,€9.00m,Aston Villa,22,2020,7
413565,01/09/2016,125000,€125k,Deportivo Cali,18,2016,8
413565,04/01/2021,9000000,€9.00m,KRC Genk,22,2021,1
413565,05/06/2024,17000000,€17.00m,Bologna FC 1909,25,2024,6
413565,06/01/2022,12000000,€12.00m,KRC Genk,23,2022,1
413565,06/10/2021,13000000,€13.00m,KRC Genk,23,2021,10
413565,07/03/2018,350000,€350k,Deportivo Cali,19,2018,3
413565,07/06/2021,11000000,€11.00m,KRC Genk,22,2021,6
413565,07/10/2025,25000000,€25.00m,Bologna FC 1909,27,2025,10
413565,08/04/2020,7200000,€7.20m,KRC Genk,21,2020,4
413565,08/06/2018,400000,€400k,Deportivo Cali,19,2018,6
413565,10/06/2019,8000000,€8.00m,KRC Genk,20,2019,6
413565,10/11/2016,175000,€175k,Deportivo Cali,18,2016,11
413565,11/09/2018,2200000,€2.20m,KRC Genk,20,2018,9
413565,11/11/2022,9000000,€9.00m,Bologna FC 1909,24,2022,11
413565,12/04/2022,10000000,€10.00m,KRC Genk,23,2022,4
413565,13/12/2019,8000000,€8.00m,KRC Genk,21,2019,12
413565,15/03/2016,100000,€100k,Deportivo Cali,17,2016,3
413565,15/06/2023,12000000,€12.00m,Bologna FC 1909,24,2023,6
413565,16/10/2020,8000000,€8.00m,KRC Genk,22,2020,10
413565,17/03/2021,11000000,€11.00m,KRC Genk,22,2021,3
413565,17/06/2025,22000000,€22.00m,Bologna FC 1909,26,2025,6
413565,18/12/2024,18000000,€18.00m,Bologna FC 1909,26,2024,12
413565,20/12/2023,11000000,€11.00m,Bologna FC 1909,25,2023,12
413565,23/12/2025,25000000,€25.00m,Bologna FC 1909,27,2025,12
413565,26/05/2022,9000000,€9.00m,KRC Genk,23,2022,5
413565,27/12/2018,4500000,€4.50m,KRC Genk,20,2018,12
413565,31/01/2017,300000,€300k,Deportivo Cali,18,2017,1
414908,02/06/2018,350000,€350k,Orlando Pirates,21,2018,6
414908,02/11/2022,5000000,€5.00m,Stade Reims,26,2022,11
414908,03/01/2016,25000,€25k,FC Cape Town,19,2016,1
414908,03/06/2024,10000000,€10.00m,Stade Reims,27,2024,6
414908,03/08/2020,1200000,€1.20m,Stade Reims,24,2020,8
414908,04/06/2021,2500000,€2.50m,Stade Reims,24,2021,6
414908,06/01/2018,200000,€200k,Orlando Pirates,21,2018,1
414908,08/04/2020,800000,€800k,Stade Reims,23,2020,4
414908,08/10/2021,3000000,€3.00m,Stade Reims,25,2021,10
414908,09/12/2025,12000000,€12.00m,Wolverhampton Wanderers,29,2025,12
414908,10/12/2024,10000000,€10.00m,Stade Reims,28,2024,12
414908,15/01/2017,200000,€200k,Baroka FC,20,2017,1
414908,15/10/2020,1500000,€1.50m,Stade Reims,24,2020,10
414908,16/10/2023,10000000,€10.00m,Stade Reims,27,2023,10
414908,16/12/2021,3000000,€3.00m,Stade Reims,25,2021,12
414908,18/03/2025,15000000,€15.00m,Wolverhampton Wanderers,28,2025,3
414908,18/12/2023,12000000,€12.00m,Stade Reims,27,2023,12
414908,19/01/2019,450000,€450k,Orlando Pirates,22,2019,1
414908,19/12/2019,1000000,€1.00m,Stade Reims,23,2019,12
414908,22/07/2017,250000,€250k,Baroka FC,21,2017,7
414908,23/03/2022,4000000,€4.00m,Stade Reims,25,2022,3
414908,26/06/2019,550000,€550k,Orlando Pirates,23,2019,6
414908,27/06/2023,9000000,€9.00m,Stade Reims,27,2023,6
414908,30/05/2022,5000000,€5.00m,Stade Reims,25,2022,5
414908,30/05/2025,15000000,€15.00m,Wolverhampton Wanderers,28,2025,5
418560,01/10/2024,200000000,€200.00m,Manchester City,24,2024,9
418560,03/06/2019,5000000,€5.00m,Red Bull Salzburg,18,2019,6
418560,03/09/2019,12000000,€12.00m,Red Bull Salzburg,19,2019,9
418560,03/11/2022,170000000,€170.00m,Manchester City,22,2022,11
418560,07/10/2021,150000000,€150.00m,Borussia Dortmund,21,2021,10
418560,07/11/2019,30000000,€30.00m,Red Bull Salzburg,19,2019,11
418560,08/04/2020,72000000,€72.00m,Borussia Dortmund,19,2020,4
418560,09/06/2021,130000000,€130.00m,Borussia Dortmund,20,2021,6
418560,09/06/2022,150000000,€150.00m,Borussia Dortmund,21,2022,6
418560,09/12/2025,200000000,€200.00m,Manchester City,25,2025,12
418560,10/02/2021,110000000,€110.00m,Borussia Dortmund,20,2021,2
418560,10/09/2018,2000000,€2.00m,Molde FK,18,2018,9
418560,11/02/2020,60000000,€60.00m,Borussia Dortmund,19,2020,2
418560,11/03/2020,80000000,€80.00m,Borussia Dortmund,19,2020,3
418560,16/09/2020,80000000,€80.00m,Borussia Dortmund,20,2020,9
418560,16/12/2019,45000000,€45.00m,Red Bull Salzburg,19,2019,12
418560,16/12/2024,200000000,€200.00m,Manchester City,24,2024,12
418560,18/12/2016,200000,€200k,Bryne FK,16,2016,12
418560,19/12/2023,180000000,€180.00m,Manchester City,23,2023,12
418560,20/06/2023,180000000,€180.00m,Manchester City,22,2023,6
418560,22/12/2021,150000000,€150.00m,Borussia Dortmund,21,2021,12
418560,23/12/2017,300000,€300k,Molde FK,17,2017,12
418560,26/11/2020,100000000,€100.00m,Borussia Dortmund,20,2020,11
418560,27/05/2024,180000000,€180.00m,Manchester City,23,2024,5
418560,30/05/2025,180000000,€180.00m,Manchester City,24,2025,5
418560,30/12/2018,5000000,€5.00m,Molde FK,18,2018,12
418659,02/11/2022,38000000,€38.00m,Stade Rennais FC,22,2022,11
418659,03/06/2019,4500000,€4.50m,Olympique Lyon,19,2019,6
418659,03/06/2024,25000000,€25.00m,Stade Rennais FC,24,2024,6
418659,03/06/2025,30000000,€30.00m,Olympique Marseille,25,2025,6
418659,03/08/2020,7000000,€7.00m,OGC Nice,20,2020,8
418659,04/06/2018,4500000,€4.50m,Olympique Lyon,18,2018,6
418659,04/06/2021,30000000,€30.00m,OGC Nice,21,2021,6
418659,07/01/2021,20000000,€20.00m,OGC Nice,20,2021,1
418659,08/04/2020,4000000,€4.00m,Olympique Lyon,20,2020,4
418659,08/10/2021,35000000,€35.00m,OGC Nice,21,2021,10
418659,09/04/2021,27000000,€27.00m,OGC Nice,21,2021,4
418659,10/12/2024,20000000,€20.00m,Stade Rennais FC,24,2024,12
418659,12/10/2017,150000,€150k,Olympique Lyon,17,2017,10
418659,15/10/2020,15000000,€15.00m,OGC Nice,20,2020,10
418659,15/12/2025,28000000,€28.00m,Olympique Marseille,25,2025,12
418659,16/12/2021,45000000,€45.00m,OGC Nice,21,2021,12
418659,17/12/2018,4500000,€4.50m,Olympique Lyon,18,2018,12
418659,18/12/2023,28000000,€28.00m,Stade Rennais FC,23,2023,12
418659,19/09/2022,35000000,€35.00m,Stade Rennais FC,22,2022,9
418659,19/12/2019,4500000,€4.50m,Olympique Lyon,19,2019,12
418659,23/03/2022,50000000,€50.00m,OGC Nice,22,2022,3
418659,24/01/2018,4500000,€4.50m,Olympique Lyon,17,2018,1
418659,27/03/2023,35000000,€35.00m,Stade Rennais FC,23,2023,3
418659,27/06/2023,35000000,€35.00m,Stade Rennais FC,23,2023,6
418659,30/05/2022,42000000,€42.00m,OGC Nice,22,2022,5
420002,01/06/2017,2000000,€2.00m,Olympique Lyon,19,2017,5
420002,01/11/2016,2500000,€2.50m,Olympique Lyon,19,2016,10
420002,03/11/2022,9000000,€9.00m,Crystal Palace,25,2022,11
420002,05/06/2019,22000000,€22.00m,1.FSV Mainz 05,21,2019,6
420002,05/10/2021,8000000,€8.00m,Crystal Palace,24,2021,10
420002,08/04/2020,17500000,€17.50m,1.FSV Mainz 05,22,2020,4
420002,08/06/2021,13000000,€13.00m,Crystal Palace,23,2021,6
420002,09/12/2025,40000000,€40.00m,Crystal Palace,28,2025,12
420002,14/03/2024,10000000,€10.00m,Crystal Palace,26,2024,3
420002,15/06/2022,10000000,€10.00m,Crystal Palace,24,2022,6
420002,16/01/2017,2500000,€2.50m,Olympique Lyon,19,2017,1
420002,16/05/2018,2500000,€2.50m,Le Havre AC,20,2018,5
420002,16/09/2020,15000000,€15.00m,1.FSV Mainz 05,23,2020,9
420002,16/12/2024,20000000,€20.00m,Crystal Palace,27,2024,12
420002,17/10/2025,35000000,€35.00m,Crystal Palace,28,2025,10
420002,17/12/2019,22000000,€22.00m,1.FSV Mainz 05,22,2019,12
420002,18/03/2021,15000000,€15.00m,Crystal Palace,23,2021,3
420002,18/03/2025,30000000,€30.00m,Crystal Palace,27,2025,3
420002,18/12/2018,11000000,€11.00m,1.FSV Mainz 05,21,2018,12
420002,19/12/2023,7000000,€7.00m,Crystal Palace,26,2023,12
420002,20/06/2023,7000000,€7.00m,Crystal Palace,25,2023,6
420002,22/08/2018,7500000,€7.50m,1.FSV Mainz 05,21,2018,8
420002,23/12/2021,5000000,€5.00m,Crystal Palace,24,2021,12
420002,27/05/2024,20000000,€20.00m,Crystal Palace,26,2024,5
420002,29/03/2022,8000000,€8.00m,Crystal Palace,24,2022,3
420002,30/05/2025,30000000,€30.00m,Crystal Palace,27,2025,5
420064,01/01/2018,300000,€300k,Atlético Madrileño,20,2017,12
420064,02/11/2022,20000000,€20.00m,AS Monaco,25,2022,11
420064,03/06/2024,20000000,€20.00m,AS Monaco,26,2024,6
420064,03/06/2025,15000000,€15.00m,AS Monaco,27,2025,6
420064,04/06/2021,12000000,€12.00m,AS Monaco,23,2021,6
420064,07/01/2021,8000000,€8.00m,AS Monaco,23,2021,1
420064,08/04/2020,1200000,€1.20m,Grêmio Foot-Ball Porto Alegrense,22,2020,4
420064,08/10/2021,16000000,€16.00m,AS Monaco,24,2021,10
420064,09/04/2021,10000000,€10.00m,AS Monaco,23,2021,4
420064,10/12/2024,18000000,€18.00m,AS Monaco,27,2024,12
420064,12/10/2020,5000000,€5.00m,AS Monaco,23,2020,10
420064,15/12/2025,15000000,€15.00m,AS Monaco,28,2025,12
420064,16/12/2021,18000000,€18.00m,AS Monaco,24,2021,12
420064,17/08/2017,300000,€300k,Atlético Madrileño,20,2017,8
420064,18/02/2019,1250000,€1.25m,Fluminense Football Club,21,2019,2
420064,18/12/2023,20000000,€20.00m,AS Monaco,26,2023,12
420064,23/05/2018,800000,€800k,Paraná Clube,20,2018,5
420064,24/03/2025,15000000,€15.00m,AS Monaco,27,2025,3
420064,27/06/2023,20000000,€20.00m,AS Monaco,25,2023,6
420064,27/11/2019,1500000,€1.50m,Fluminense Football Club,22,2019,11
420064,30/05/2022,20000000,€20.00m,AS Monaco,24,2022,5
420213,01/07/2019,200000,€200k,Ajax Amsterdam U21,18,2019,6
420213,02/12/2025,25000000,€25.00m,Feyenoord Rotterdam,24,2025,12
420213,04/10/2021,2000000,€2.00m,FC Utrecht,20,2021,10
420213,05/01/2022,2200000,€2.20m,FC Utrecht,20,2022,1
420213,08/04/2020,450000,€450k,Ajax Amsterdam U21,18,2020,4
420213,08/06/2022,4000000,€4.00m,FC Utrecht,20,2022,6
420213,11/11/2022,8500000,€8.50m,Feyenoord Rotterdam,21,2022,11
420213,14/09/2022,8500000,€8.50m,Feyenoord Rotterdam,21,2022,9
420213,14/10/2024,35000000,€35.00m,Feyenoord Rotterdam,23,2024,10
420213,15/12/2023,22000000,€22.00m,Feyenoord Rotterdam,22,2023,12
420213,17/01/2020,500000,€500k,Ajax Amsterdam U21,18,2020,1
420213,17/10/2023,12000000,€12.00m,Feyenoord Rotterdam,22,2023,10
420213,17/12/2024,32000000,€32.00m,Feyenoord Rotterdam,23,2024,12
420213,23/06/2023,8000000,€8.00m,Feyenoord Rotterdam,22,2023,6
420213,24/10/2020,1600000,€1.60m,Ajax Amsterdam U21,19,2020,10
420213,28/05/2025,30000000,€30.00m,Feyenoord Rotterdam,23,2025,5
420213,29/06/2020,700000,€700k,Ajax Amsterdam U21,19,2020,6
420213,31/05/2024,28000000,€28.00m,Feyenoord Rotterdam,22,2024,5
420213,31/12/2020,1600000,€1.60m,Ajax Amsterdam U21,19,2020,12
420243,03/07/2019,300000,€300k,Ajax Amsterdam U21,18,2019,7
420243,04/10/2021,17000000,€17.00m,Ajax Amsterdam,20,2021,10
420243,05/01/2022,30000000,€30.00m,Ajax Amsterdam,20,2022,1
420243,08/04/2020,800000,€800k,Ajax Amsterdam U21,18,2020,4
420243,08/06/2022,35000000,€35.00m,Ajax Amsterdam,20,2022,6
420243,09/03/2021,9000000,€9.00m,Ajax Amsterdam,19,2021,3
420243,09/12/2025,70000000,€70.00m,Arsenal FC,24,2025,12
420243,11/11/2022,45000000,€45.00m,Ajax Amsterdam,21,2022,11
420243,14/09/2022,45000000,€45.00m,Ajax Amsterdam,21,2022,9
420243,14/10/2020,4000000,€4.00m,Ajax Amsterdam,19,2020,10
420243,16/12/2024,45000000,€45.00m,Arsenal FC,23,2024,12
420243,17/01/2020,900000,€900k,Ajax Amsterdam U21,18,2020,1
420243,17/03/2023,42000000,€42.00m,Ajax Amsterdam,21,2023,3
420243,17/10/2025,60000000,€60.00m,Arsenal FC,24,2025,10
420243,18/03/2025,50000000,€50.00m,Arsenal FC,23,2025,3
420243,19/12/2023,40000000,€40.00m,Arsenal FC,22,2023,12
420243,21/01/2019,50000,€50k,Ajax Amsterdam U21,17,2019,1
420243,23/06/2023,42000000,€42.00m,Ajax Amsterdam,22,2023,6
420243,27/05/2021,11000000,€11.00m,Ajax Amsterdam,19,2021,5
420243,27/05/2024,38000000,€38.00m,Arsenal FC,22,2024,5
420243,29/06/2020,2000000,€2.00m,Ajax Amsterdam U21,19,2020,6
420243,30/05/2025,55000000,€55.00m,Arsenal FC,23,2025,5
420243,31/12/2020,4000000,€4.00m,Ajax Amsterdam,19,2020,12
423440,03/06/2022,30000000,€30.00m,Real Sociedad,23,2022,6
423440,05/01/2021,15000000,€15.00m,Real Sociedad,21,2021,1
423440,07/06/2024,50000000,€50.00m,Real Sociedad,25,2024,6
423440,07/11/2022,40000000,€40.00m,Real Sociedad,23,2022,11
423440,08/10/2020,8000000,€8.00m,Real Sociedad,21,2020,10
423440,09/06/2025,60000000,€60.00m,Real Sociedad,26,2025,6
423440,09/12/2025,75000000,€75.00m,Arsenal FC,26,2025,12
423440,10/06/2021,20000000,€20.00m,Real Sociedad,22,2021,6
423440,10/09/2019,100000,€100k,Real Sociedad B,20,2019,9
423440,11/02/2020,250000,€250k,Real Sociedad B,21,2020,2
423440,11/10/2024,60000000,€60.00m,Real Sociedad,25,2024,10
423440,13/06/2023,40000000,€40.00m,Real Sociedad,24,2023,6
423440,17/10/2025,70000000,€70.00m,Arsenal FC,26,2025,10
423440,19/02/2019,100000,€100k,Real Sociedad B,20,2019,2
423440,22/12/2023,50000000,€50.00m,Real Sociedad,24,2023,12
423440,23/09/2022,35000000,€35.00m,Real Sociedad,23,2022,9
423440,23/11/2018,100000,€100k,Real Sociedad B,19,2018,11
423440,27/12/2024,60000000,€60.00m,Real Sociedad,25,2024,12
423440,29/06/2019,100000,€100k,Real Sociedad B,20,2019,6
423440,30/12/2021,25000000,€25.00m,Real Sociedad,22,2021,12
423744,03/11/2022,12000000,€12.00m,Brighton & Hove Albion,21,2022,11
423744,05/10/2021,15000000,€15.00m,Norwich City,20,2021,10
423744,08/04/2020,5400000,€5.40m,Chelsea FC,18,2020,4
423744,09/03/2020,6000000,€6.00m,Chelsea FC,18,2020,3
423744,09/10/2023,18000000,€18.00m,Brighton & Hove Albion,22,2023,10
423744,10/12/2019,3000000,€3.00m,Chelsea FC U23,18,2019,12
423744,13/10/2020,7500000,€7.50m,Chelsea FC,19,2020,10
423744,15/06/2022,12000000,€12.00m,Chelsea FC,21,2022,6
423744,16/03/2023,9000000,€9.00m,Brighton & Hove Albion,21,2023,3
423744,17/06/2025,20000000,€20.00m,SSC Napoli,24,2025,6
423744,18/03/2021,7000000,€7.00m,Chelsea FC,19,2021,3
423744,18/12/2024,16000000,€16.00m,SSC Napoli,23,2024,12
423744,19/12/2023,18000000,€18.00m,Brighton & Hove Albion,22,2023,12
423744,20/06/2023,12000000,€12.00m,Brighton & Hove Albion,22,2023,6
423744,23/12/2021,15000000,€15.00m,Norwich City,20,2021,12
423744,23/12/2025,20000000,€20.00m,SSC Napoli,24,2025,12
423744,25/09/2019,2500000,€2.50m,Chelsea FC U23,18,2019,9
423744,27/05/2024,18000000,€18.00m,Brighton & Hove Albion,22,2024,5
423744,28/05/2021,10000000,€10.00m,Chelsea FC,19,2021,5
423744,29/03/2022,12000000,€12.00m,Norwich City,20,2022,3
424042,03/06/2021,7000000,€7.00m,Udinese Calcio,23,2021,6
424042,05/12/2019,2500000,€2.50m,CA Rosario Central,21,2019,12
424042,06/08/2019,1000000,€1.00m,CA Rosario Central,21,2019,8
424042,07/06/2022,20000000,€20.00m,Udinese Calcio,24,2022,6
424042,07/06/2024,28000000,€28.00m,Atlético de Madrid,26,2024,6
424042,07/11/2022,18000000,€18.00m,Atlético de Madrid,24,2022,11
424042,08/04/2020,2000000,€2.00m,CA Boca Juniors II,22,2020,4
424042,08/05/2018,1000000,€1.00m,Defensa y Justicia,20,2018,5
424042,08/08/2016,600000,€600k,CA Boca Juniors II,18,2016,8
424042,09/06/2025,20000000,€20.00m,Atlético de Madrid,27,2025,6
424042,09/10/2017,300000,€300k,CA Boca Juniors II,19,2017,10
424042,12/12/2025,15000000,€15.00m,Atlético de Madrid,27,2025,12
424042,13/02/2017,400000,€400k,CA Boca Juniors II,18,2017,2
424042,13/06/2023,35000000,€35.00m,Atlético de Madrid,25,2023,6
424042,13/10/2023,50000000,€50.00m,Atlético de Madrid,25,2023,10
424042,16/07/2021,10000000,€10.00m,Udinese Calcio,23,2021,7
424042,18/12/2018,750000,€750k,Defensa y Justicia,20,2018,12
424042,21/03/2024,35000000,€35.00m,Atlético de Madrid,25,2024,3
424042,22/12/2023,45000000,€45.00m,Atlético de Madrid,25,2023,12
424042,23/03/2021,5000000,€5.00m,Udinese Calcio,22,2021,3
424042,23/03/2023,24000000,€24.00m,Atlético de Madrid,24,2023,3
424042,23/12/2022,22000000,€22.00m,Atlético de Madrid,24,2022,12
424042,27/12/2024,25000000,€25.00m,Atlético de Madrid,26,2024,12
424042,28/12/2021,10000000,€10.00m,Udinese Calcio,23,2021,12
424042,29/10/2020,4500000,€4.50m,Udinese Calcio,22,2020,10
424042,29/12/2020,4000000,€4.00m,Udinese Calcio,22,2020,12
424204,02/05/2018,800000,€800k,Vancouver Whitecaps FC,17,2018,5
424204,02/10/2019,15000000,€15.00m,Bayern Munich,18,2019,10
424204,05/06/2019,10000000,€10.00m,Bayern Munich,18,2019,6
424204,05/06/2025,50000000,€50.00m,Bayern Munich,24,2025,6
424204,05/12/2017,700000,€700k,Vancouver Whitecaps FC,17,2017,12
424204,08/04/2020,45000000,€45.00m,Bayern Munich,19,2020,4
424204,08/07/2020,60000000,€60.00m,Bayern Munich,19,2020,7
424204,09/06/2021,70000000,€70.00m,Bayern Munich,20,2021,6
424204,09/06/2022,70000000,€70.00m,Bayern Munich,21,2022,6
424204,09/11/2022,70000000,€70.00m,Bayern Munich,22,2022,11
424204,10/02/2021,75000000,€75.00m,Bayern Munich,20,2021,2
424204,11/02/2020,40000000,€40.00m,Bayern Munich,19,2020,2
424204,11/03/2020,50000000,€50.00m,Bayern Munich,19,2020,3
424204,14/12/2023,70000000,€70.00m,Bayern Munich,23,2023,12
424204,15/08/2018,10000000,€10.00m,Vancouver Whitecaps FC,17,2018,8
424204,15/12/2016,200000,€200k,Vancouver Whitecaps FC,16,2016,12
424204,15/12/2018,10000000,€10.00m,Vancouver Whitecaps FC,18,2018,12
424204,16/09/2020,80000000,€80.00m,Bayern Munich,19,2020,9
424204,17/12/2019,25000000,€25.00m,Bayern Munich,19,2019,12
424204,19/12/2025,50000000,€50.00m,Bayern Munich,25,2025,12
424204,20/12/2024,50000000,€50.00m,Bayern Munich,24,2024,12
424204,22/06/2023,70000000,€70.00m,Bayern Munich,22,2023,6
424204,22/12/2021,70000000,€70.00m,Bayern Munich,21,2021,12
424204,24/05/2017,450000,€450k,Vancouver Whitecaps FC,16,2017,5
424204,27/03/2024,60000000,€60.00m,Bayern Munich,23,2024,3
424204,29/05/2024,50000000,€50.00m,Bayern Munich,23,2024,5
428563,03/01/2019,550000,€550k,Aberdeen FC,19,2019,1
428563,04/03/2018,150000,€150k,Hamilton Academical FC,18,2018,3
428563,05/02/2020,1700000,€1.70m,Aberdeen FC,20,2020,2
428563,05/06/2024,24000000,€24.00m,Bologna FC 1909,24,2024,6
428563,07/10/2025,20000000,€20.00m,Bologna FC 1909,26,2025,10
428563,08/04/2020,1500000,€1.50m,Aberdeen FC,20,2020,4
428563,08/08/2018,300000,€300k,Aberdeen FC,18,2018,8
428563,11/11/2022,4000000,€4.00m,Bologna FC 1909,23,2022,11
428563,12/03/2024,24000000,€24.00m,Bologna FC 1909,24,2024,3
428563,15/06/2023,12000000,€12.00m,Bologna FC 1909,23,2023,6
428563,17/06/2025,28000000,€28.00m,Bologna FC 1909,25,2025,6
428563,18/01/2021,3000000,€3.00m,Aberdeen FC,21,2021,1
428563,18/12/2024,22000000,€22.00m,Bologna FC 1909,25,2024,12
428563,20/08/2019,1000000,€1.00m,Aberdeen FC,19,2019,8
428563,20/12/2023,18000000,€18.00m,Bologna FC 1909,24,2023,12
428563,21/03/2023,9000000,€9.00m,Bologna FC 1909,23,2023,3
428563,21/07/2020,1500000,€1.50m,Aberdeen FC,20,2020,7
428563,23/12/2025,20000000,€20.00m,Bologna FC 1909,26,2025,12
428563,25/03/2025,24000000,€24.00m,Bologna FC 1909,25,2025,3
428563,27/06/2022,2000000,€2.00m,Aberdeen FC,22,2022,6
428563,27/09/2022,3500000,€3.50m,Bologna FC 1909,23,2022,9
428563,28/06/2021,2200000,€2.20m,Aberdeen FC,21,2021,6
428563,31/12/2021,2000000,€2.00m,Aberdeen FC,22,2021,12
429014,03/11/2022,25000000,€25.00m,Nottingham Forest,22,2022,11
429014,05/03/2019,5000000,€5.00m,Wolverhampton Wanderers,19,2019,3
429014,08/04/2020,7200000,€7.20m,Wolverhampton Wanderers,20,2020,4
429014,08/06/2021,7000000,€7.00m,Wolverhampton Wanderers,21,2021,6
429014,09/12/2025,65000000,€65.00m,Nottingham Forest,25,2025,12
429014,10/12/2019,8000000,€8.00m,Wolverhampton Wanderers,19,2019,12
429014,13/05/2022,11000000,€11.00m,Sheffield United,22,2022,5
429014,13/06/2019,8000000,€8.00m,Wolverhampton Wanderers,19,2019,6
429014,13/08/2018,1000000,€1.00m,Wolverhampton Wanderers,18,2018,8
429014,15/09/2022,25000000,€25.00m,Nottingham Forest,22,2022,9
429014,15/10/2020,6000000,€6.00m,Swansea City,20,2020,10
429014,16/03/2023,30000000,€30.00m,Nottingham Forest,23,2023,3
429014,16/12/2024,40000000,€40.00m,Nottingham Forest,24,2024,12
429014,17/10/2025,65000000,€65.00m,Nottingham Forest,25,2025,10
429014,18/03/2021,6000000,€6.00m,Wolverhampton Wanderers,21,2021,3
429014,18/03/2025,50000000,€50.00m,Nottingham Forest,25,2025,3
429014,19/12/2018,3000000,€3.00m,Wolverhampton Wanderers,18,2018,12
429014,19/12/2023,40000000,€40.00m,Nottingham Forest,23,2023,12
429014,20/06/2023,40000000,€40.00m,Nottingham Forest,23,2023,6
429014,24/11/2021,9000000,€9.00m,Sheffield United,21,2021,11
429014,27/05/2024,40000000,€40.00m,Nottingham Forest,24,2024,5
429014,30/05/2025,50000000,€50.00m,Nottingham Forest,25,2025,5
429874,05/01/2021,500000,€500k,Borussia Dortmund II,18,2021,1
429874,05/06/2025,15000000,€15.00m,Eintracht Frankfurt,23,2025,6
429874,09/06/2021,3000000,€3.00m,Borussia Dortmund II,19,2021,6
429874,09/06/2022,10000000,€10.00m,Eintracht Frankfurt,20,2022,6
429874,09/11/2022,10000000,€10.00m,Eintracht Frankfurt,20,2022,11
429874,10/02/2021,800000,€800k,Borussia Dortmund II,19,2021,2
429874,14/12/2023,8000000,€8.00m,Eintracht Frankfurt,21,2023,12
429874,15/09/2020,150000,€150k,Borussia Dortmund II,18,2020,9
429874,19/12/2025,15000000,€15.00m,Eintracht Frankfurt,23,2025,12
429874,20/12/2024,10000000,€10.00m,Eintracht Frankfurt,22,2024,12
429874,22/06/2023,8000000,€8.00m,Eintracht Frankfurt,21,2023,6
429874,22/12/2021,3000000,€3.00m,Borussia Dortmund,19,2021,12
429874,24/03/2022,5000000,€5.00m,Eintracht Frankfurt,20,2022,3
429874,27/03/2024,10000000,€10.00m,Eintracht Frankfurt,22,2024,3
429874,29/05/2024,10000000,€10.00m,Eintracht Frankfurt,22,2024,5
429983,04/10/2021,3000000,€3.00m,FC Groningen,21,2021,10
429983,05/01/2022,3000000,€3.00m,FC Groningen,21,2022,1
429983,06/01/2021,1500000,€1.50m,FC Groningen,20,2021,1
429983,07/06/2024,25000000,€25.00m,Celta de Vigo,24,2024,6
429983,07/11/2022,11000000,€11.00m,Celta de Vigo,22,2022,11
429983,08/06/2022,6000000,€6.00m,FC Groningen,22,2022,6
429983,09/03/2021,3200000,€3.20m,FC Groningen,21,2021,3
429983,09/12/2025,40000000,€40.00m,Wolverhampton Wanderers,25,2025,12
429983,10/09/2018,100000,€100k,Sarpsborg 08 FF,18,2018,9
429983,13/06/2023,11000000,€11.00m,Celta de Vigo,23,2023,6
429983,13/10/2023,12000000,€12.00m,Celta de Vigo,23,2023,10
429983,14/10/2020,600000,€600k,FC Groningen,20,2020,10
429983,16/12/2024,27000000,€27.00m,Wolverhampton Wanderers,24,2024,12
429983,17/03/2022,4000000,€4.00m,FC Groningen,22,2022,3
429983,17/10/2025,40000000,€40.00m,Wolverhampton Wanderers,25,2025,10
429983,18/12/2016,50000,€50k,Sarpsborg 08 FF,16,2016,12
429983,19/05/2021,3500000,€3.50m,FC Groningen,21,2021,5
429983,21/03/2024,20000000,€20.00m,Celta de Vigo,24,2024,3
429983,22/12/2023,15000000,€15.00m,Celta de Vigo,23,2023,12
429983,23/09/2022,11000000,€11.00m,Celta de Vigo,22,2022,9
429983,29/12/2019,300000,€300k,Sarpsborg 08 FF,19,2019,12
429983,30/05/2025,30000000,€30.00m,Wolverhampton Wanderers,25,2025,5
429983,30/06/2018,75000,€75k,Sarpsborg 08 FF,18,2018,6
429983,30/12/2018,100000,€100k,Sarpsborg 08 FF,18,2018,12
431755,03/11/2022,50000000,€50.00m,Tottenham Hotspur,22,2022,11
431755,08/04/2020,31500000,€31.50m,Parma Calcio 1913,19,2020,4
431755,08/10/2019,6000000,€6.00m,Parma Calcio 1913,19,2019,10
431755,09/12/2025,45000000,€45.00m,Tottenham Hotspur,25,2025,12
431755,11/02/2020,35000000,€35.00m,Parma Calcio 1913,19,2020,2
431755,12/12/2019,25000000,€25.00m,Parma Calcio 1913,19,2019,12
431755,14/10/2021,35000000,€35.00m,Juventus FC,21,2021,10
431755,15/06/2022,40000000,€40.00m,Tottenham Hotspur,22,2022,6
431755,15/09/2022,50000000,€50.00m,Tottenham Hotspur,22,2022,9
431755,16/03/2023,55000000,€55.00m,Tottenham Hotspur,22,2023,3
431755,16/12/2024,60000000,€60.00m,Tottenham Hotspur,24,2024,12
431755,17/06/2019,1000000,€1.00m,Atalanta BC,19,2019,6
431755,19/12/2023,55000000,€55.00m,Tottenham Hotspur,23,2023,12
431755,20/06/2023,50000000,€50.00m,Tottenham Hotspur,23,2023,6
431755,25/08/2020,40000000,€40.00m,Parma Calcio 1913,20,2020,8
431755,27/05/2024,55000000,€55.00m,Tottenham Hotspur,24,2024,5
431755,28/12/2021,30000000,€30.00m,Juventus FC,21,2021,12
431755,29/03/2022,35000000,€35.00m,Tottenham Hotspur,21,2022,3
431755,29/10/2020,45000000,€45.00m,Juventus FC,20,2020,10
431755,29/12/2020,45000000,€45.00m,Juventus FC,20,2020,12
431755,30/05/2025,50000000,€50.00m,Tottenham Hotspur,25,2025,5
431755,31/05/2021,40000000,€40.00m,Juventus FC,21,2021,5
432298,04/06/2024,2500000,€2.50m,Sint-Truidense VV,21,2024,6
432298,06/01/2023,275000,€275k,Urawa Red Diamonds,20,2023,1
432298,14/01/2022,300000,€300k,Urawa Red Diamonds,19,2022,1
432298,17/06/2025,20000000,€20.00m,Parma Calcio 1913,22,2025,6
432298,18/10/2024,7000000,€7.00m,Parma Calcio 1913,22,2024,10
432298,18/12/2024,9000000,€9.00m,Parma Calcio 1913,22,2024,12
432298,19/12/2023,1000000,€1.00m,Sint-Truidense VV,21,2023,12
432298,22/03/2024,2000000,€2.00m,Sint-Truidense VV,21,2024,3
432298,23/05/2019,50000,€50k,Urawa Red Diamonds,16,2019,5
432298,23/10/2023,750000,€750k,Sint-Truidense VV,21,2023,10
432298,23/12/2025,20000000,€20.00m,Parma Calcio 1913,23,2025,12
432298,25/03/2025,14000000,€14.00m,Parma Calcio 1913,22,2025,3
432298,27/06/2023,250000,€250k,Urawa Red Diamonds,20,2023,6
432298,27/12/2019,75000,€75k,Urawa Red Diamonds,17,2019,12
432298,28/06/2022,300000,€300k,Urawa Red Diamonds,19,2022,6
432298,29/01/2021,100000,€100k,Urawa Red Diamonds,18,2021,1
432298,29/06/2021,300000,€300k,Urawa Red Diamonds,18,2021,6
433177,03/11/2022,90000000,€90.00m,Arsenal FC,21,2022,11
433177,08/04/2020,20000000,€20.00m,Arsenal FC,18,2020,4
433177,09/03/2020,22000000,€22.00m,Arsenal FC,18,2020,3
433177,09/12/2025,130000000,€130.00m,Arsenal FC,24,2025,12
433177,10/12/2019,13000000,€13.00m,Arsenal FC,18,2019,12
433177,13/10/2020,40000000,€40.00m,Arsenal FC,19,2020,10
433177,14/03/2024,130000000,€130.00m,Arsenal FC,22,2024,3
433177,15/06/2022,65000000,€65.00m,Arsenal FC,20,2022,6
433177,15/09/2022,70000000,€70.00m,Arsenal FC,21,2022,9
433177,16/03/2023,110000000,€110.00m,Arsenal FC,21,2023,3
433177,16/12/2024,150000000,€150.00m,Arsenal FC,23,2024,12
433177,17/10/2025,140000000,€140.00m,Arsenal FC,24,2025,10
433177,18/03/2021,60000000,€60.00m,Arsenal FC,19,2021,3
433177,19/12/2023,120000000,€120.00m,Arsenal FC,22,2023,12
433177,20/06/2023,120000000,€120.00m,Arsenal FC,21,2023,6
433177,23/09/2019,7000000,€7.00m,Arsenal FC,18,2019,9
433177,23/12/2021,65000000,€65.00m,Arsenal FC,20,2021,12
433177,23/12/2022,100000000,€100.00m,Arsenal FC,21,2022,12
433177,27/05/2024,140000000,€140.00m,Arsenal FC,22,2024,5
433177,28/05/2021,65000000,€65.00m,Arsenal FC,19,2021,5
433177,30/05/2025,150000000,€150.00m,Arsenal FC,23,2025,5
433177,30/07/2020,35000000,€35.00m,Arsenal FC,18,2020,7
433188,03/11/2022,22000000,€22.00m,Liverpool FC,21,2022,11
433188,08/04/2020,1800000,€1.80m,Liverpool FC U23,19,2020,4
433188,08/06/2021,30000000,€30.00m,Liverpool FC,20,2021,6
433188,09/08/2019,1500000,€1.50m,Liverpool FC U23,18,2019,8
433188,09/10/2023,30000000,€30.00m,Liverpool FC,22,2023,10
433188,09/12/2025,40000000,€40.00m,Liverpool FC,24,2025,12
433188,10/12/2019,2000000,€2.00m,Liverpool FC U23,18,2019,12
433188,12/07/2023,25000000,€25.00m,Liverpool FC,22,2023,7
433188,13/10/2020,5000000,€5.00m,Liverpool FC,19,2020,10
433188,14/03/2024,35000000,€35.00m,Liverpool FC,23,2024,3
433188,15/06/2022,28000000,€28.00m,Liverpool FC,21,2022,6
433188,15/09/2022,25000000,€25.00m,Liverpool FC,21,2022,9
433188,16/03/2023,17000000,€17.00m,Liverpool FC,22,2023,3
433188,16/12/2024,45000000,€45.00m,Liverpool FC,23,2024,12
433188,17/12/2020,17000000,€17.00m,Liverpool FC,19,2020,12
433188,18/03/2021,30000000,€30.00m,Liverpool FC,20,2021,3
433188,18/03/2025,50000000,€50.00m,Liverpool FC,24,2025,3
433188,19/12/2023,30000000,€30.00m,Liverpool FC,22,2023,12
433188,20/06/2023,22000000,€22.00m,Liverpool FC,22,2023,6
433188,23/12/2021,30000000,€30.00m,Liverpool FC,20,2021,12
433188,27/05/2024,35000000,€35.00m,Liverpool FC,23,2024,5
433188,30/05/2025,45000000,€45.00m,Liverpool FC,24,2025,5
433188,30/07/2020,5000000,€5.00m,Liverpool FC,19,2020,7
433984,01/03/2018,100000,€100k,Go Ahead Eagles,19,2018,2
433984,01/07/2017,50000,€50k,Go Ahead Eagles,18,2017,6
433984,03/07/2019,50000,€50k,Go Ahead Eagles,20,2019,7
433984,04/10/2021,700000,€700k,AZ Alkmaar,22,2021,10
433984,05/01/2022,700000,€700k,AZ Alkmaar,23,2022,1
433984,05/06/2024,18000000,€18.00m,Bologna FC 1909,25,2024,6
433984,08/06/2022,1000000,€1.00m,AZ Alkmaar,23,2022,6
433984,11/10/2023,10000000,€10.00m,Bologna FC 1909,24,2023,10
433984,11/11/2022,3000000,€3.00m,AZ Alkmaar,23,2022,11
433984,14/09/2022,2000000,€2.00m,AZ Alkmaar,23,2022,9
433984,16/03/2021,525000,€525k,Go Ahead Eagles,22,2021,3
433984,17/01/2020,225000,€225k,Go Ahead Eagles,21,2020,1
433984,17/06/2025,28000000,€28.00m,Bologna FC 1909,26,2025,6
433984,18/12/2024,22000000,€22.00m,Bologna FC 1909,26,2024,12
433984,20/12/2023,15000000,€15.00m,Bologna FC 1909,25,2023,12
433984,21/01/2019,100000,€100k,Go Ahead Eagles,20,2019,1
433984,23/06/2023,4500000,€4.50m,AZ Alkmaar,24,2023,6
433984,23/12/2025,28000000,€28.00m,SSC Napoli,27,2025,12
433984,24/10/2020,325000,€325k,Go Ahead Eagles,21,2020,10
433984,25/03/2025,25000000,€25.00m,Bologna FC 1909,26,2025,3
433984,29/06/2018,100000,€100k,Go Ahead Eagles,19,2018,6
433984,29/06/2020,275000,€275k,Go Ahead Eagles,21,2020,6
433984,31/12/2020,450000,€450k,Go Ahead Eagles,22,2020,12
434433,01/10/2018,350000,€350k,FK Zeta Golubovac,18,2018,9
434433,05/04/2019,400000,€400k,FK Zeta Golubovac,19,2019,4
434433,05/06/2024,6000000,€6.00m,US Lecce,24,2024,6
434433,07/10/2025,24000000,€24.00m,Atalanta BC,25,2025,10
434433,08/04/2020,525000,€525k,Graficar Belgrad,20,2020,4
434433,11/10/2023,5000000,€5.00m,US Lecce,23,2023,10
434433,12/06/2021,500000,€500k,Red Star Belgrade,21,2021,6
434433,16/12/2022,1000000,€1.00m,DAC Dunajska Streda,22,2022,12
434433,17/06/2025,15000000,€15.00m,US Lecce,25,2025,6
434433,17/09/2017,125000,€125k,FK Zeta Golubovac,17,2017,9
434433,18/12/2024,6000000,€6.00m,US Lecce,24,2024,12
434433,20/12/2023,5000000,€5.00m,US Lecce,23,2023,12
434433,21/06/2020,300000,€300k,Graficar Belgrad,20,2020,6
434433,21/06/2023,2200000,€2.20m,DAC Dunajska Streda,23,2023,6
434433,22/12/2020,500000,€500k,Red Star Belgrade,20,2020,12
434433,23/06/2022,550000,€550k,DAC Dunajska Streda,22,2022,6
434433,23/12/2025,20000000,€20.00m,Atalanta BC,25,2025,12
434433,25/03/2025,14000000,€14.00m,US Lecce,24,2025,3
434433,26/08/2016,50000,€50k,FK Zeta Golubovac,16,2016,8
434433,26/12/2021,500000,€500k,DAC Dunajska Streda,21,2021,12
434433,28/10/2019,600000,€600k,Red Star Belgrade,19,2019,10
434433,31/03/2017,50000,€50k,FK Zeta Golubovac,16,2017,3
434433,31/03/2018,375000,€375k,FK Zeta Golubovac,17,2018,3
434675,01/03/2018,150000,€150k,PSV Eindhoven U19,18,2018,2
434675,04/10/2021,22000000,€22.00m,PSV Eindhoven,22,2021,10
434675,04/11/2016,25000,€25k,PSV Eindhoven U19,17,2016,11
434675,05/01/2022,22000000,€22.00m,PSV Eindhoven,22,2022,1
434675,06/01/2021,14000000,€14.00m,PSV Eindhoven,21,2021,1
434675,08/04/2020,7200000,€7.20m,PSV Eindhoven,20,2020,4
434675,08/06/2022,30000000,€30.00m,PSV Eindhoven,23,2022,6
434675,09/12/2025,70000000,€70.00m,Liverpool FC,26,2025,12
434675,11/11/2022,45000000,€45.00m,PSV Eindhoven,23,2022,11
434675,12/03/2020,8000000,€8.00m,PSV Eindhoven,20,2020,3
434675,12/06/2018,400000,€400k,PSV Eindhoven U19,19,2018,6
434675,12/06/2019,4000000,€4.00m,PSV Eindhoven,20,2019,6
434675,13/03/2019,2500000,€2.50m,PSV Eindhoven,19,2019,3
434675,14/09/2022,35000000,€35.00m,PSV Eindhoven,23,2022,9
434675,14/10/2020,10000000,€10.00m,PSV Eindhoven,21,2020,10
434675,16/12/2024,60000000,€60.00m,Liverpool FC,25,2024,12
434675,17/03/2022,25000000,€25.00m,PSV Eindhoven,22,2022,3
434675,18/03/2025,70000000,€70.00m,Liverpool FC,25,2025,3
434675,18/07/2024,55000000,€55.00m,Liverpool FC,25,2024,7
434675,18/12/2019,6000000,€6.00m,PSV Eindhoven,20,2019,12
434675,19/09/2019,6000000,€6.00m,PSV Eindhoven,20,2019,9
434675,19/12/2023,50000000,€50.00m,Liverpool FC,24,2023,12
434675,20/06/2023,55000000,€55.00m,Liverpool FC,24,2023,6
434675,21/01/2019,600000,€600k,PSV Eindhoven,19,2019,1
434675,21/06/2017,50000,€50k,PSV Eindhoven U19,18,2017,6
434675,23/12/2022,60000000,€60.00m,PSV Eindhoven,23,2022,12
434675,27/03/2018,250000,€250k,PSV Eindhoven U19,18,2018,3
434675,27/05/2021,18000000,€18.00m,PSV Eindhoven,22,2021,5
434675,27/05/2024,50000000,€50.00m,Liverpool FC,25,2024,5
434675,28/12/2018,500000,€500k,PSV Eindhoven,19,2018,12
434675,30/05/2025,70000000,€70.00m,Liverpool FC,26,2025,5
435338,01/06/2017,600000,€600k,LOSC Lille,19,2017,5
435338,01/10/2024,75000000,€75.00m,Arsenal FC,26,2024,9
435338,03/06/2019,4000000,€4.00m,LOSC Lille,21,2019,6
435338,03/08/2020,20000000,€20.00m,LOSC Lille,22,2020,8
435338,03/11/2022,40000000,€40.00m,Arsenal FC,24,2022,11
435338,07/03/2019,1500000,€1.50m,LOSC Lille,21,2019,3
435338,08/04/2020,17500000,€17.50m,LOSC Lille,22,2020,4
435338,08/06/2021,25000000,€25.00m,Arsenal FC,23,2021,6
435338,09/12/2025,75000000,€75.00m,Arsenal FC,27,2025,12
435338,13/03/2020,22000000,€22.00m,LOSC Lille,22,2020,3
435338,13/10/2020,28000000,€28.00m,Arsenal FC,22,2020,10
435338,14/03/2024,65000000,€65.00m,Arsenal FC,26,2024,3
435338,15/06/2022,38000000,€38.00m,Arsenal FC,24,2022,6
435338,16/03/2023,50000000,€50.00m,Arsenal FC,25,2023,3
435338,16/12/2024,75000000,€75.00m,Arsenal FC,26,2024,12
435338,17/12/2018,600000,€600k,LOSC Lille,20,2018,12
435338,18/03/2021,25000000,€25.00m,Arsenal FC,23,2021,3
435338,19/12/2019,15000000,€15.00m,LOSC Lille,22,2019,12
435338,19/12/2023,60000000,€60.00m,Arsenal FC,26,2023,12
435338,20/06/2023,55000000,€55.00m,Arsenal FC,25,2023,6
435338,23/07/2016,350000,€350k,Avaí FC,18,2016,7
435338,23/12/2021,25000000,€25.00m,Arsenal FC,24,2021,12
435338,24/01/2018,600000,€600k,ESTAC Troyes,20,2018,1
435338,27/05/2016,125000,€125k,Avaí FC,18,2016,5
435338,27/05/2024,70000000,€70.00m,Arsenal FC,26,2024,5
435338,27/09/2019,10000000,€10.00m,LOSC Lille,21,2019,9
435338,29/03/2022,30000000,€30.00m,Arsenal FC,24,2022,3
435338,30/05/2025,75000000,€75.00m,Arsenal FC,27,2025,5
435772,04/01/2021,16000000,€16.00m,Club Brugge KV,19,2021,1
435772,05/06/2024,34000000,€34.00m,Atalanta BC,23,2024,6
435772,06/01/2022,27000000,€27.00m,Club Brugge KV,20,2022,1
435772,06/08/2020,9000000,€9.00m,Club Brugge KV,19,2020,8
435772,06/10/2021,25000000,€25.00m,Club Brugge KV,20,2021,10
435772,07/06/2021,16000000,€16.00m,Club Brugge KV,20,2021,6
435772,08/04/2020,7600000,€7.60m,Club Brugge KV,19,2020,4
435772,10/02/2020,5000000,€5.00m,Club Brugge KV,18,2020,2
435772,11/10/2023,25000000,€25.00m,Atalanta BC,22,2023,10
435772,11/11/2022,30000000,€30.00m,AC Milan,21,2022,11
435772,12/03/2024,30000000,€30.00m,Atalanta BC,23,2024,3
435772,12/04/2022,30000000,€30.00m,Club Brugge KV,21,2022,4
435772,13/09/2019,100000,€100k,Club Brugge KV,18,2019,9
435772,13/12/2019,1500000,€1.50m,Club Brugge KV,18,2019,12
435772,15/06/2023,22000000,€22.00m,AC Milan,22,2023,6
435772,16/10/2020,12000000,€12.00m,Club Brugge KV,19,2020,10
435772,17/06/2025,35000000,€35.00m,Atalanta BC,24,2025,6
435772,18/12/2024,38000000,€38.00m,Atalanta BC,23,2024,12
435772,20/12/2023,25000000,€25.00m,Atalanta BC,22,2023,12
435772,21/03/2023,27000000,€27.00m,AC Milan,22,2023,3
435772,23/12/2025,35000000,€35.00m,Atalanta BC,24,2025,12
435772,30/03/2020,8500000,€8.50m,Club Brugge KV,19,2020,3
441986,01/08/2021,350000,€350k,Aarhus GF,20,2021,7
441986,05/06/2018,250000,€250k,1.FC Köln U19,17,2018,6
441986,05/06/2024,16000000,€16.00m,Inter Milan,23,2024,6
441986,06/10/2021,700000,€700k,Aarhus GF,20,2021,10
441986,08/01/2019,250000,€250k,1.FC Köln,18,2019,1
441986,08/04/2020,325000,€325k,Roda JC Kerkrade,19,2020,4
441986,11/10/2023,7000000,€7.00m,Inter Milan,22,2023,10
441986,12/03/2024,15000000,€15.00m,Inter Milan,23,2024,3
441986,12/06/2019,250000,€250k,Holstein Kiel,18,2019,6
441986,17/01/2020,350000,€350k,Roda JC Kerkrade,19,2020,1
441986,17/06/2025,35000000,€35.00m,Inter Milan,24,2025,6
441986,18/10/2024,25000000,€25.00m,Inter Milan,23,2024,10
441986,18/12/2024,30000000,€30.00m,Inter Milan,24,2024,12
441986,20/06/2022,1000000,€1.00m,Aarhus GF,21,2022,6
441986,20/12/2023,9000000,€9.00m,Inter Milan,23,2023,12
441986,22/12/2022,1500000,€1.50m,Aarhus GF,22,2022,12
441986,23/12/2025,35000000,€35.00m,Inter Milan,25,2025,12
441986,26/06/2023,5000000,€5.00m,Aarhus GF,22,2023,6
441986,28/01/2021,325000,€325k,Vitória Guimarães SC B,20,2021,1
441986,28/12/2017,250000,€250k,1.FC Köln U19,17,2017,12
441986,28/12/2021,1000000,€1.00m,Aarhus GF,21,2021,12
441986,29/06/2020,325000,€325k,Roda JC Kerkrade,19,2020,6
443710,01/01/2020,200000,€200k,FC Bayern Munich II,18,2019,12
443710,03/04/2020,450000,€450k,FC Bayern Munich II,18,2020,4
443710,05/06/2025,45000000,€45.00m,VfB Stuttgart,24,2025,6
443710,07/10/2021,3500000,€3.50m,TSG 1899 Hoffenheim,20,2021,10
443710,08/04/2020,400000,€400k,FC Bayern Munich II,19,2020,4
443710,09/06/2022,7000000,€7.00m,TSG 1899 Hoffenheim,21,2022,6
443710,09/10/2024,28000000,€28.00m,VfB Stuttgart,23,2024,10
443710,09/11/2022,6000000,€6.00m,TSG 1899 Hoffenheim,21,2022,11
443710,11/11/2020,2000000,€2.00m,FC Bayern Munich II,19,2020,11
443710,14/06/2021,2500000,€2.50m,FC Bayern Munich II,20,2021,6
443710,14/12/2023,14000000,€14.00m,VfB Stuttgart,22,2023,12
443710,17/07/2020,1300000,€1.30m,FC Bayern Munich II,19,2020,7
443710,18/10/2023,7500000,€7.50m,VfB Stuttgart,22,2023,10
443710,19/12/2025,45000000,€45.00m,VfB Stuttgart,24,2025,12
443710,20/01/2021,2500000,€2.50m,FC Bayern Munich II,19,2021,1
443710,20/12/2024,32000000,€32.00m,VfB Stuttgart,23,2024,12
443710,22/06/2023,5000000,€5.00m,TSG 1899 Hoffenheim,22,2023,6
443710,22/12/2021,4000000,€4.00m,TSG 1899 Hoffenheim,20,2021,12
443710,24/03/2022,6000000,€6.00m,TSG 1899 Hoffenheim,20,2022,3
443710,27/03/2024,18000000,€18.00m,VfB Stuttgart,22,2024,3
443710,27/03/2025,38000000,€38.00m,VfB Stuttgart,23,2025,3
443710,29/05/2024,20000000,€20.00m,VfB Stuttgart,23,2024,5
445939,01/07/2016,25000,€25k,Wadi Degla FC,17,2016,6
445939,07/10/2021,4000000,€4.00m,VfB Stuttgart,22,2021,10
445939,08/02/2021,750000,€750k,FC St. Pauli,22,2021,2
445939,08/07/2020,400000,€400k,VfL Wolfsburg,21,2020,7
445939,08/08/2018,75000,€75k,VfL Wolfsburg II,19,2018,8
445939,09/02/2018,100000,€100k,VfL Wolfsburg II,19,2018,2
445939,09/06/2022,6000000,€6.00m,VfB Stuttgart,23,2022,6
445939,09/10/2024,40000000,€40.00m,Eintracht Frankfurt,25,2024,10
445939,09/11/2022,6000000,€6.00m,VfL Wolfsburg,23,2022,11
445939,09/12/2025,65000000,€65.00m,Manchester City,26,2025,12
445939,11/01/2017,50000,€50k,Wadi Degla FC,17,2017,1
445939,14/12/2023,15000000,€15.00m,Eintracht Frankfurt,24,2023,12
445939,16/06/2021,2000000,€2.00m,FC St. Pauli,22,2021,6
445939,18/03/2025,75000000,€75.00m,Manchester City,26,2025,3
445939,18/10/2023,8000000,€8.00m,Eintracht Frankfurt,24,2023,10
445939,20/02/2020,125000,€125k,VfL Wolfsburg II,21,2020,2
445939,20/07/2017,100000,€100k,Wadi Degla FC,18,2017,7
445939,20/12/2024,60000000,€60.00m,Eintracht Frankfurt,25,2024,12
445939,22/06/2023,6000000,€6.00m,VfL Wolfsburg,24,2023,6
445939,22/12/2021,4500000,€4.50m,VfB Stuttgart,22,2021,12
445939,24/02/2019,50000,€50k,VfL Wolfsburg II,20,2019,2
445939,27/03/2024,22000000,€22.00m,Eintracht Frankfurt,25,2024,3
445939,27/10/2019,75000,€75k,VfL Wolfsburg II,20,2019,10
445939,28/07/2019,25000,€25k,VfL Wolfsburg II,20,2019,7
445939,29/03/2021,1500000,€1.50m,FC St. Pauli,22,2021,3
445939,29/05/2024,22000000,€22.00m,Eintracht Frankfurt,25,2024,5
445939,30/05/2025,75000000,€75.00m,Manchester City,26,2025,5
451276,01/06/2021,25000000,€25.00m,RB Leipzig,20,2021,5
451276,02/07/2017,200000,€200k,FC Liefering,16,2017,7
451276,03/06/2019,12000000,€12.00m,Red Bull Salzburg,18,2019,6
451276,08/04/2020,13500000,€13.50m,Red Bull Salzburg,19,2020,4
451276,09/06/2022,28000000,€28.00m,RB Leipzig,21,2022,6
451276,09/10/2023,70000000,€70.00m,Liverpool FC,22,2023,10
451276,09/11/2022,35000000,€35.00m,RB Leipzig,22,2022,11
451276,09/12/2025,85000000,€85.00m,Liverpool FC,25,2025,12
451276,12/08/2017,400000,€400k,FC Liefering,16,2017,8
451276,13/12/2017,500000,€500k,FC Liefering,17,2017,12
451276,14/06/2018,1000000,€1.00m,Red Bull Salzburg,17,2018,6
451276,15/04/2019,5000000,€5.00m,Red Bull Salzburg,18,2019,4
451276,16/12/2019,15000000,€15.00m,Red Bull Salzburg,19,2019,12
451276,16/12/2024,75000000,€75.00m,Liverpool FC,24,2024,12
451276,17/10/2025,85000000,€85.00m,Liverpool FC,24,2025,10
451276,18/03/2025,80000000,€80.00m,Liverpool FC,24,2025,3
451276,19/12/2018,2000000,€2.00m,Red Bull Salzburg,18,2018,12
451276,19/12/2023,75000000,€75.00m,Liverpool FC,23,2023,12
451276,21/12/2020,25000000,€25.00m,Red Bull Salzburg,20,2020,12
451276,22/06/2023,50000000,€50.00m,RB Leipzig,22,2023,6
451276,22/07/2020,25000000,€25.00m,Red Bull Salzburg,19,2020,7
451276,22/12/2021,28000000,€28.00m,RB Leipzig,21,2021,12
451276,27/05/2024,75000000,€75.00m,Liverpool FC,23,2024,5
451276,29/03/2023,40000000,€40.00m,RB Leipzig,22,2023,3
451276,30/05/2025,80000000,€80.00m,Liverpool FC,24,2025,5
455661,05/06/2025,30000000,€30.00m,VfB Stuttgart,23,2025,6
455661,08/04/2020,325000,€325k,SV Werder Bremen U19,18,2020,4
455661,08/07/2020,1000000,€1.00m,SV Werder Bremen,18,2020,7
455661,08/12/2022,600000,€600k,SV 07 Elversberg,20,2022,12
455661,09/06/2021,1200000,€1.20m,SV Werder Bremen,19,2021,6
455661,09/12/2025,70000000,€70.00m,Newcastle United,23,2025,12
455661,10/02/2021,1200000,€1.20m,SV Werder Bremen,18,2021,2
455661,11/02/2020,350000,€350k,SV Werder Bremen U19,17,2020,2
455661,13/06/2023,1500000,€1.50m,SV 07 Elversberg,21,2023,6
455661,13/10/2021,800000,€800k,SV Werder Bremen,19,2021,10
455661,14/12/2023,2000000,€2.00m,SV Werder Bremen,21,2023,12
455661,15/12/2021,800000,€800k,SV Werder Bremen,19,2021,12
455661,16/06/2022,600000,€600k,SV Werder Bremen,20,2022,6
455661,17/10/2025,65000000,€65.00m,Newcastle United,23,2025,10
455661,18/10/2023,2000000,€2.00m,SV Werder Bremen,21,2023,10
455661,20/12/2024,7500000,€7.50m,VfB Stuttgart,22,2024,12
455661,27/03/2025,17000000,€17.00m,VfB Stuttgart,23,2025,3
455661,29/05/2024,4000000,€4.00m,SV Werder Bremen,22,2024,5
455661,30/03/2023,800000,€800k,SV 07 Elversberg,21,2023,3
459151,05/06/2024,7000000,€7.00m,FC Empoli,23,2024,6
459151,06/06/2022,2000000,€2.00m,Pordenone Calcio,21,2022,6
459151,07/10/2025,10000000,€10.00m,Bologna FC 1909,24,2025,10
459151,08/04/2020,350000,€350k,Atalanta Primavera,19,2020,4
459151,11/11/2022,2000000,€2.00m,FC Empoli,21,2022,11
459151,15/06/2023,8000000,€8.00m,FC Empoli,22,2023,6
459151,17/06/2019,400000,€400k,Atalanta Primavera,18,2019,6
459151,17/06/2025,8500000,€8.50m,Bologna FC 1909,24,2025,6
459151,18/12/2024,7000000,€7.00m,Bologna FC 1909,23,2024,12
459151,20/12/2023,7500000,€7.50m,FC Empoli,22,2023,12
459151,21/03/2023,3000000,€3.00m,FC Empoli,22,2023,3
459151,22/02/2021,350000,€350k,AC Reggiana 1919,20,2021,2
459151,23/12/2025,18000000,€18.00m,Bologna FC 1909,24,2025,12
459151,24/06/2021,350000,€350k,AC Reggiana 1919,20,2021,6
459151,26/06/2020,300000,€300k,Atalanta Primavera,19,2020,6
459151,29/12/2021,600000,€600k,Pordenone Calcio,21,2021,12
459463,01/01/2018,4000000,€4.00m,SD Huesca,18,2017,12
459463,01/09/2016,300000,€300k,Deportivo Pereira,17,2016,8
459463,05/01/2021,12000000,€12.00m,Getafe CF,21,2021,1
459463,08/04/2020,6700000,€6.70m,RCD Mallorca,20,2020,4
459463,08/10/2020,8000000,€8.00m,Getafe CF,21,2020,10
459463,08/11/2022,10000000,€10.00m,Columbus Crew,23,2022,11
459463,09/06/2025,18000000,€18.00m,Real Betis Balompié,26,2025,6
459463,10/06/2021,9000000,€9.00m,Getafe CF,22,2021,6
459463,11/06/2019,10000000,€10.00m,SD Huesca,20,2019,6
459463,12/12/2024,18000000,€18.00m,Columbus Crew,25,2024,12
459463,12/12/2025,18000000,€18.00m,Real Betis Balompié,26,2025,12
459463,13/06/2024,13000000,€13.00m,Columbus Crew,25,2024,6
459463,15/06/2022,9000000,€9.00m,Watford FC,23,2022,6
459463,17/08/2017,500000,€500k,SD Huesca,18,2017,8
459463,18/08/2022,9000000,€9.00m,Columbus Crew,23,2022,8
459463,18/12/2023,13000000,€13.00m,Columbus Crew,24,2023,12
459463,20/12/2019,7500000,€7.50m,RCD Mallorca,20,2019,12
459463,21/12/2018,5000000,€5.00m,SD Huesca,19,2018,12
459463,22/08/2023,10000000,€10.00m,Columbus Crew,24,2023,8
459463,23/12/2021,9000000,€9.00m,Watford FC,22,2021,12
459463,26/09/2024,15000000,€15.00m,Columbus Crew,25,2024,9
459463,30/05/2018,5000000,€5.00m,SD Huesca,19,2018,5
459463,31/01/2017,450000,€450k,CD América de Cali,17,2017,1
459658,05/02/2019,100000,€100k,Savona FBC,18,2019,2
459658,05/06/2024,25000000,€25.00m,Juventus FC,24,2024,6
459658,07/06/2022,5000000,€5.00m,Genoa CFC,22,2022,6
459658,11/10/2023,10000000,€10.00m,Juventus FC,23,2023,10
459658,11/11/2022,6500000,€6.50m,Bologna FC 1909,22,2022,11
459658,12/03/2024,25000000,€25.00m,Juventus FC,24,2024,3
459658,14/10/2021,3000000,€3.00m,Genoa CFC,21,2021,10
459658,15/03/2022,5000000,€5.00m,Genoa CFC,22,2022,3
459658,15/06/2023,8000000,€8.00m,Bologna FC 1909,23,2023,6
459658,16/12/2019,175000,€175k,US Alessandria Calcio 1912,19,2019,12
459658,17/06/2025,35000000,€35.00m,Juventus FC,25,2025,6
459658,18/10/2024,30000000,€30.00m,Juventus FC,24,2024,10
459658,18/12/2024,40000000,€40.00m,Juventus FC,24,2024,12
459658,20/12/2023,15000000,€15.00m,Juventus FC,23,2023,12
459658,21/06/2019,100000,€100k,Savona FBC,19,2019,6
459658,22/02/2021,150000,€150k,Empoli FC ,21,2021,2
459658,23/12/2025,30000000,€30.00m,Juventus FC,25,2025,12
459658,24/06/2021,200000,€200k,Empoli FC ,21,2021,6
459658,26/06/2018,75000,€75k,ASD Albissola 2010,18,2018,6
459658,27/09/2022,6500000,€6.50m,Bologna FC 1909,22,2022,9
459658,28/12/2021,3500000,€3.50m,Genoa CFC,21,2021,12
459658,30/06/2020,150000,€150k,Genoa CFC,20,2020,6
459658,30/12/2017,75000,€75k,ASD Albissola 2010,17,2017,12
459763,05/06/2024,16000000,€16.00m,Atalanta BC,23,2024,6
459763,06/06/2022,8000000,€8.00m,US Cremonese,21,2022,6
459763,08/04/2020,2000000,€2.00m,Trapani Calcio,19,2020,4
459763,11/11/2022,8000000,€8.00m,US Cremonese,22,2022,11
459763,12/03/2024,15000000,€15.00m,Atalanta BC,23,2024,3
459763,15/06/2023,13000000,€13.00m,US Cremonese,22,2023,6
459763,17/06/2025,25000000,€25.00m,Atalanta BC,24,2025,6
459763,18/12/2024,20000000,€20.00m,Atalanta BC,24,2024,12
459763,20/12/2023,13000000,€13.00m,Atalanta BC,23,2023,12
459763,21/03/2023,13000000,€13.00m,US Cremonese,22,2023,3
459763,21/08/2020,2100000,€2.10m,Trapani Calcio,20,2020,8
459763,23/05/2019,300000,€300k,Atalanta Primavera,18,2019,5
459763,23/12/2025,25000000,€25.00m,Atalanta BC,25,2025,12
459763,24/06/2021,2500000,€2.50m,US Cremonese,20,2021,6
459763,25/03/2025,25000000,€25.00m,Atalanta BC,24,2025,3
459763,29/12/2020,2000000,€2.00m,Atalanta BC,20,2020,12
459763,29/12/2021,2800000,€2.80m,US Cremonese,21,2021,12
459763,30/12/2019,2300000,€2.30m,Trapani Calcio,19,2019,12
460939,05/01/2022,1200000,€1.20m,AZ Alkmaar,23,2022,1
460939,05/06/2024,30000000,€30.00m,AC Milan,25,2024,6
460939,08/04/2020,625000,€625k,RKC Waalwijk,21,2020,4
460939,08/06/2022,1500000,€1.50m,AZ Alkmaar,23,2022,6
460939,09/12/2025,65000000,€65.00m,Manchester City,27,2025,12
460939,11/10/2023,20000000,€20.00m,AC Milan,25,2023,10
460939,11/11/2022,6000000,€6.00m,AZ Alkmaar,24,2022,11
460939,12/06/2018,500000,€500k,AZ Alkmaar,19,2018,6
460939,12/06/2019,700000,€700k,AZ Alkmaar,20,2019,6
460939,13/08/2017,50000,€50k,PEC Zwolle,19,2017,8
460939,14/09/2022,3000000,€3.00m,AZ Alkmaar,24,2022,9
460939,14/10/2020,625000,€625k,AZ Alkmaar,22,2020,10
460939,17/01/2018,300000,€300k,AZ Alkmaar,19,2018,1
460939,17/03/2022,1500000,€1.50m,AZ Alkmaar,23,2022,3
460939,17/03/2023,8000000,€8.00m,AZ Alkmaar,24,2023,3
460939,17/06/2025,60000000,€60.00m,Manchester City,26,2025,6
460939,17/10/2025,70000000,€70.00m,Manchester City,27,2025,10
460939,18/12/2019,700000,€700k,AZ Alkmaar,21,2019,12
460939,18/12/2024,50000000,€50.00m,AC Milan,26,2024,12
460939,19/05/2021,1000000,€1.00m,AZ Alkmaar,22,2021,5
460939,20/12/2023,23000000,€23.00m,AC Milan,25,2023,12
460939,21/01/2019,500000,€500k,AZ Alkmaar,20,2019,1
460939,23/06/2023,14000000,€14.00m,AZ Alkmaar,24,2023,6
460939,26/10/2017,150000,€150k,AZ Alkmaar U21,19,2017,10
460939,28/12/2018,500000,€500k,AZ Alkmaar,20,2018,12
461607,03/06/2025,7000000,€7.00m,Angers SCO,25,2025,6
461607,08/12/2023,600000,€600k,SAS Epinal,23,2023,12
461607,10/10/2025,12000000,€12.00m,Stade Rennais FC,25,2025,10
461607,10/12/2024,700000,€700k,Angers SCO,24,2024,12
461607,11/06/2024,800000,€800k,Angers SCO,24,2024,6
461607,14/06/2023,250000,€250k,US Orléans,23,2023,6
461607,15/12/2025,15000000,€15.00m,Stade Rennais FC,25,2025,12
461607,20/12/2022,300000,€300k,US Orléans,22,2022,12
461607,21/06/2022,400000,€400k,US Orléans,22,2022,6
461607,24/03/2025,5000000,€5.00m,Angers SCO,24,2025,3
461607,26/03/2024,700000,€700k,Angers SCO,23,2024,3
461607,27/12/2021,150000,€150k,US Orléans,21,2021,12
463600,02/06/2022,2500000,€2.50m,Valenciennes FC,20,2022,6
463600,02/11/2022,5000000,€5.00m,LOSC Lille,20,2022,11
463600,03/06/2024,25000000,€25.00m,LOSC Lille,22,2024,6
463600,03/06/2025,30000000,€30.00m,LOSC Lille,23,2025,6
463600,03/08/2020,300000,€300k,LOSC Lille,18,2020,8
463600,04/06/2021,500000,€500k,LOSC Lille,19,2021,6
463600,07/01/2021,500000,€500k,LOSC Lille,19,2021,1
463600,10/10/2025,40000000,€40.00m,Paris Saint-Germain,23,2025,10
463600,10/12/2024,30000000,€30.00m,LOSC Lille,23,2024,12
463600,15/10/2020,300000,€300k,LOSC Lille,18,2020,10
463600,15/12/2025,35000000,€35.00m,Paris Saint-Germain,24,2025,12
463600,18/12/2023,18000000,€18.00m,LOSC Lille,22,2023,12
463600,19/03/2024,22000000,€22.00m,LOSC Lille,22,2024,3
463600,24/03/2022,2000000,€2.00m,Valenciennes FC,20,2022,3
463600,27/03/2023,10000000,€10.00m,LOSC Lille,21,2023,3
463600,27/06/2023,10000000,€10.00m,LOSC Lille,21,2023,6
463600,27/10/2021,800000,€800k,Valenciennes FC,19,2021,10
463600,27/12/2021,1200000,€1.20m,Valenciennes FC,20,2021,12
463613,03/06/2019,150000,€150k,Stade Rennais FC B,18,2019,6
463613,03/06/2024,4000000,€4.00m,FC Toulouse,23,2024,6
463613,03/06/2025,8000000,€8.00m,FC Toulouse,24,2025,6
463613,04/06/2021,4500000,€4.50m,Stade Rennais FC,20,2021,6
463613,04/11/2022,2000000,€2.00m,Cercle Brugge ,21,2022,11
463613,05/01/2022,3500000,€3.50m,Vitesse Arnhem,20,2022,1
463613,07/01/2021,5000000,€5.00m,Stade Rennais FC,19,2021,1
463613,08/04/2020,2700000,€2.70m,Stade Rennais FC,19,2020,4
463613,08/06/2022,2500000,€2.50m,Vitesse Arnhem,21,2022,6
463613,09/06/2023,1800000,€1.80m,Cercle Brugge ,22,2023,6
463613,10/10/2025,10000000,€10.00m,FC Toulouse,24,2025,10
463613,10/12/2024,6000000,€6.00m,FC Toulouse,23,2024,12
463613,13/03/2020,3000000,€3.00m,Stade Rennais FC,19,2020,3
463613,15/10/2020,3000000,€3.00m,Stade Rennais FC,19,2020,10
463613,15/12/2025,12000000,€12.00m,FC Toulouse,24,2025,12
463613,17/03/2022,2500000,€2.50m,Vitesse Arnhem,21,2022,3
463613,17/12/2018,150000,€150k,Stade Rennais FC B,17,2018,12
463613,19/03/2024,3500000,€3.50m,FC Toulouse,23,2024,3
463613,19/12/2019,1500000,€1.50m,Stade Rennais FC,18,2019,12
463613,19/12/2023,2500000,€2.50m,Cercle Brugge ,22,2023,12
463613,24/03/2025,8000000,€8.00m,FC Toulouse,24,2025,3
463613,24/10/2018,150000,€150k,Stade Rennais FC B,17,2018,10
463618,02/11/2022,25000000,€25.00m,OGC Nice,21,2022,11
463618,03/06/2019,500000,€500k,AS Monaco,18,2019,6
463618,03/06/2024,35000000,€35.00m,OGC Nice,23,2024,6
463618,04/06/2021,9000000,€9.00m,OGC Nice,20,2021,6
463618,08/04/2020,3600000,€3.60m,OGC Nice,19,2020,4
463618,09/04/2021,9000000,€9.00m,OGC Nice,20,2021,4
463618,13/03/2020,4000000,€4.00m,OGC Nice,18,2020,3
463618,15/02/2019,500000,€500k,AS Monaco,17,2019,2
463618,15/10/2020,5500000,€5.50m,OGC Nice,19,2020,10
463618,16/12/2021,10000000,€10.00m,OGC Nice,20,2021,12
463618,17/06/2025,40000000,€40.00m,Juventus FC,24,2025,6
463618,18/12/2023,40000000,€40.00m,OGC Nice,22,2023,12
463618,18/12/2024,35000000,€35.00m,Juventus FC,23,2024,12
463618,19/03/2024,35000000,€35.00m,OGC Nice,22,2024,3
463618,19/09/2022,25000000,€25.00m,OGC Nice,21,2022,9
463618,19/12/2019,3000000,€3.00m,OGC Nice,18,2019,12
463618,23/03/2022,14000000,€14.00m,OGC Nice,20,2022,3
463618,23/12/2025,40000000,€40.00m,Juventus FC,24,2025,12
463618,25/03/2025,40000000,€40.00m,Juventus FC,23,2025,3
463618,27/03/2023,32000000,€32.00m,OGC Nice,22,2023,3
463618,27/06/2023,40000000,€40.00m,OGC Nice,22,2023,6
463618,27/09/2019,1500000,€1.50m,OGC Nice,18,2019,9
463618,30/05/2022,17000000,€17.00m,OGC Nice,21,2022,5
463665,02/06/2021,3000000,€3.00m,Red Bull Salzburg,21,2021,6
463665,03/06/2019,1000000,€1.00m,Olympique Lyon,19,2019,6
463665,04/06/2018,1000000,€1.00m,Olympique Lyon,18,2018,6
463665,06/09/2021,6000000,€6.00m,Red Bull Salzburg,21,2021,9
463665,08/04/2020,900000,€900k,Olympique Lyon,20,2020,4
463665,10/11/2022,15000000,€15.00m,Red Bull Salzburg,22,2022,11
463665,11/03/2024,13000000,€13.00m,Red Bull Salzburg,24,2024,3
463665,11/12/2023,17000000,€17.00m,Red Bull Salzburg,23,2023,12
463665,12/06/2023,17000000,€17.00m,Red Bull Salzburg,23,2023,6
463665,16/10/2024,8000000,€8.00m,Without Club,24,2024,10
463665,16/12/2021,8000000,€8.00m,Red Bull Salzburg,21,2021,12
463665,17/06/2025,18000000,€18.00m,Udinese Calcio,25,2025,6
463665,17/12/2018,1000000,€1.00m,Olympique Lyon,18,2018,12
463665,19/12/2019,1000000,€1.00m,Olympique Lyon,19,2019,12
463665,21/05/2024,10000000,€10.00m,Red Bull Salzburg,24,2024,5
463665,21/12/2020,4000000,€4.00m,Red Bull Salzburg,20,2020,12
463665,23/12/2025,20000000,€20.00m,Udinese Calcio,25,2025,12
463665,24/01/2018,1000000,€1.00m,Olympique Lyon,17,2018,1
463665,25/03/2025,14000000,€14.00m,Udinese Calcio,25,2025,3
463665,27/05/2022,12000000,€12.00m,Red Bull Salzburg,22,2022,5
463665,30/07/2020,4500000,€4.50m,Red Bull Salzburg,20,2020,7
466794,02/10/2025,25000000,€25.00m,FC Barcelona,24,2025,10
466794,03/06/2022,18000000,€18.00m,FC Barcelona,21,2022,6
466794,07/06/2024,20000000,€20.00m,Girona FC,23,2024,6
466794,07/11/2022,18000000,€18.00m,FC Barcelona,21,2022,11
466794,08/04/2020,6300000,€6.30m,Manchester City,19,2020,4
466794,09/06/2025,18000000,€18.00m,FC Barcelona,24,2025,6
466794,12/12/2025,30000000,€30.00m,FC Barcelona,24,2025,12
466794,13/06/2023,10000000,€10.00m,FC Barcelona,22,2023,6
466794,13/10/2020,20000000,€20.00m,Manchester City,19,2020,10
466794,13/10/2023,12000000,€12.00m,Girona FC,22,2023,10
466794,18/03/2021,20000000,€20.00m,Manchester City,20,2021,3
466794,21/03/2025,15000000,€15.00m,FC Barcelona,24,2025,3
466794,22/12/2023,15000000,€15.00m,Girona FC,22,2023,12
466794,23/03/2023,12000000,€12.00m,FC Barcelona,22,2023,3
466794,25/09/2019,7000000,€7.00m,Manchester City,18,2019,9
466794,27/12/2024,18000000,€18.00m,FC Barcelona,23,2024,12
466794,30/07/2020,16000000,€16.00m,Manchester City,19,2020,7
466794,30/12/2021,18000000,€18.00m,FC Barcelona,20,2021,12
466794,31/05/2021,20000000,€20.00m,Manchester City,20,2021,5
466801,02/10/2025,20000000,€20.00m,Real Betis Balompié,24,2025,10
466801,07/06/2024,2500000,€2.50m,Real Betis Balompié,22,2024,6
466801,09/06/2025,15000000,€15.00m,Real Betis Balompié,23,2025,6
466801,11/10/2024,3500000,€3.50m,Real Betis Balompié,23,2024,10
466801,12/12/2025,20000000,€20.00m,Real Betis Balompié,24,2025,12
466801,13/10/2021,50000,€50k,CE Sabadell FC,20,2021,10
466801,13/10/2023,2000000,€2.00m,Real Betis Balompié,22,2023,10
466801,21/03/2024,3000000,€3.00m,Real Betis Balompié,22,2024,3
466801,21/03/2025,10000000,€10.00m,Real Betis Balompié,23,2025,3
466801,22/12/2023,2000000,€2.00m,Real Betis Balompié,22,2023,12
466801,27/12/2024,7500000,€7.50m,Real Betis Balompié,23,2024,12
466801,29/06/2022,50000,€50k,CE Sabadell FC,20,2022,6
466801,29/12/2022,150000,€150k,CE Sabadell FC,21,2022,12
466801,30/06/2023,300000,€300k,CE Sabadell FC,21,2023,6
466801,30/12/2021,50000,€50k,CE Sabadell FC,20,2021,12
466805,03/06/2022,20000000,€20.00m,FC Barcelona,20,2022,6
466805,06/06/2024,15000000,€15.00m,FC Porto,22,2024,6
466805,07/11/2022,14000000,€14.00m,Valencia CF,20,2022,11
466805,08/01/2021,500000,€500k,FC Barcelona B,19,2021,1
466805,08/03/2024,10000000,€10.00m,FC Porto,22,2024,3
466805,08/10/2020,100000,€100k,FC Barcelona B,18,2020,10
466805,09/12/2025,45000000,€45.00m,Manchester City,23,2025,12
466805,13/06/2023,10000000,€10.00m,Valencia CF,21,2023,6
466805,13/10/2021,8000000,€8.00m,FC Barcelona,19,2021,10
466805,18/03/2025,40000000,€40.00m,Manchester City,23,2025,3
466805,19/12/2024,18000000,€18.00m,FC Porto,22,2024,12
466805,21/03/2022,25000000,€25.00m,FC Barcelona,20,2022,3
466805,23/03/2023,10000000,€10.00m,Valencia CF,21,2023,3
466805,27/12/2023,9000000,€9.00m,FC Porto,21,2023,12
466805,30/05/2025,40000000,€40.00m,Manchester City,23,2025,5
466805,30/06/2021,500000,€500k,FC Barcelona B,19,2021,6
466805,30/12/2021,20000000,€20.00m,FC Barcelona,19,2021,12
467434,05/06/2025,15000000,€15.00m,Borussia Mönchengladbach,23,2025,6
467434,06/01/2022,500000,€500k,Sint-Truidense VV,19,2022,1
467434,09/06/2021,500000,€500k,Borussia Mönchengladbach,19,2021,6
467434,09/06/2023,800000,€800k,Sint-Truidense VV,21,2023,6
467434,09/11/2022,650000,€650k,Borussia Mönchengladbach,20,2022,11
467434,10/02/2021,500000,€500k,Borussia Mönchengladbach,18,2021,2
467434,12/04/2022,650000,€650k,Sint-Truidense VV,19,2022,4
467434,14/12/2023,10000000,€10.00m,Borussia Mönchengladbach,21,2023,12
467434,18/10/2023,4000000,€4.00m,Borussia Mönchengladbach,21,2023,10
467434,19/12/2025,17000000,€17.00m,Borussia Mönchengladbach,23,2025,12
467434,20/12/2024,15000000,€15.00m,Borussia Mönchengladbach,22,2024,12
467434,26/11/2020,500000,€500k,Borussia Mönchengladbach,18,2020,11
467434,29/05/2024,10000000,€10.00m,Borussia Mönchengladbach,22,2024,5
467434,31/08/2020,50000,€50k,Borussia Mönchengladbach,18,2020,8
467437,01/07/2020,500000,€500k,FC Bayern Munich II,18,2020,6
467437,07/10/2021,1000000,€1.00m,Bayern Munich,19,2021,10
467437,09/06/2022,1500000,€1.50m,Bayern Munich,20,2022,6
467437,13/12/2022,2800000,€2.80m,Rangers FC,20,2022,12
467437,14/06/2021,500000,€500k,FC Bayern Munich II,19,2021,6
467437,14/10/2024,25000000,€25.00m,PSV Eindhoven,22,2024,10
467437,14/10/2025,35000000,€35.00m,Bayer 04 Leverkusen,23,2025,10
467437,15/12/2023,12000000,€12.00m,PSV Eindhoven,21,2023,12
467437,17/10/2023,8000000,€8.00m,PSV Eindhoven,21,2023,10
467437,17/12/2024,30000000,€30.00m,PSV Eindhoven,22,2024,12
467437,18/03/2024,17000000,€17.00m,PSV Eindhoven,21,2024,3
467437,19/12/2025,35000000,€35.00m,Bayer 04 Leverkusen,23,2025,12
467437,20/01/2021,500000,€500k,FC Bayern Munich II,18,2021,1
467437,22/03/2023,4500000,€4.50m,Rangers FC,20,2023,3
467437,22/12/2021,1500000,€1.50m,Bayern Munich,19,2021,12
467437,26/06/2023,5000000,€5.00m,Rangers FC,21,2023,6
467437,28/05/2025,32000000,€32.00m,PSV Eindhoven,23,2025,5
467437,31/05/2024,20000000,€20.00m,PSV Eindhoven,22,2024,5
467992,01/09/2019,150000,€150k,FC Empoli,18,2019,8
467992,05/06/2024,22000000,€22.00m,Torino FC,22,2024,6
467992,07/06/2022,12000000,€12.00m,Torino FC,20,2022,6
467992,07/10/2025,25000000,€25.00m,AC Milan,24,2025,10
467992,08/04/2020,450000,€450k,FC Empoli,18,2020,4
467992,11/11/2022,12000000,€12.00m,Torino FC,21,2022,11
467992,15/06/2023,20000000,€20.00m,Torino FC,21,2023,6
467992,17/06/2025,30000000,€30.00m,Torino FC,23,2025,6
467992,18/10/2024,28000000,€28.00m,Torino FC,23,2024,10
467992,18/12/2024,28000000,€28.00m,Torino FC,23,2024,12
467992,20/12/2023,20000000,€20.00m,Torino FC,22,2023,12
467992,21/03/2023,15000000,€15.00m,Torino FC,21,2023,3
467992,21/08/2020,7500000,€7.50m,Empoli FC ,19,2020,8
467992,22/02/2021,9000000,€9.00m,Empoli FC ,19,2021,2
467992,23/12/2025,25000000,€25.00m,AC Milan,24,2025,12
467992,24/06/2021,9000000,€9.00m,Empoli FC ,19,2021,6
467992,25/03/2025,30000000,€30.00m,Torino FC,23,2025,3
467992,28/12/2021,12000000,€12.00m,FC Empoli,20,2021,12
467992,30/12/2019,500000,€500k,FC Empoli,18,2019,12
469822,01/11/2022,22000000,€22.00m,SL Benfica,25,2022,10
469822,02/02/2017,7000000,€7.00m,Ajax Amsterdam,19,2017,2
469822,04/10/2018,25000000,€25.00m,Ajax Amsterdam,21,2018,10
469822,04/10/2021,22000000,€22.00m,Ajax Amsterdam,24,2021,10
469822,05/01/2022,20000000,€20.00m,Ajax Amsterdam,24,2022,1
469822,06/06/2024,25000000,€25.00m,SL Benfica,27,2024,6
469822,07/06/2017,7000000,€7.00m,Ajax Amsterdam,20,2017,6
469822,07/10/2025,24000000,€24.00m,SSC Napoli,28,2025,10
469822,08/04/2020,36000000,€36.00m,Ajax Amsterdam,23,2020,4
469822,09/03/2021,30000000,€30.00m,Ajax Amsterdam,24,2021,3
469822,12/06/2018,20000000,€20.00m,Ajax Amsterdam,21,2018,6
469822,12/06/2019,45000000,€45.00m,Ajax Amsterdam,22,2019,6
469822,13/03/2019,32000000,€32.00m,Ajax Amsterdam,22,2019,3
469822,14/10/2020,36000000,€36.00m,Ajax Amsterdam,23,2020,10
469822,16/06/2023,25000000,€25.00m,SL Benfica,26,2023,6
469822,17/01/2018,15000000,€15.00m,Ajax Amsterdam,20,2018,1
469822,17/06/2025,30000000,€30.00m,SSC Napoli,28,2025,6
469822,18/05/2022,20000000,€20.00m,Shakhtar Donetsk,25,2022,5
469822,18/10/2024,28000000,€28.00m,SSC Napoli,27,2024,10
469822,18/12/2019,45000000,€45.00m,Ajax Amsterdam,22,2019,12
469822,18/12/2024,28000000,€28.00m,SSC Napoli,27,2024,12
469822,19/05/2021,27000000,€27.00m,Ajax Amsterdam,24,2021,5
469822,23/12/2025,28000000,€28.00m,SSC Napoli,28,2025,12
469822,25/03/2025,30000000,€30.00m,SSC Napoli,28,2025,3
469822,26/10/2017,9000000,€9.00m,Ajax Amsterdam,20,2017,10
469822,27/12/2023,25000000,€25.00m,SL Benfica,26,2023,12
469822,28/12/2018,25000000,€25.00m,Ajax Amsterdam,21,2018,12
470394,01/07/2019,750000,€750k,Ajax Amsterdam U21,17,2019,6
470394,02/12/2025,23000000,€23.00m,Ajax Amsterdam,23,2025,12
470394,05/01/2022,3000000,€3.00m,Ajax Amsterdam,19,2022,1
470394,08/04/2020,1800000,€1.80m,Ajax Amsterdam U21,17,2020,4
470394,08/06/2022,4500000,€4.50m,Ajax Amsterdam,20,2022,6
470394,11/11/2022,14000000,€14.00m,Ajax Amsterdam,20,2022,11
470394,12/10/2021,3000000,€3.00m,Ajax Amsterdam,19,2021,10
470394,14/09/2022,12000000,€12.00m,Ajax Amsterdam,20,2022,9
470394,15/12/2023,10000000,€10.00m,Ajax Amsterdam,21,2023,12
470394,17/01/2020,2000000,€2.00m,Ajax Amsterdam U21,17,2020,1
470394,17/10/2023,10000000,€10.00m,Ajax Amsterdam,21,2023,10
470394,17/12/2024,16000000,€16.00m,Ajax Amsterdam,22,2024,12
470394,19/05/2021,3000000,€3.00m,Ajax Amsterdam,19,2021,5
470394,23/06/2023,12000000,€12.00m,Ajax Amsterdam,21,2023,6
470394,24/10/2020,3000000,€3.00m,Ajax Amsterdam U21,18,2020,10
470394,28/03/2025,23000000,€23.00m,Ajax Amsterdam,22,2025,3
470394,28/05/2025,28000000,€28.00m,Ajax Amsterdam,23,2025,5
470394,29/06/2020,2200000,€2.20m,Ajax Amsterdam U21,18,2020,6
470394,31/05/2024,15000000,€15.00m,Ajax Amsterdam,22,2024,5
470394,31/12/2020,3000000,€3.00m,Ajax Amsterdam,18,2020,12
472423,01/10/2024,35000000,€35.00m,Chelsea FC,24,2024,9
472423,03/11/2022,70000000,€70.00m,Chelsea FC,22,2022,11
472423,05/10/2021,45000000,€45.00m,Chelsea FC,21,2021,10
472423,08/04/2020,22500000,€22.50m,Chelsea FC,20,2020,4
472423,09/03/2020,25000000,€25.00m,Chelsea FC,20,2020,3
472423,09/10/2023,55000000,€55.00m,Chelsea FC,23,2023,10
472423,09/12/2025,50000000,€50.00m,Chelsea FC,26,2025,12
472423,10/12/2019,15000000,€15.00m,Chelsea FC,20,2019,12
472423,13/06/2019,7000000,€7.00m,Chelsea FC U23,19,2019,6
472423,13/10/2020,30000000,€30.00m,Chelsea FC,20,2020,10
472423,15/06/2022,60000000,€60.00m,Chelsea FC,22,2022,6
472423,16/12/2024,30000000,€30.00m,Chelsea FC,25,2024,12
472423,17/10/2025,35000000,€35.00m,Chelsea FC,25,2025,10
472423,17/12/2020,35000000,€35.00m,Chelsea FC,21,2020,12
472423,18/03/2021,40000000,€40.00m,Chelsea FC,21,2021,3
472423,19/12/2023,50000000,€50.00m,Chelsea FC,24,2023,12
472423,20/06/2023,65000000,€65.00m,Chelsea FC,23,2023,6
472423,23/12/2021,55000000,€55.00m,Chelsea FC,22,2021,12
472423,24/09/2018,250000,€250k,Wigan Athletic,18,2018,9
472423,27/02/2019,1000000,€1.00m,Wigan Athletic,19,2019,2
472423,27/05/2024,40000000,€40.00m,Chelsea FC,24,2024,5
472423,28/05/2021,40000000,€40.00m,Chelsea FC,21,2021,5
472423,30/05/2025,30000000,€30.00m,Chelsea FC,25,2025,5
474800,02/11/2022,15000000,€15.00m,RC Lens,23,2022,11
474800,03/06/2024,25000000,€25.00m,RC Lens,25,2024,6
474800,03/06/2025,25000000,€25.00m,RC Lens,26,2025,6
474800,04/06/2021,10000000,€10.00m,RC Lens,22,2021,6
474800,05/12/2019,5000000,€5.00m,CA Talleres,20,2019,12
474800,06/08/2019,4500000,€4.50m,CA Talleres,20,2019,8
474800,08/04/2020,4500000,€4.50m,CA Talleres,20,2020,4
474800,08/05/2018,50000,€50k,CA Talleres,18,2018,5
474800,09/04/2021,10000000,€10.00m,RC Lens,21,2021,4
474800,10/12/2024,25000000,€25.00m,RC Lens,25,2024,12
474800,15/10/2020,8000000,€8.00m,RC Lens,21,2020,10
474800,15/12/2025,20000000,€20.00m,Olympique Marseille,26,2025,12
474800,16/12/2021,10000000,€10.00m,RC Lens,22,2021,12
474800,18/12/2018,1250000,€1.25m,CA Talleres,19,2018,12
474800,18/12/2023,22000000,€22.00m,RC Lens,24,2023,12
474800,19/03/2024,25000000,€25.00m,RC Lens,24,2024,3
474800,19/09/2022,13000000,€13.00m,RC Lens,23,2022,9
474800,23/05/2019,3000000,€3.00m,CA Talleres,19,2019,5
474800,27/03/2023,16000000,€16.00m,RC Lens,23,2023,3
474800,27/06/2023,22000000,€22.00m,RC Lens,24,2023,6
474800,30/05/2022,11000000,€11.00m,RC Lens,23,2022,5
475959,08/04/2020,1300000,€1.30m,GNK Dinamo Zagreb,18,2020,4
475959,09/06/2022,35000000,€35.00m,RB Leipzig,20,2022,6
475959,09/10/2023,80000000,€80.00m,Manchester City,21,2023,10
475959,09/11/2022,60000000,€60.00m,RB Leipzig,20,2022,11
475959,09/12/2025,70000000,€70.00m,Manchester City,23,2025,12
475959,14/03/2024,75000000,€75.00m,Manchester City,22,2024,3
475959,16/09/2019,300000,€300k,GNK Dinamo Zagreb,17,2019,9
475959,16/12/2024,75000000,€75.00m,Manchester City,22,2024,12
475959,19/12/2023,80000000,€80.00m,Manchester City,21,2023,12
475959,21/09/2022,60000000,€60.00m,RB Leipzig,20,2022,9
475959,22/06/2023,75000000,€75.00m,RB Leipzig,21,2023,6
475959,22/12/2021,25000000,€25.00m,RB Leipzig,19,2021,12
475959,23/12/2022,75000000,€75.00m,RB Leipzig,20,2022,12
475959,24/03/2022,30000000,€30.00m,RB Leipzig,20,2022,3
475959,27/05/2024,75000000,€75.00m,Manchester City,22,2024,5
475959,27/07/2020,6000000,€6.00m,GNK Dinamo Zagreb,18,2020,7
475959,27/12/2019,1500000,€1.50m,GNK Dinamo Zagreb,17,2019,12
475959,28/05/2021,19000000,€19.00m,GNK Dinamo Zagreb,19,2021,5
475959,28/12/2020,16000000,€16.00m,GNK Dinamo Zagreb,18,2020,12
475959,30/05/2025,75000000,€75.00m,Manchester City,23,2025,5
478573,01/10/2024,40000000,€40.00m,Liverpool FC,22,2024,9
478573,04/10/2018,5000000,€5.00m,Ajax Amsterdam U21,16,2018,10
478573,05/01/2022,35000000,€35.00m,Ajax Amsterdam,19,2022,1
478573,06/01/2021,22000000,€22.00m,Ajax Amsterdam,18,2021,1
478573,08/04/2020,11000000,€11.00m,Ajax Amsterdam,17,2020,4
478573,08/06/2022,35000000,€35.00m,Ajax Amsterdam,20,2022,6
478573,09/03/2021,28000000,€28.00m,Ajax Amsterdam,18,2021,3
478573,09/10/2023,35000000,€35.00m,Liverpool FC,21,2023,10
478573,09/11/2022,30000000,€30.00m,Bayern Munich,20,2022,11
478573,09/12/2025,90000000,€90.00m,Liverpool FC,23,2025,12
478573,11/02/2020,12000000,€12.00m,Ajax Amsterdam,17,2020,2
478573,12/06/2019,5000000,€5.00m,Ajax Amsterdam U21,17,2019,6
478573,14/10/2020,11000000,€11.00m,Ajax Amsterdam,18,2020,10
478573,16/12/2024,55000000,€55.00m,Liverpool FC,22,2024,12
478573,17/10/2025,90000000,€90.00m,Liverpool FC,23,2025,10
478573,18/03/2025,70000000,€70.00m,Liverpool FC,22,2025,3
478573,18/12/2019,5000000,€5.00m,Ajax Amsterdam,17,2019,12
478573,19/12/2023,35000000,€35.00m,Liverpool FC,21,2023,12
478573,21/01/2019,5000000,€5.00m,Ajax Amsterdam U21,16,2019,1
478573,22/06/2023,30000000,€30.00m,Bayern Munich,21,2023,6
478573,27/05/2021,33000000,€33.00m,Ajax Amsterdam,19,2021,5
478573,27/05/2024,35000000,€35.00m,Liverpool FC,22,2024,5
478573,28/12/2018,5000000,€5.00m,Ajax Amsterdam U21,16,2018,12
478573,30/05/2025,75000000,€75.00m,Liverpool FC,23,2025,5
479999,01/10/2024,60000000,€60.00m,Crystal Palace,26,2024,9
479999,03/11/2022,30000000,€30.00m,Crystal Palace,24,2022,11
479999,08/04/2020,9000000,€9.00m,Queens Park Rangers,21,2020,4
479999,08/06/2021,20000000,€20.00m,Crystal Palace,22,2021,6
479999,09/10/2023,48000000,€48.00m,Crystal Palace,25,2023,10
479999,09/12/2025,65000000,€65.00m,Arsenal FC,27,2025,12
479999,13/10/2020,18000000,€18.00m,Crystal Palace,22,2020,10
479999,15/06/2022,22000000,€22.00m,Crystal Palace,23,2022,6
479999,15/09/2022,25000000,€25.00m,Crystal Palace,24,2022,9
479999,16/12/2024,55000000,€55.00m,Crystal Palace,26,2024,12
479999,17/10/2019,5000000,€5.00m,Queens Park Rangers,21,2019,10
479999,17/10/2025,65000000,€65.00m,Arsenal FC,27,2025,10
479999,18/03/2021,20000000,€20.00m,Crystal Palace,22,2021,3
479999,19/12/2023,48000000,€48.00m,Crystal Palace,25,2023,12
479999,20/06/2023,40000000,€40.00m,Crystal Palace,24,2023,6
479999,23/12/2021,20000000,€20.00m,Crystal Palace,23,2021,12
479999,24/09/2018,1500000,€1.50m,Queens Park Rangers,20,2018,9
479999,27/02/2018,100000,€100k,Queens Park Rangers,19,2018,2
479999,27/02/2019,3500000,€3.50m,Queens Park Rangers,20,2019,2
479999,27/02/2020,10000000,€10.00m,Queens Park Rangers,21,2020,2
479999,27/05/2024,55000000,€55.00m,Crystal Palace,25,2024,5
479999,28/06/2019,3500000,€3.50m,Queens Park Rangers,20,2019,6
479999,30/05/2025,55000000,€55.00m,Crystal Palace,26,2025,5
480116,03/11/2022,15000000,€15.00m,AFC Bournemouth,24,2022,11
480116,07/10/2025,18000000,€18.00m,Juventus FC,27,2025,10
480116,08/04/2020,8000000,€8.00m,AFC Bournemouth,21,2020,4
480116,10/03/2021,9000000,€9.00m,AFC Bournemouth,22,2021,3
480116,10/12/2019,9000000,€9.00m,AFC Bournemouth,21,2019,12
480116,13/05/2022,12000000,€12.00m,AFC Bournemouth,23,2022,5
480116,15/09/2022,15000000,€15.00m,AFC Bournemouth,23,2022,9
480116,15/10/2020,7000000,€7.00m,AFC Bournemouth,22,2020,10
480116,16/12/2024,18000000,€18.00m,Newcastle United,26,2024,12
480116,17/06/2025,16000000,€16.00m,Juventus FC,26,2025,6
480116,18/09/2017,100000,€100k,Bristol City,18,2017,9
480116,19/12/2023,16000000,€16.00m,AFC Bournemouth,25,2023,12
480116,20/06/2023,18000000,€18.00m,AFC Bournemouth,24,2023,6
480116,23/12/2025,20000000,€20.00m,Juventus FC,27,2025,12
480116,24/09/2018,750000,€750k,Bristol City,19,2018,9
480116,24/11/2021,10000000,€10.00m,AFC Bournemouth,23,2021,11
480116,27/02/2018,250000,€250k,Bristol City,19,2018,2
480116,27/02/2019,2000000,€2.00m,Bristol City,20,2019,2
480116,27/05/2024,18000000,€18.00m,AFC Bournemouth,25,2024,5
480116,28/06/2019,9000000,€9.00m,Bristol City,20,2019,6
480116,30/06/2021,10000000,€10.00m,AFC Bournemouth,22,2021,6
480267,03/06/2022,50000000,€50.00m,FC Barcelona,23,2022,6
480267,03/09/2018,1500000,€1.50m,FC Barcelona B,19,2018,9
480267,05/01/2021,20000000,€20.00m,FC Barcelona,21,2021,1
480267,05/02/2018,175000,€175k,CA Boston River,18,2018,2
480267,07/06/2024,70000000,€70.00m,FC Barcelona,25,2024,6
480267,07/11/2022,60000000,€60.00m,FC Barcelona,23,2022,11
480267,08/04/2020,4500000,€4.50m,FC Barcelona B,21,2020,4
480267,08/10/2020,15000000,€15.00m,FC Barcelona,21,2020,10
480267,09/06/2025,35000000,€35.00m,FC Barcelona,26,2025,6
480267,10/06/2021,25000000,€25.00m,FC Barcelona,22,2021,6
480267,10/09/2019,2000000,€2.00m,FC Barcelona B,20,2019,9
480267,11/02/2020,5000000,€5.00m,FC Barcelona B,20,2020,2
480267,12/12/2025,25000000,€25.00m,FC Barcelona,26,2025,12
480267,13/06/2023,70000000,€70.00m,FC Barcelona,24,2023,6
480267,19/02/2019,1500000,€1.50m,FC Barcelona B,19,2019,2
480267,19/03/2021,25000000,€25.00m,FC Barcelona,22,2021,3
480267,21/03/2022,40000000,€40.00m,FC Barcelona,23,2022,3
480267,21/03/2025,50000000,€50.00m,FC Barcelona,26,2025,3
480267,22/05/2017,100000,€100k,CA Rentistas,18,2017,5
480267,22/12/2023,70000000,€70.00m,FC Barcelona,24,2023,12
480267,23/03/2023,70000000,€70.00m,FC Barcelona,24,2023,3
480267,23/07/2020,10000000,€10.00m,FC Barcelona B,21,2020,7
480267,23/09/2022,60000000,€60.00m,FC Barcelona,23,2022,9
480267,27/12/2024,55000000,€55.00m,FC Barcelona,25,2024,12
480267,29/06/2019,1500000,€1.50m,FC Barcelona B,20,2019,6
480267,30/12/2021,35000000,€35.00m,FC Barcelona,22,2021,12
480692,01/10/2024,80000000,€80.00m,Liverpool FC,27,2024,9
480692,03/11/2022,75000000,€75.00m,Liverpool FC,25,2022,11
480692,07/03/2018,250000,€250k,Junior FC,21,2018,3
480692,08/04/2020,9000000,€9.00m,FC Porto,23,2020,4
480692,08/06/2018,250000,€250k,Junior FC,21,2018,6
480692,09/10/2018,500000,€500k,Junior FC,21,2018,10
480692,11/10/2019,7000000,€7.00m,FC Porto,22,2019,10
480692,15/06/2022,65000000,€65.00m,Liverpool FC,25,2022,6
480692,15/09/2022,75000000,€75.00m,Liverpool FC,25,2022,9
480692,16/07/2021,25000000,€25.00m,FC Porto,24,2021,7
480692,16/12/2024,85000000,€85.00m,Liverpool FC,27,2024,12
480692,17/08/2020,13000000,€13.00m,FC Porto,23,2020,8
480692,19/11/2017,100000,€100k,Junior FC,20,2017,11
480692,19/12/2023,75000000,€75.00m,Liverpool FC,26,2023,12
480692,19/12/2025,70000000,€70.00m,Bayern Munich,28,2025,12
480692,20/06/2023,75000000,€75.00m,Liverpool FC,26,2023,6
480692,21/05/2021,18000000,€18.00m,FC Porto,24,2021,5
480692,21/06/2019,2000000,€2.00m,Junior FC,22,2019,6
480692,23/12/2018,1500000,€1.50m,Junior FC,21,2018,12
480692,27/05/2024,75000000,€75.00m,Liverpool FC,27,2024,5
480692,27/12/2021,40000000,€40.00m,FC Porto,24,2021,12
480692,28/01/2021,18000000,€18.00m,FC Porto,24,2021,1
480692,29/03/2022,45000000,€45.00m,Liverpool FC,25,2022,3
480692,30/05/2025,70000000,€70.00m,Liverpool FC,28,2025,5
480692,30/12/2019,11000000,€11.00m,FC Porto,22,2019,12
480692,31/01/2017,75000,€75k,Barranquilla FC,20,2017,1
480763,02/01/2018,5000000,€5.00m,Tottenham Hotspur,19,2018,1
480763,03/06/2022,25000000,€25.00m,Villarreal CF,24,2022,6
480763,05/01/2021,10000000,€10.00m,Villarreal CF,22,2021,1
480763,05/03/2019,12000000,€12.00m,Tottenham Hotspur,21,2019,3
480763,07/06/2024,15000000,€15.00m,Villarreal CF,26,2024,6
480763,07/11/2022,25000000,€25.00m,Villarreal CF,24,2022,11
480763,08/04/2020,13500000,€13.50m,Tottenham Hotspur,22,2020,4
480763,08/10/2020,13000000,€13.00m,Villarreal CF,22,2020,10
480763,09/06/2025,15000000,€15.00m,Villarreal CF,27,2025,6
480763,10/06/2021,12000000,€12.00m,Villarreal CF,23,2021,6
480763,10/12/2019,15000000,€15.00m,Tottenham Hotspur,21,2019,12
480763,11/10/2024,12000000,€12.00m,Villarreal CF,26,2024,10
480763,12/12/2025,15000000,€15.00m,Villarreal CF,27,2025,12
480763,13/06/2019,15000000,€15.00m,Tottenham Hotspur,21,2019,6
480763,13/06/2023,25000000,€25.00m,Villarreal CF,25,2023,6
480763,13/10/2021,15000000,€15.00m,Villarreal CF,23,2021,10
480763,19/12/2018,8000000,€8.00m,Tottenham Hotspur,20,2018,12
480763,21/03/2024,18000000,€18.00m,Villarreal CF,26,2024,3
480763,21/03/2025,10000000,€10.00m,Villarreal CF,27,2025,3
480763,22/12/2023,25000000,€25.00m,Villarreal CF,25,2023,12
480763,27/12/2024,7500000,€7.50m,Villarreal CF,26,2024,12
480763,28/05/2018,5000000,€5.00m,Tottenham Hotspur,20,2018,5
480763,30/08/2017,5000000,€5.00m,Tottenham Hotspur,19,2017,8
480763,30/12/2021,20000000,€20.00m,Villarreal CF,23,2021,12
483046,05/06/2025,32000000,€32.00m,Bayern Munich,25,2025,6
483046,07/10/2021,3500000,€3.50m,Bayern Munich,21,2021,10
483046,09/06/2021,400000,€400k,FC Bayern Munich II,21,2021,6
483046,09/06/2022,4000000,€4.00m,Bayern Munich,22,2022,6
483046,09/11/2022,8000000,€8.00m,Bayern Munich,22,2022,11
483046,11/12/2019,150000,€150k,FC Bayern Munich II,19,2019,12
483046,12/07/2019,150000,€150k,FC Bayern Munich II,19,2019,7
483046,14/12/2023,10000000,€10.00m,Bayer 04 Leverkusen,23,2023,12
483046,17/07/2020,200000,€200k,FC Bayern Munich II,20,2020,7
483046,19/12/2025,32000000,€32.00m,Bayern Munich,25,2025,12
483046,20/01/2021,250000,€250k,FC Bayern Munich II,20,2021,1
483046,20/12/2024,28000000,€28.00m,Bayern Munich,24,2024,12
483046,21/09/2022,8000000,€8.00m,Bayern Munich,22,2022,9
483046,22/06/2023,12000000,€12.00m,Bayern Munich,23,2023,6
483046,22/12/2021,4000000,€4.00m,Bayern Munich,21,2021,12
483046,26/03/2021,300000,€300k,FC Bayern Munich II,20,2021,3
483046,27/03/2024,18000000,€18.00m,Bayer 04 Leverkusen,23,2024,3
483046,29/03/2023,12000000,€12.00m,Bayern Munich,22,2023,3
483046,29/05/2024,28000000,€28.00m,Bayer 04 Leverkusen,24,2024,5
484547,05/02/2020,1500000,€1.50m,Celtic FC,19,2020,2
484547,05/06/2025,50000000,€50.00m,Bayer 04 Leverkusen,24,2025,6
484547,07/10/2021,15000000,€15.00m,Bayer 04 Leverkusen,20,2021,10
484547,08/04/2020,1300000,€1.30m,Celtic FC,19,2020,4
484547,09/06/2021,10000000,€10.00m,Bayer 04 Leverkusen,20,2021,6
484547,09/06/2022,20000000,€20.00m,Bayer 04 Leverkusen,21,2022,6
484547,09/11/2022,25000000,€25.00m,Bayer 04 Leverkusen,21,2022,11
484547,09/12/2025,38000000,€38.00m,Liverpool FC,24,2025,12
484547,10/02/2021,10000000,€10.00m,Bayer 04 Leverkusen,20,2021,2
484547,14/09/2019,100000,€100k,Celtic FC,18,2019,9
484547,14/12/2023,50000000,€50.00m,Bayer 04 Leverkusen,23,2023,12
484547,17/10/2025,45000000,€45.00m,Liverpool FC,24,2025,10
484547,18/01/2021,4000000,€4.00m,Celtic FC,20,2021,1
484547,18/10/2023,45000000,€45.00m,Bayer 04 Leverkusen,22,2023,10
484547,20/12/2024,50000000,€50.00m,Bayer 04 Leverkusen,24,2024,12
484547,21/07/2020,3000000,€3.00m,Celtic FC,19,2020,7
484547,21/09/2022,25000000,€25.00m,Bayer 04 Leverkusen,21,2022,9
484547,22/06/2023,40000000,€40.00m,Bayer 04 Leverkusen,22,2023,6
484547,22/12/2021,20000000,€20.00m,Bayer 04 Leverkusen,21,2021,12
484547,29/03/2023,35000000,€35.00m,Bayer 04 Leverkusen,22,2023,3
484547,29/05/2024,50000000,€50.00m,Bayer 04 Leverkusen,23,2024,5
484988,02/06/2022,400000,€400k,FC Toulouse,21,2022,6
484988,02/11/2022,400000,€400k,FC Toulouse,21,2022,11
484988,03/06/2024,12000000,€12.00m,FC Toulouse,23,2024,6
484988,09/06/2025,18000000,€18.00m,Villarreal CF,24,2025,6
484988,11/10/2024,18000000,€18.00m,Villarreal CF,23,2024,10
484988,11/11/2020,500000,€500k,Le Mans FC,19,2020,11
484988,12/12/2025,18000000,€18.00m,Villarreal CF,24,2025,12
484988,14/08/2020,300000,€300k,Le Mans FC,19,2020,8
484988,16/10/2023,4000000,€4.00m,FC Toulouse,22,2023,10
484988,18/12/2023,5000000,€5.00m,FC Toulouse,22,2023,12
484988,19/03/2024,8000000,€8.00m,FC Toulouse,22,2024,3
484988,25/06/2021,400000,€400k,Le Mans FC,20,2021,6
484988,27/06/2023,1200000,€1.20m,FC Toulouse,22,2023,6
484988,27/12/2021,400000,€400k,FC Toulouse,20,2021,12
484988,27/12/2024,15000000,€15.00m,Villarreal CF,23,2024,12
485706,01/10/2024,55000000,€55.00m,Aston Villa,23,2024,9
485706,03/11/2022,35000000,€35.00m,Everton FC,21,2022,11
485706,08/02/2021,1500000,€1.50m,Hamburger SV,19,2021,2
485706,08/10/2021,6000000,€6.00m,LOSC Lille,20,2021,10
485706,09/10/2023,50000000,€50.00m,Everton FC,22,2023,10
485706,09/12/2025,42000000,€42.00m,Aston Villa,24,2025,12
485706,15/07/2020,400000,€400k,Hamburger SV,18,2020,7
485706,15/09/2022,30000000,€30.00m,Everton FC,21,2022,9
485706,16/03/2023,42000000,€42.00m,Everton FC,21,2023,3
485706,16/06/2021,3000000,€3.00m,Hamburger SV,19,2021,6
485706,16/12/2021,8000000,€8.00m,LOSC Lille,20,2021,12
485706,16/12/2024,55000000,€55.00m,Aston Villa,23,2024,12
485706,17/10/2025,42000000,€42.00m,Aston Villa,24,2025,10
485706,18/11/2020,1500000,€1.50m,Hamburger SV,19,2020,11
485706,19/12/2023,50000000,€50.00m,Everton FC,22,2023,12
485706,20/06/2023,45000000,€45.00m,Everton FC,21,2023,6
485706,23/03/2022,10000000,€10.00m,LOSC Lille,20,2022,3
485706,27/05/2024,50000000,€50.00m,Everton FC,22,2024,5
485706,30/05/2022,10000000,€10.00m,LOSC Lille,20,2022,5
485706,30/05/2025,50000000,€50.00m,Aston Villa,23,2025,5
485963,02/10/2025,25000000,€25.00m,Villarreal CF,26,2025,10
485963,02/11/2022,10000000,€10.00m,Olympique Marseille,23,2022,11
485963,03/06/2024,6000000,€6.00m,Olympique Marseille,25,2024,6
485963,04/06/2021,10000000,€10.00m,Olympique Marseille,22,2021,6
485963,06/01/2020,1750000,€1.75m,Le Havre AC,20,2020,1
485963,07/01/2021,8000000,€8.00m,Olympique Marseille,21,2021,1
485963,08/01/2019,300000,€300k,Le Havre AC,19,2019,1
485963,08/04/2020,1600000,€1.60m,Le Havre AC,21,2020,4
485963,09/04/2021,10000000,€10.00m,Olympique Marseille,22,2021,4
485963,09/06/2025,15000000,€15.00m,Villarreal CF,26,2025,6
485963,11/10/2024,8000000,€8.00m,Villarreal CF,25,2024,10
485963,12/12/2025,20000000,€20.00m,Villarreal CF,26,2025,12
485963,13/06/2023,10000000,€10.00m,Sevilla FC,24,2023,6
485963,15/10/2020,3000000,€3.00m,Olympique Marseille,21,2020,10
485963,16/05/2018,200000,€200k,AC Le Havre B,19,2018,5
485963,16/12/2021,10000000,€10.00m,Olympique Marseille,22,2021,12
485963,18/12/2023,8000000,€8.00m,Olympique Marseille,24,2023,12
485963,19/03/2024,6000000,€6.00m,Olympique Marseille,25,2024,3
485963,21/03/2025,10000000,€10.00m,Villarreal CF,26,2025,3
485963,27/06/2019,800000,€800k,Le Havre AC,20,2019,6
485963,27/12/2024,8000000,€8.00m,Villarreal CF,25,2024,12
485963,30/05/2022,12000000,€12.00m,Olympique Marseille,23,2022,5
485963,30/09/2019,1000000,€1.00m,Le Havre AC,20,2019,9
486031,05/06/2019,6500000,€6.50m,VfB Stuttgart,21,2019,6
486031,05/06/2024,35000000,€35.00m,ACF Fiorentina,26,2024,6
486031,07/06/2022,25000000,€25.00m,ACF Fiorentina,24,2022,6
486031,08/04/2020,7200000,€7.20m,VfB Stuttgart,22,2020,4
486031,08/05/2018,5000000,€5.00m,AA Argentinos Juniors,20,2018,5
486031,09/06/2021,22000000,€22.00m,VfB Stuttgart,23,2021,6
486031,09/10/2017,400000,€400k,AA Argentinos Juniors,19,2017,10
486031,10/02/2021,25000000,€25.00m,VfB Stuttgart,22,2021,2
486031,11/10/2023,35000000,€35.00m,ACF Fiorentina,25,2023,10
486031,11/11/2022,23000000,€23.00m,ACF Fiorentina,24,2022,11
486031,12/12/2025,24000000,€24.00m,Atlético de Madrid,27,2025,12
486031,13/12/2019,8000000,€8.00m,VfB Stuttgart,21,2019,12
486031,14/10/2021,24000000,€24.00m,ACF Fiorentina,23,2021,10
486031,15/06/2023,30000000,€30.00m,ACF Fiorentina,25,2023,6
486031,15/07/2020,9000000,€9.00m,VfB Stuttgart,22,2020,7
486031,16/09/2020,12000000,€12.00m,VfB Stuttgart,22,2020,9
486031,17/06/2025,24000000,€24.00m,Juventus FC,27,2025,6
486031,18/12/2018,8000000,€8.00m,VfB Stuttgart,20,2018,12
486031,18/12/2024,35000000,€35.00m,Juventus FC,26,2024,12
486031,20/12/2023,40000000,€40.00m,ACF Fiorentina,25,2023,12
486031,21/03/2023,28000000,€28.00m,ACF Fiorentina,24,2023,3
486031,22/08/2018,8000000,€8.00m,VfB Stuttgart,20,2018,8
486031,25/03/2025,28000000,€28.00m,Juventus FC,26,2025,3
486031,26/11/2020,16000000,€16.00m,VfB Stuttgart,22,2020,11
486031,28/12/2021,24000000,€24.00m,ACF Fiorentina,23,2021,12
486049,02/11/2022,18000000,€18.00m,Stade Rennais FC,20,2022,11
486049,04/03/2019,2000000,€2.00m,RSC Anderlecht U21,16,2019,3
486049,08/04/2020,9000000,€9.00m,RSC Anderlecht,17,2020,4
486049,09/10/2023,60000000,€60.00m,Manchester City,21,2023,10
486049,09/12/2025,65000000,€65.00m,Manchester City,23,2025,12
486049,10/06/2019,2000000,€2.00m,RSC Anderlecht U21,17,2019,6
486049,13/09/2019,5000000,€5.00m,RSC Anderlecht,17,2019,9
486049,13/12/2019,6000000,€6.00m,RSC Anderlecht,17,2019,12
486049,15/07/2021,26000000,€26.00m,Stade Rennais FC,19,2021,7
486049,15/10/2020,20000000,€20.00m,Stade Rennais FC,18,2020,10
486049,16/12/2021,25000000,€25.00m,Stade Rennais FC,19,2021,12
486049,16/12/2024,60000000,€60.00m,Manchester City,22,2024,12
486049,17/10/2025,55000000,€55.00m,Manchester City,23,2025,10
486049,18/03/2025,55000000,€55.00m,Manchester City,22,2025,3
486049,19/12/2023,65000000,€65.00m,Manchester City,21,2023,12
486049,23/03/2022,22000000,€22.00m,Stade Rennais FC,19,2022,3
486049,26/05/2021,22000000,€22.00m,Stade Rennais FC,18,2021,5
486049,27/05/2024,65000000,€65.00m,Manchester City,22,2024,5
486049,27/06/2023,28000000,€28.00m,Stade Rennais FC,21,2023,6
486049,27/12/2018,1000000,€1.00m,RSC Anderlecht U21,16,2018,12
486049,30/03/2020,10000000,€10.00m,RSC Anderlecht,17,2020,3
486049,30/05/2022,20000000,€20.00m,Stade Rennais FC,20,2022,5
486049,30/05/2025,50000000,€50.00m,Manchester City,23,2025,5
487465,03/11/2022,32000000,€32.00m,Wolverhampton Wanderers,22,2022,11
487465,06/06/2019,2500000,€2.50m,SS Lazio,19,2019,6
487465,07/06/2018,3000000,€3.00m,SS Lazio,18,2018,6
487465,08/04/2020,11500000,€11.50m,Wolverhampton Wanderers,20,2020,4
487465,08/06/2021,35000000,€35.00m,Wolverhampton Wanderers,21,2021,6
487465,09/03/2020,13000000,€13.00m,Wolverhampton Wanderers,20,2020,3
487465,09/10/2023,32000000,€32.00m,Wolverhampton Wanderers,23,2023,10
487465,09/12/2025,60000000,€60.00m,Chelsea FC,25,2025,12
487465,10/12/2019,7000000,€7.00m,Wolverhampton Wanderers,19,2019,12
487465,12/09/2019,7000000,€7.00m,Wolverhampton Wanderers,19,2019,9
487465,13/10/2017,3000000,€3.00m,SS Lazio,17,2017,10
487465,13/10/2020,22000000,€22.00m,Wolverhampton Wanderers,20,2020,10
487465,14/03/2024,55000000,€55.00m,Wolverhampton Wanderers,24,2024,3
487465,15/06/2022,32000000,€32.00m,Wolverhampton Wanderers,22,2022,6
487465,15/09/2022,38000000,€38.00m,Wolverhampton Wanderers,22,2022,9
487465,16/12/2024,55000000,€55.00m,Chelsea FC,24,2024,12
487465,17/10/2025,55000000,€55.00m,Chelsea FC,25,2025,10
487465,17/12/2020,27000000,€27.00m,Wolverhampton Wanderers,20,2020,12
487465,18/03/2021,35000000,€35.00m,Wolverhampton Wanderers,21,2021,3
487465,18/03/2025,50000000,€50.00m,Chelsea FC,25,2025,3
487465,19/12/2023,42000000,€42.00m,Wolverhampton Wanderers,23,2023,12
487465,20/06/2023,28000000,€28.00m,Wolverhampton Wanderers,23,2023,6
487465,20/12/2018,2500000,€2.50m,SS Lazio,18,2018,12
487465,21/08/2017,250000,€250k,SC Braga,17,2017,8
487465,23/12/2021,35000000,€35.00m,Wolverhampton Wanderers,21,2021,12
487465,27/05/2024,55000000,€55.00m,Wolverhampton Wanderers,24,2024,5
487465,29/12/2017,3000000,€3.00m,SS Lazio,17,2017,12
487465,30/05/2025,50000000,€50.00m,Chelsea FC,25,2025,5
487465,30/07/2020,15000000,€15.00m,Wolverhampton Wanderers,20,2020,7
487469,02/11/2022,45000000,€45.00m,Paris Saint-Germain,22,2022,11
487469,03/06/2024,50000000,€50.00m,Paris Saint-Germain,24,2024,6
487469,03/06/2025,80000000,€80.00m,Paris Saint-Germain,25,2025,6
487469,08/04/2020,1300000,€1.30m,FC Porto,20,2020,4
487469,08/06/2021,7000000,€7.00m,Wolverhampton Wanderers,21,2021,6
487469,10/03/2022,24000000,€24.00m,FC Porto,22,2022,3
487469,10/10/2025,90000000,€90.00m,Paris Saint-Germain,25,2025,10
487469,10/12/2024,55000000,€55.00m,Paris Saint-Germain,24,2024,12
487469,13/10/2020,5000000,€5.00m,Wolverhampton Wanderers,20,2020,10
487469,15/12/2025,110000000,€110.00m,Paris Saint-Germain,25,2025,12
487469,16/10/2023,45000000,€45.00m,Paris Saint-Germain,23,2023,10
487469,17/08/2020,5000000,€5.00m,FC Porto,20,2020,8
487469,18/03/2021,6000000,€6.00m,Wolverhampton Wanderers,21,2021,3
487469,18/07/2024,55000000,€55.00m,Paris Saint-Germain,24,2024,7
487469,18/12/2023,45000000,€45.00m,Paris Saint-Germain,23,2023,12
487469,19/09/2022,40000000,€40.00m,Paris Saint-Germain,22,2022,9
487469,24/03/2025,60000000,€60.00m,Paris Saint-Germain,25,2025,3
487469,27/03/2023,42000000,€42.00m,Paris Saint-Germain,23,2023,3
487469,27/06/2023,42000000,€42.00m,Paris Saint-Germain,23,2023,6
487469,27/12/2021,12000000,€12.00m,FC Porto,21,2021,12
487469,31/05/2022,30000000,€30.00m,FC Porto,22,2022,5
487469,31/12/2019,1500000,€1.50m,FC Porto B,19,2019,12
487474,02/11/2020,600000,€600k,FC Porto B,17,2020,11
487474,05/01/2021,2500000,€2.50m,FC Porto B,18,2021,1
487474,06/06/2024,22000000,€22.00m,FC Porto,21,2024,6
487474,07/10/2025,30000000,€30.00m,Juventus FC,22,2025,10
487474,08/03/2024,15000000,€15.00m,FC Porto,21,2024,3
487474,11/11/2022,8000000,€8.00m,Ajax Amsterdam,19,2022,11
487474,17/06/2025,28000000,€28.00m,Juventus FC,22,2025,6
487474,18/12/2024,36000000,€36.00m,Juventus FC,22,2024,12
487474,21/05/2021,8000000,€8.00m,FC Porto,18,2021,5
487474,23/06/2023,8000000,€8.00m,Ajax Amsterdam,20,2023,6
487474,23/12/2025,30000000,€30.00m,Juventus FC,23,2025,12
487474,25/03/2021,5000000,€5.00m,FC Porto,18,2021,3
487474,27/12/2021,8000000,€8.00m,FC Porto,19,2021,12
487474,27/12/2023,10000000,€10.00m,FC Porto,21,2023,12
487474,31/05/2022,8000000,€8.00m,FC Porto,19,2022,5
490384,05/06/2024,12000000,€12.00m,Genoa CFC,21,2024,6
490384,11/11/2022,4000000,€4.00m,FC Empoli,20,2022,11
490384,12/03/2024,10000000,€10.00m,Genoa CFC,21,2024,3
490384,15/06/2023,4000000,€4.00m,FC Empoli,21,2023,6
490384,17/06/2025,22000000,€22.00m,Genoa CFC,23,2025,6
490384,18/12/2024,12000000,€12.00m,Genoa CFC,22,2024,12
490384,20/06/2022,2200000,€2.20m,Juventus U23,20,2022,6
490384,20/12/2021,2000000,€2.00m,Juventus U23,19,2021,12
490384,20/12/2023,7000000,€7.00m,Genoa CFC,21,2023,12
490384,23/12/2025,20000000,€20.00m,AC Milan,23,2025,12
490384,25/03/2025,18000000,€18.00m,Genoa CFC,22,2025,3
490384,30/06/2021,400000,€400k,Juventus Primavera,19,2021,6
495666,03/06/2019,12000000,€12.00m,AS Saint-Étienne,18,2019,6
495666,03/11/2022,50000000,€50.00m,Arsenal FC,21,2022,11
495666,04/06/2021,18000000,€18.00m,OGC Nice,20,2021,6
495666,08/04/2020,22500000,€22.50m,AS Saint-Étienne,19,2020,4
495666,09/10/2023,70000000,€70.00m,Arsenal FC,22,2023,10
495666,09/12/2025,90000000,€90.00m,Arsenal FC,24,2025,12
495666,13/10/2020,22500000,€22.50m,Arsenal FC,19,2020,10
495666,14/03/2024,80000000,€80.00m,Arsenal FC,22,2024,3
495666,15/09/2022,40000000,€40.00m,Arsenal FC,21,2022,9
495666,16/03/2023,55000000,€55.00m,Arsenal FC,21,2023,3
495666,16/12/2021,24000000,€24.00m,Olympique Marseille,20,2021,12
495666,16/12/2024,80000000,€80.00m,Arsenal FC,23,2024,12
495666,17/12/2018,3000000,€3.00m,AS Saint-Étienne,17,2018,12
495666,17/12/2020,17000000,€17.00m,Arsenal FC,19,2020,12
495666,19/12/2019,25000000,€25.00m,AS Saint-Étienne,18,2019,12
495666,19/12/2023,75000000,€75.00m,Arsenal FC,22,2023,12
495666,20/06/2023,65000000,€65.00m,Arsenal FC,22,2023,6
495666,24/10/2018,3000000,€3.00m,AS Saint-Étienne,17,2018,10
495666,27/05/2024,80000000,€80.00m,Arsenal FC,23,2024,5
495666,27/09/2019,25000000,€25.00m,AS Saint-Étienne,18,2019,9
495666,30/05/2022,30000000,€30.00m,Olympique Marseille,21,2022,5
495666,30/05/2025,80000000,€80.00m,Arsenal FC,24,2025,5
496094,01/06/2019,1500000,€1.50m,FC Liefering,17,2019,5
496094,01/12/2018,1500000,€1.50m,FC Liefering,16,2018,11
496094,02/06/2021,10000000,€10.00m,Red Bull Salzburg,19,2021,6
496094,02/07/2018,1500000,€1.50m,FC Liefering,16,2018,7
496094,03/12/2019,7500000,€7.50m,FC Liefering,17,2019,12
496094,05/06/2025,45000000,€45.00m,Borussia Dortmund,23,2025,6
496094,06/09/2021,20000000,€20.00m,Red Bull Salzburg,19,2021,9
496094,08/04/2020,6700000,€6.70m,Red Bull Salzburg,18,2020,4
496094,09/10/2024,35000000,€35.00m,Borussia Dortmund,22,2024,10
496094,09/11/2022,35000000,€35.00m,Borussia Dortmund,20,2022,11
496094,14/10/2025,60000000,€60.00m,Borussia Dortmund,23,2025,10
496094,14/12/2023,28000000,€28.00m,Borussia Dortmund,21,2023,12
496094,16/12/2021,35000000,€35.00m,Red Bull Salzburg,19,2021,12
496094,18/10/2023,35000000,€35.00m,Borussia Dortmund,21,2023,10
496094,19/12/2025,60000000,€60.00m,Borussia Dortmund,23,2025,12
496094,20/12/2024,35000000,€35.00m,Borussia Dortmund,22,2024,12
496094,21/12/2020,9000000,€9.00m,Red Bull Salzburg,18,2020,12
496094,22/06/2023,40000000,€40.00m,Borussia Dortmund,21,2023,6
496094,22/07/2020,9000000,€9.00m,Red Bull Salzburg,18,2020,7
496094,27/03/2025,40000000,€40.00m,Borussia Dortmund,23,2025,3
496094,27/05/2022,35000000,€35.00m,Red Bull Salzburg,20,2022,5
496094,29/05/2024,28000000,€28.00m,Borussia Dortmund,22,2024,5
496857,02/11/2022,5000000,€5.00m,LOSC Lille,23,2022,11
496857,03/01/2022,2000000,€2.00m,FC Basel 1893,22,2022,1
496857,03/06/2018,700000,€700k,KRC Genk,19,2018,6
496857,03/06/2024,25000000,€25.00m,LOSC Lille,25,2024,6
496857,03/06/2025,25000000,€25.00m,LOSC Lille,26,2025,6
496857,04/06/2019,1500000,€1.50m,FC Basel 1893,20,2019,6
496857,06/01/2020,1500000,€1.50m,FC Basel 1893,20,2020,1
496857,08/04/2020,1300000,€1.30m,FC Basel 1893,21,2020,4
496857,09/01/2018,700000,€700k,KRC Genk,18,2018,1
496857,10/12/2024,25000000,€25.00m,LOSC Lille,25,2024,12
496857,11/09/2018,1500000,€1.50m,KRC Genk,19,2018,9
496857,18/12/2023,10000000,€10.00m,LOSC Lille,24,2023,12
496857,19/03/2024,15000000,€15.00m,LOSC Lille,24,2024,3
496857,23/03/2022,4000000,€4.00m,LOSC Lille,22,2022,3
496857,23/06/2021,2000000,€2.00m,FC Basel 1893,22,2021,6
496857,23/12/2025,20000000,€20.00m,Juventus FC,26,2025,12
496857,25/07/2017,150000,€150k,KRC Genk,18,2017,7
496857,27/03/2023,7000000,€7.00m,LOSC Lille,23,2023,3
496857,27/06/2023,8000000,€8.00m,LOSC Lille,24,2023,6
496857,27/12/2018,1500000,€1.50m,KRC Genk,19,2018,12
496857,28/12/2020,1500000,€1.50m,FC Basel 1893,21,2020,12
496857,30/05/2022,5000000,€5.00m,LOSC Lille,23,2022,5
500053,05/06/2024,6000000,€6.00m,FC Viktoria Plzen,23,2024,6
500053,07/12/2019,400000,€400k,Slezsky FC Opava,18,2019,12
500053,08/04/2020,350000,€350k,SK Dynamo Ceske Budejovice,19,2020,4
500053,10/07/2020,450000,€450k,FC Viktoria Plzen,19,2020,7
500053,14/12/2022,1000000,€1.00m,FK Jablonec,21,2022,12
500053,15/12/2025,12000000,€12.00m,Olympique Lyon,24,2025,12
500053,17/06/2025,10000000,€10.00m,FC Viktoria Plzen,24,2025,6
500053,19/04/2021,1000000,€1.00m,FC Viktoria Plzen,20,2021,4
500053,19/12/2017,50000,€50k,FC Viktoria Plzen U19,16,2017,12
500053,20/06/2023,1200000,€1.20m,FK Jablonec,22,2023,6
500053,20/09/2023,1800000,€1.80m,FC Viktoria Plzen,22,2023,9
500053,20/12/2023,3000000,€3.00m,FC Viktoria Plzen,22,2023,12
500053,20/12/2024,10000000,€10.00m,FC Viktoria Plzen,23,2024,12
500053,22/06/2022,1000000,€1.00m,FC Viktoria Plzen,21,2022,6
500053,25/06/2019,400000,€400k,FC Vysocina Jihlava,18,2019,6
500053,25/06/2021,1100000,€1.10m,FC Viktoria Plzen,20,2021,6
500053,26/12/2021,1100000,€1.10m,FC Viktoria Plzen,20,2021,12
500053,27/03/2024,5000000,€5.00m,FC Viktoria Plzen,23,2024,3
500053,27/04/2019,300000,€300k,FC Vysocina Jihlava,18,2019,4
500053,27/09/2024,8000000,€8.00m,FC Viktoria Plzen,23,2024,9
500053,27/12/2020,500000,€500k,SK Dynamo Ceske Budejovice,19,2020,12
500053,30/06/2018,50000,€50k,FC Viktoria Plzen U19,17,2018,6
502670,02/06/2021,18000000,€18.00m,Rubin Kazan,20,2021,6
502670,03/06/2025,90000000,€90.00m,Paris Saint-Germain,24,2025,6
502670,05/01/2019,350000,€350k,FC Rustavi,17,2019,1
502670,05/05/2022,15000000,€15.00m,Dinamo Batumi,21,2022,5
502670,05/06/2024,80000000,€80.00m,SSC Napoli,23,2024,6
502670,08/04/2020,2300000,€2.30m,Rubin Kazan,19,2020,4
502670,08/12/2017,125000,€125k,Dinamo Tbilisi,16,2017,12
502670,09/04/2018,350000,€350k,FC Rustavi,17,2018,4
502670,10/09/2019,1500000,€1.50m,Rubin Kazan,18,2019,9
502670,11/11/2022,60000000,€60.00m,SSC Napoli,21,2022,11
502670,13/04/2021,15000000,€15.00m,Rubin Kazan,20,2021,4
502670,14/06/2019,900000,€900k,Lokomotiv Moscow,18,2019,6
502670,15/06/2023,85000000,€85.00m,SSC Napoli,22,2023,6
502670,15/12/2025,90000000,€90.00m,Paris Saint-Germain,24,2025,12
502670,18/12/2024,85000000,€85.00m,SSC Napoli,23,2024,12
502670,19/10/2020,7500000,€7.50m,Rubin Kazan,19,2020,10
502670,20/12/2023,80000000,€80.00m,SSC Napoli,22,2023,12
502670,21/03/2023,85000000,€85.00m,SSC Napoli,22,2023,3
502670,23/12/2019,2500000,€2.50m,Rubin Kazan,18,2019,12
502670,24/03/2025,80000000,€80.00m,Paris Saint-Germain,24,2025,3
502670,24/04/2019,500000,€500k,Lokomotiv Moscow,18,2019,4
502670,27/09/2022,35000000,€35.00m,SSC Napoli,21,2022,9
502670,29/07/2020,4500000,€4.50m,Rubin Kazan,19,2020,7
502670,29/08/2018,400000,€400k,FC Rustavi,17,2018,8
502670,29/12/2020,10000000,€10.00m,Rubin Kazan,19,2020,12
502670,29/12/2021,16000000,€16.00m,Rubin Kazan,20,2021,12
502821,03/06/2021,2500000,€2.50m,AS Roma,19,2021,6
502821,05/06/2024,30000000,€30.00m,Bologna FC 1909,22,2024,6
502821,07/06/2022,3500000,€3.50m,Genoa CFC,20,2022,6
502821,07/06/2023,4500000,€4.50m,FC Basel 1893,21,2023,6
502821,09/12/2025,50000000,€50.00m,Arsenal FC,23,2025,12
502821,10/11/2022,3500000,€3.50m,FC Basel 1893,20,2022,11
502821,11/10/2023,5000000,€5.00m,Bologna FC 1909,21,2023,10
502821,12/03/2024,25000000,€25.00m,Bologna FC 1909,21,2024,3
502821,14/10/2021,4000000,€4.00m,AS Roma,19,2021,10
502821,16/12/2024,45000000,€45.00m,Arsenal FC,22,2024,12
502821,17/10/2025,40000000,€40.00m,Arsenal FC,23,2025,10
502821,18/03/2025,40000000,€40.00m,Arsenal FC,22,2025,3
502821,18/07/2024,45000000,€45.00m,Bologna FC 1909,22,2024,7
502821,20/12/2023,13000000,€13.00m,Bologna FC 1909,21,2023,12
502821,28/12/2021,4000000,€4.00m,AS Roma,19,2021,12
502821,29/10/2020,700000,€700k,AS Roma,18,2020,10
502821,29/12/2020,2500000,€2.50m,AS Roma,18,2020,12
502821,30/05/2025,35000000,€35.00m,Arsenal FC,23,2025,5
503075,02/09/2022,3000000,€3.00m,Hellas Verona,23,2022,9
503075,05/06/2024,20000000,€20.00m,Atalanta BC,25,2024,6
503075,09/06/2021,25000,€25k,Djurgårdens IF,22,2021,6
503075,11/10/2023,9000000,€9.00m,Hellas Verona,24,2023,10
503075,11/11/2022,3000000,€3.00m,Hellas Verona,23,2022,11
503075,15/06/2023,6000000,€6.00m,Hellas Verona,24,2023,6
503075,17/06/2025,30000000,€30.00m,Atalanta BC,26,2025,6
503075,17/12/2021,150000,€150k,Djurgårdens IF,22,2021,12
503075,18/12/2024,30000000,€30.00m,Atalanta BC,25,2024,12
503075,20/12/2023,9000000,€9.00m,Hellas Verona,24,2023,12
503075,21/03/2023,6000000,€6.00m,Hellas Verona,24,2023,3
503075,23/12/2025,25000000,€25.00m,Atalanta BC,26,2025,12
503075,24/06/2022,1000000,€1.00m,Djurgårdens IF,23,2022,6
503160,05/06/2025,24000000,€24.00m,1.FSV Mainz 05,22,2025,6
503160,06/06/2024,3500000,€3.50m,Karlsruher SC,21,2024,6
503160,07/10/2021,1300000,€1.30m,1.FSV Mainz 05,18,2021,10
503160,09/06/2021,800000,€800k,1.FSV Mainz 05,18,2021,6
503160,09/06/2022,1300000,€1.30m,1.FSV Mainz 05,19,2022,6
503160,10/02/2021,800000,€800k,1.FSV Mainz 05,18,2021,2
503160,15/12/2023,2500000,€2.50m,Karlsruher SC,21,2023,12
503160,16/09/2020,500000,€500k,1.FSV Mainz 05,17,2020,9
503160,19/12/2025,18000000,€18.00m,1.FSV Mainz 05,23,2025,12
503160,20/12/2024,7000000,€7.00m,1.FSV Mainz 05,22,2024,12
503160,22/03/2024,3500000,€3.50m,Karlsruher SC,21,2024,3
503160,22/12/2021,1300000,€1.30m,1.FSV Mainz 05,19,2021,12
503160,26/11/2020,800000,€800k,1.FSV Mainz 05,18,2020,11
503160,27/03/2025,17000000,€17.00m,1.FSV Mainz 05,22,2025,3
503160,28/06/2023,2000000,€2.00m,Karlsruher SC,20,2023,6
503160,30/11/2022,1800000,€1.80m,Karlsruher SC,20,2022,11
503160,31/03/2023,2000000,€2.00m,Karlsruher SC,20,2023,3
503482,01/06/2022,14000000,€14.00m,Fenerbahce,25,2022,5
503482,01/08/2020,1500000,€1.50m,Beijing Guoan,23,2020,7
503482,04/01/2022,9000000,€9.00m,Fenerbahce,25,2022,1
503482,05/06/2025,40000000,€40.00m,Bayern Munich,28,2025,6
503482,05/09/2019,1000000,€1.00m,Beijing Guoan,22,2019,9
503482,08/04/2020,800000,€800k,Beijing Guoan,23,2020,4
503482,11/11/2022,35000000,€35.00m,SSC Napoli,25,2022,11
503482,12/10/2021,6500000,€6.50m,Fenerbahce,24,2021,10
503482,14/10/2025,32000000,€32.00m,Bayern Munich,28,2025,10
503482,14/12/2023,60000000,€60.00m,Bayern Munich,27,2023,12
503482,15/06/2023,60000000,€60.00m,SSC Napoli,26,2023,6
503482,15/12/2017,1200000,€1.20m,Jeonbuk Hyundai Motors,21,2017,12
503482,19/12/2025,25000000,€25.00m,Bayern Munich,29,2025,12
503482,20/12/2024,45000000,€45.00m,Bayern Munich,28,2024,12
503482,21/03/2019,1000000,€1.00m,Beijing Guoan,22,2019,3
503482,21/03/2023,50000000,€50.00m,SSC Napoli,26,2023,3
503482,26/12/2020,2000000,€2.00m,Beijing Guoan,24,2020,12
503482,27/03/2024,55000000,€55.00m,Bayern Munich,27,2024,3
503482,27/09/2022,25000000,€25.00m,SSC Napoli,25,2022,9
503482,27/12/2019,1000000,€1.00m,Beijing Guoan,23,2019,12
503482,29/05/2024,45000000,€45.00m,Bayern Munich,27,2024,5
503482,31/03/2022,11000000,€11.00m,Fenerbahce,25,2022,3
503733,03/11/2022,40000000,€40.00m,Everton FC,21,2022,11
503733,08/04/2020,1300000,€1.30m,Everton FC,19,2020,4
503733,09/10/2023,45000000,€45.00m,Newcastle United,22,2023,10
503733,09/12/2025,60000000,€60.00m,Newcastle United,24,2025,12
503733,10/03/2021,5000000,€5.00m,Preston North End,20,2021,3
503733,10/12/2019,1500000,€1.50m,Everton FC U23,18,2019,12
503733,12/07/2023,38000000,€38.00m,Newcastle United,22,2023,7
503733,13/10/2020,5000000,€5.00m,Everton FC,19,2020,10
503733,15/06/2022,20000000,€20.00m,Everton FC,21,2022,6
503733,15/09/2022,40000000,€40.00m,Everton FC,21,2022,9
503733,16/12/2024,60000000,€60.00m,Newcastle United,23,2024,12
503733,18/03/2025,65000000,€65.00m,Newcastle United,24,2025,3
503733,19/12/2023,50000000,€50.00m,Newcastle United,22,2023,12
503733,20/06/2023,35000000,€35.00m,Newcastle United,22,2023,6
503733,23/12/2021,8000000,€8.00m,Everton FC,20,2021,12
503733,27/05/2024,60000000,€60.00m,Newcastle United,23,2024,5
503733,29/03/2022,16000000,€16.00m,Everton FC,21,2022,3
503733,30/05/2025,65000000,€65.00m,Newcastle United,24,2025,5
503733,30/07/2020,5000000,€5.00m,Everton FC,19,2020,7
503743,01/06/2023,1800000,€1.80m,Manchester City U21,20,2023,5
503743,01/10/2024,22000000,€22.00m,Aston Villa,22,2024,9
503743,08/04/2020,1300000,€1.30m,Manchester City U23,17,2020,4
503743,09/12/2025,70000000,€70.00m,Aston Villa,23,2025,12
503743,10/12/2019,1500000,€1.50m,Manchester City U23,17,2019,12
503743,13/05/2022,1800000,€1.80m,AFC Bournemouth,19,2022,5
503743,14/03/2024,8000000,€8.00m,Aston Villa,21,2024,3
503743,16/12/2024,40000000,€40.00m,Aston Villa,22,2024,12
503743,17/10/2025,65000000,€65.00m,Aston Villa,23,2025,10
503743,18/03/2025,50000000,€50.00m,Aston Villa,22,2025,3
503743,21/12/2023,2800000,€2.80m,Middlesbrough FC,21,2023,12
503743,24/03/2023,1800000,€1.80m,Blackpool FC,20,2023,3
503743,24/11/2021,1800000,€1.80m,AFC Bournemouth,19,2021,11
503743,27/05/2024,15000000,€15.00m,Aston Villa,21,2024,5
503743,27/10/2023,2200000,€2.20m,Middlesbrough FC,21,2023,10
503743,30/05/2025,55000000,€55.00m,Aston Villa,22,2025,5
503770,02/11/2022,14000000,€14.00m,Stade Reims,21,2022,11
503770,03/06/2024,30000000,€30.00m,AS Monaco,22,2024,6
503770,03/06/2025,18000000,€18.00m,AS Monaco,23,2025,6
503770,07/10/2024,25000000,€25.00m,AS Monaco,23,2024,10
503770,10/12/2024,25000000,€25.00m,AS Monaco,23,2024,12
503770,13/05/2022,4000000,€4.00m,Middlesbrough FC,20,2022,5
503770,15/12/2025,22000000,€22.00m,AS Monaco,24,2025,12
503770,17/12/2020,4000000,€4.00m,Arsenal FC U23,19,2020,12
503770,18/12/2023,30000000,€30.00m,AS Monaco,22,2023,12
503770,19/09/2022,7000000,€7.00m,Stade Reims,21,2022,9
503770,23/12/2021,4000000,€4.00m,Arsenal FC U23,20,2021,12
503770,24/03/2025,20000000,€20.00m,AS Monaco,23,2025,3
503770,27/03/2023,25000000,€25.00m,Stade Reims,21,2023,3
503770,27/06/2023,30000000,€30.00m,Stade Reims,21,2023,6
503871,04/06/2021,3500000,€3.50m,Bröndby IF,20,2021,6
503871,05/06/2024,15000000,€15.00m,Genoa CFC,23,2024,6
503871,07/06/2022,3700000,€3.70m,Genoa CFC,21,2022,6
503871,08/04/2020,1300000,€1.30m,Bröndby IF,19,2020,4
503871,08/06/2019,200000,€200k,Bröndby IF,18,2019,6
503871,11/10/2023,6000000,€6.00m,Genoa CFC,22,2023,10
503871,12/06/2023,4200000,€4.20m,Genoa CFC,22,2023,6
503871,17/06/2025,20000000,€20.00m,Genoa CFC,24,2025,6
503871,18/10/2024,20000000,€20.00m,Genoa CFC,23,2024,10
503871,18/12/2024,20000000,€20.00m,Genoa CFC,23,2024,12
503871,20/12/2023,10000000,€10.00m,Genoa CFC,22,2023,12
503871,21/12/2018,100000,€100k,Bröndby IF,17,2018,12
503871,22/12/2019,1500000,€1.50m,Bröndby IF,18,2019,12
503871,22/12/2022,3700000,€3.70m,Genoa CFC,21,2022,12
503871,23/12/2020,2500000,€2.50m,Bröndby IF,19,2020,12
503871,23/12/2025,18000000,€18.00m,Genoa CFC,24,2025,12
503871,28/12/2021,3500000,€3.50m,Bröndby IF,20,2021,12
503871,31/07/2020,2000000,€2.00m,Bröndby IF,19,2020,7
503981,03/11/2022,25000000,€25.00m,Southampton FC,19,2022,11
503981,05/10/2021,12000000,€12.00m,Southampton FC,18,2021,10
503981,09/10/2023,30000000,€30.00m,Newcastle United,20,2023,10
503981,09/12/2025,40000000,€40.00m,Newcastle United,23,2025,12
503981,13/08/2021,5000000,€5.00m,Southampton FC,18,2021,8
503981,15/06/2022,25000000,€25.00m,Southampton FC,19,2022,6
503981,16/12/2024,35000000,€35.00m,Newcastle United,22,2024,12
503981,19/12/2023,35000000,€35.00m,Newcastle United,21,2023,12
503981,20/06/2023,25000000,€25.00m,Southampton FC,20,2023,6
503981,23/12/2021,18000000,€18.00m,Southampton FC,19,2021,12
503981,27/05/2024,35000000,€35.00m,Newcastle United,21,2024,5
503981,29/03/2022,25000000,€25.00m,Southampton FC,19,2022,3
503981,30/05/2025,40000000,€40.00m,Newcastle United,22,2025,5
503987,01/10/2024,35000000,€35.00m,Chelsea FC,22,2024,9
503987,04/10/2021,18000000,€18.00m,PSV Eindhoven,19,2021,10
503987,05/01/2022,18000000,€18.00m,PSV Eindhoven,19,2022,1
503987,06/01/2021,9000000,€9.00m,PSV Eindhoven,18,2021,1
503987,08/04/2020,4500000,€4.50m,PSV Eindhoven U21,18,2020,4
503987,08/06/2022,18000000,€18.00m,PSV Eindhoven,20,2022,6
503987,09/03/2021,14000000,€14.00m,PSV Eindhoven,18,2021,3
503987,09/12/2025,50000000,€50.00m,Arsenal FC,23,2025,12
503987,11/11/2022,15000000,€15.00m,PSV Eindhoven,20,2022,11
503987,12/03/2020,5000000,€5.00m,PSV Eindhoven U21,18,2020,3
503987,14/09/2022,15000000,€15.00m,PSV Eindhoven,20,2022,9
503987,14/10/2020,6000000,€6.00m,PSV Eindhoven,18,2020,10
503987,16/03/2023,28000000,€28.00m,Chelsea FC,21,2023,3
503987,16/12/2024,40000000,€40.00m,Chelsea FC,22,2024,12
503987,17/01/2020,2000000,€2.00m,PSV Eindhoven U21,17,2020,1
503987,17/10/2025,50000000,€50.00m,Arsenal FC,23,2025,10
503987,19/05/2021,16000000,€16.00m,PSV Eindhoven,19,2021,5
503987,19/12/2023,25000000,€25.00m,Chelsea FC,21,2023,12
503987,20/06/2023,30000000,€30.00m,Chelsea FC,21,2023,6
503987,27/05/2024,28000000,€28.00m,Chelsea FC,22,2024,5
503987,28/10/2019,600000,€600k,PSV Eindhoven U21,17,2019,10
503987,30/05/2025,40000000,€40.00m,Chelsea FC,23,2025,5
503991,03/06/2022,15000000,€15.00m,Valencia CF,19,2022,6
503991,05/01/2021,10000000,€10.00m,Valencia CF,18,2021,1
503991,05/06/2024,22000000,€22.00m,AC Milan,21,2024,6
503991,07/11/2022,20000000,€20.00m,Valencia CF,19,2022,11
503991,08/10/2020,5000000,€5.00m,Valencia CF,17,2020,10
503991,10/06/2021,15000000,€15.00m,Valencia CF,18,2021,6
503991,11/02/2020,200000,€200k,Valencia Mestalla,17,2020,2
503991,11/10/2023,20000000,€20.00m,AC Milan,20,2023,10
503991,13/06/2023,18000000,€18.00m,Valencia CF,20,2023,6
503991,17/06/2025,20000000,€20.00m,AC Milan,22,2025,6
503991,18/12/2024,22000000,€22.00m,AC Milan,22,2024,12
503991,20/12/2023,23000000,€23.00m,AC Milan,21,2023,12
503991,21/11/2019,200000,€200k,Valencia Mestalla,16,2019,11
503991,23/03/2023,22000000,€22.00m,Valencia CF,20,2023,3
503991,23/09/2022,25000000,€25.00m,Valencia CF,19,2022,9
503991,23/12/2022,25000000,€25.00m,Valencia CF,20,2022,12
503991,23/12/2025,18000000,€18.00m,Atalanta BC,23,2025,12
503991,30/12/2021,15000000,€15.00m,Valencia CF,19,2021,12
505653,04/11/2022,13000000,€13.00m,RSC Anderlecht,20,2022,11
505653,08/04/2020,9000000,€9.00m,FC Porto,17,2020,4
505653,08/06/2021,25000000,€25.00m,Wolverhampton Wanderers,18,2021,6
505653,09/06/2025,20000000,€20.00m,UD Las Palmas,22,2025,6
505653,09/10/2023,15000000,€15.00m,Wolverhampton Wanderers,21,2023,10
505653,11/10/2019,3000000,€3.00m,FC Porto,17,2019,10
505653,13/10/2020,25000000,€25.00m,Wolverhampton Wanderers,18,2020,10
505653,14/10/2025,28000000,€28.00m,Borussia Dortmund,23,2025,10
505653,15/06/2022,15000000,€15.00m,Wolverhampton Wanderers,19,2022,6
505653,17/08/2020,12000000,€12.00m,FC Porto,18,2020,8
505653,18/03/2021,25000000,€25.00m,Wolverhampton Wanderers,18,2021,3
505653,19/12/2023,13000000,€13.00m,Wolverhampton Wanderers,21,2023,12
505653,19/12/2025,28000000,€28.00m,Borussia Dortmund,23,2025,12
505653,21/03/2025,20000000,€20.00m,UD Las Palmas,22,2025,3
505653,23/06/2023,13000000,€13.00m,PSV Eindhoven,20,2023,6
505653,23/12/2021,22000000,€22.00m,Wolverhampton Wanderers,19,2021,12
505653,27/12/2024,18000000,€18.00m,UD Las Palmas,22,2024,12
505653,29/03/2022,18000000,€18.00m,Wolverhampton Wanderers,19,2022,3
505653,30/05/2024,11000000,€11.00m,Rangers FC,21,2024,5
505653,30/12/2019,10000000,€10.00m,FC Porto,17,2019,12
509022,05/06/2024,18000000,€18.00m,Juventus FC,25,2024,6
509022,06/06/2022,5000000,€5.00m,Frosinone Calcio,23,2022,6
509022,11/01/2021,100000,€100k,Aurora Pro Patria,22,2021,1
509022,11/11/2022,5000000,€5.00m,Juventus FC,24,2022,11
509022,13/12/2019,50000,€50k,ASDC Verbania,21,2019,12
509022,15/03/2022,4000000,€4.00m,Frosinone Calcio,23,2022,3
509022,15/06/2023,12000000,€12.00m,Juventus FC,24,2023,6
509022,17/06/2025,24000000,€24.00m,Juventus FC,26,2025,6
509022,18/10/2024,25000000,€25.00m,Juventus FC,26,2024,10
509022,18/12/2024,25000000,€25.00m,Juventus FC,26,2024,12
509022,20/12/2023,18000000,€18.00m,Juventus FC,25,2023,12
509022,21/06/2020,50000,€50k,ASDC Verbania,21,2020,6
509022,21/06/2021,175000,€175k,Aurora Pro Patria,22,2021,6
509022,23/12/2025,20000000,€20.00m,Juventus FC,27,2025,12
509022,29/12/2021,1500000,€1.50m,Frosinone Calcio,23,2021,12
509022,30/06/2019,25000,€25k,ASDC Verbania,21,2019,6
516716,03/06/2021,10000000,€10.00m,Torino FC,24,2021,6
516716,05/06/2024,60000000,€60.00m,Juventus FC,27,2024,6
516716,06/06/2019,2000000,€2.00m,Torino FC,22,2019,6
516716,07/06/2022,35000000,€35.00m,Torino FC,25,2022,6
516716,07/12/2017,800000,€800k,Atlético Mineiro U20,20,2017,12
516716,08/04/2020,3500000,€3.50m,Torino FC,23,2020,4
516716,08/10/2019,3500000,€3.50m,Torino FC,22,2019,10
516716,11/11/2022,40000000,€40.00m,Juventus FC,25,2022,11
516716,12/03/2024,60000000,€60.00m,Juventus FC,26,2024,3
516716,12/10/2018,2000000,€2.00m,Torino FC,21,2018,10
516716,12/12/2019,4500000,€4.50m,Torino FC,22,2019,12
516716,14/10/2021,15000000,€15.00m,Torino FC,24,2021,10
516716,15/03/2022,30000000,€30.00m,Torino FC,24,2022,3
516716,15/06/2023,40000000,€40.00m,Juventus FC,26,2023,6
516716,17/06/2025,50000000,€50.00m,Juventus FC,28,2025,6
516716,18/12/2024,60000000,€60.00m,Juventus FC,27,2024,12
516716,20/12/2018,2000000,€2.00m,Torino FC,21,2018,12
516716,20/12/2023,50000000,€50.00m,Juventus FC,26,2023,12
516716,23/03/2021,10000000,€10.00m,Torino FC,24,2021,3
516716,23/05/2018,1000000,€1.00m,Atlético Mineiro U20,21,2018,5
516716,23/12/2025,35000000,€35.00m,Juventus FC,28,2025,12
516716,25/03/2025,50000000,€50.00m,Juventus FC,28,2025,3
516716,25/08/2020,5000000,€5.00m,Torino FC,23,2020,8
516716,27/09/2022,40000000,€40.00m,Juventus FC,25,2022,9
516716,28/12/2021,20000000,€20.00m,Torino FC,24,2021,12
516716,29/12/2020,6000000,€6.00m,Torino FC,23,2020,12
516716,30/10/2017,750000,€750k,Atlético Mineiro U20,20,2017,10
517894,03/06/2022,30000000,€30.00m,Atlético de Madrid,23,2022,6
517894,05/06/2019,15000000,€15.00m,RB Leipzig,20,2019,6
517894,07/11/2022,20000000,€20.00m,Atlético de Madrid,23,2022,11
517894,08/01/2018,100000,€100k,FC Sion,18,2018,1
517894,08/04/2020,13500000,€13.50m,Hertha BSC,20,2020,4
517894,08/07/2020,22000000,€22.00m,Hertha BSC,21,2020,7
517894,09/06/2021,30000000,€30.00m,Hertha BSC,22,2021,6
517894,09/10/2023,28000000,€28.00m,Wolverhampton Wanderers,24,2023,10
517894,09/12/2025,70000000,€70.00m,Manchester United,26,2025,12
517894,10/02/2021,30000000,€30.00m,Hertha BSC,21,2021,2
517894,11/02/2020,15000000,€15.00m,Hertha BSC,20,2020,2
517894,12/07/2017,100000,€100k,FC Sion,18,2017,7
517894,14/03/2024,42000000,€42.00m,Wolverhampton Wanderers,24,2024,3
517894,16/03/2023,30000000,€30.00m,Wolverhampton Wanderers,23,2023,3
517894,16/12/2024,50000000,€50.00m,Wolverhampton Wanderers,25,2024,12
517894,17/10/2025,70000000,€70.00m,Manchester United,26,2025,10
517894,17/12/2019,13000000,€13.00m,RB Leipzig,20,2019,12
517894,18/03/2025,55000000,€55.00m,Wolverhampton Wanderers,25,2025,3
517894,18/12/2018,12500000,€12.50m,RB Leipzig,19,2018,12
517894,19/12/2023,32000000,€32.00m,Wolverhampton Wanderers,24,2023,12
517894,20/06/2023,25000000,€25.00m,Wolverhampton Wanderers,24,2023,6
517894,22/08/2018,12500000,€12.50m,RB Leipzig,19,2018,8
517894,24/04/2018,1500000,€1.50m,FC Sion,18,2018,4
517894,26/11/2020,32000000,€32.00m,Hertha BSC,21,2020,11
517894,27/05/2024,45000000,€45.00m,Wolverhampton Wanderers,25,2024,5
517894,30/05/2025,60000000,€60.00m,Wolverhampton Wanderers,26,2025,5
517894,30/12/2021,30000000,€30.00m,Atlético de Madrid,22,2021,12
518505,02/04/2020,1000000,€1.00m,SpVgg Greuther Fürth,19,2020,4
518505,05/06/2025,20000000,€20.00m,VfB Stuttgart,24,2025,6
518505,08/02/2021,1800000,€1.80m,SpVgg Greuther Fürth,19,2021,2
518505,08/04/2020,900000,€900k,SpVgg Greuther Fürth,19,2020,4
518505,09/06/2022,4500000,€4.50m,SpVgg Greuther Fürth,21,2022,6
518505,09/10/2024,13000000,€13.00m,VfB Stuttgart,23,2024,10
518505,09/11/2022,4500000,€4.50m,1.FC Union Berlin,21,2022,11
518505,13/12/2019,400000,€400k,SpVgg Greuther Fürth,18,2019,12
518505,14/10/2025,25000000,€25.00m,VfB Stuttgart,24,2025,10
518505,14/12/2023,4500000,€4.50m,VfB Stuttgart,22,2023,12
518505,15/07/2020,1200000,€1.20m,SpVgg Greuther Fürth,19,2020,7
518505,16/06/2021,1500000,€1.50m,SpVgg Greuther Fürth,20,2021,6
518505,19/12/2025,25000000,€25.00m,VfB Stuttgart,24,2025,12
518505,20/12/2024,20000000,€20.00m,VfB Stuttgart,23,2024,12
518505,22/06/2023,3000000,€3.00m,1.FC Union Berlin,22,2023,6
518505,22/12/2021,2000000,€2.00m,SpVgg Greuther Fürth,20,2021,12
518505,24/03/2022,4500000,€4.50m,SpVgg Greuther Fürth,21,2022,3
518505,25/09/2019,250000,€250k,SpVgg Greuther Fürth,18,2019,9
518505,27/03/2024,6000000,€6.00m,VfB Stuttgart,23,2024,3
518505,29/03/2023,3500000,€3.50m,1.FC Union Berlin,22,2023,3
518505,29/05/2024,9000000,€9.00m,VfB Stuttgart,23,2024,5
520624,03/11/2022,60000000,€60.00m,Newcastle United,24,2022,11
520624,04/06/2021,30000000,€30.00m,Olympique Lyon,23,2021,6
520624,07/12/2017,50000,€50k,Atlético Paranaense,20,2017,12
520624,08/04/2020,28000000,€28.00m,Olympique Lyon,22,2020,4
520624,09/10/2023,85000000,€85.00m,Newcastle United,25,2023,10
520624,09/12/2025,75000000,€75.00m,Newcastle United,28,2025,12
520624,13/03/2020,35000000,€35.00m,Olympique Lyon,22,2020,3
520624,15/06/2022,40000000,€40.00m,Newcastle United,24,2022,6
520624,15/09/2022,50000000,€50.00m,Newcastle United,24,2022,9
520624,15/10/2020,28000000,€28.00m,Olympique Lyon,22,2020,10
520624,16/12/2021,30000000,€30.00m,Olympique Lyon,24,2021,12
520624,16/12/2024,80000000,€80.00m,Newcastle United,27,2024,12
520624,18/02/2019,2000000,€2.00m,Club Athletico Paranaense,21,2019,2
520624,19/12/2023,85000000,€85.00m,Newcastle United,26,2023,12
520624,20/06/2023,70000000,€70.00m,Newcastle United,25,2023,6
520624,23/05/2018,400000,€400k,Atlético Paranaense,20,2018,5
520624,27/05/2024,85000000,€85.00m,Newcastle United,26,2024,5
520624,27/11/2019,20000000,€20.00m,Club Athletico Paranaense,22,2019,11
520624,28/05/2019,5000000,€5.00m,Club Athletico Paranaense,21,2019,5
520624,30/05/2025,80000000,€80.00m,Newcastle United,27,2025,5
521964,05/06/2024,25000000,€25.00m,AC Milan,22,2024,6
521964,08/07/2020,700000,€700k,FC Schalke 04,18,2020,7
521964,09/06/2021,3500000,€3.50m,FC Schalke 04,19,2021,6
521964,09/12/2025,40000000,€40.00m,Newcastle United,24,2025,12
521964,10/02/2021,2000000,€2.00m,FC Schalke 04,19,2021,2
521964,11/10/2023,30000000,€30.00m,AC Milan,22,2023,10
521964,11/11/2022,6000000,€6.00m,AC Milan,21,2022,11
521964,13/10/2021,4500000,€4.50m,FC Schalke 04,20,2021,10
521964,15/06/2023,20000000,€20.00m,AC Milan,21,2023,6
521964,15/12/2021,5000000,€5.00m,FC Schalke 04,20,2021,12
521964,16/06/2022,6000000,€6.00m,FC Schalke 04,20,2022,6
521964,16/09/2020,1000000,€1.00m,FC Schalke 04,19,2020,9
521964,17/06/2025,18000000,€18.00m,AC Milan,23,2025,6
521964,17/10/2025,30000000,€30.00m,Newcastle United,24,2025,10
521964,18/10/2024,20000000,€20.00m,AC Milan,23,2024,10
521964,18/12/2024,20000000,€20.00m,AC Milan,23,2024,12
521964,20/12/2023,30000000,€30.00m,AC Milan,22,2023,12
521964,21/03/2023,15000000,€15.00m,AC Milan,21,2023,3
521964,26/11/2020,2000000,€2.00m,FC Schalke 04,19,2020,11
522784,01/04/2022,12000000,€12.00m,New York City FC,23,2022,3
522784,05/02/2018,200000,€200k,Club Atlético Torque,19,2018,2
522784,05/06/2024,15000000,€15.00m,SS Lazio,25,2024,6
522784,07/11/2022,9000000,€9.00m,Girona FC,24,2022,11
522784,08/04/2020,900000,€900k,New York City FC,21,2020,4
522784,09/07/2021,4000000,€4.00m,New York City FC,22,2021,7
522784,09/11/2021,7000000,€7.00m,New York City FC,23,2021,11
522784,13/06/2023,15000000,€15.00m,Girona FC,24,2023,6
522784,15/08/2018,400000,€400k,New York City FC,19,2018,8
522784,15/12/2018,400000,€400k,New York City FC,20,2018,12
522784,17/06/2025,25000000,€25.00m,SS Lazio,26,2025,6
522784,18/10/2024,20000000,€20.00m,SS Lazio,26,2024,10
522784,18/12/2020,4000000,€4.00m,New York City FC,22,2020,12
522784,18/12/2024,20000000,€20.00m,SS Lazio,26,2024,12
522784,20/12/2023,15000000,€15.00m,SS Lazio,25,2023,12
522784,22/05/2017,75000,€75k,Club Universidad de Chile,18,2017,5
522784,23/03/2023,10000000,€10.00m,Girona FC,24,2023,3
522784,23/12/2025,25000000,€25.00m,SS Lazio,27,2025,12
522784,25/03/2025,25000000,€25.00m,SS Lazio,26,2025,3
522784,26/08/2020,1500000,€1.50m,New York City FC,21,2020,8
522784,27/05/2019,600000,€600k,New York City FC,20,2019,5
522784,30/11/2019,1000000,€1.00m,New York City FC,21,2019,11
524000,03/06/2022,12000000,€12.00m,Athletic Bilbao,22,2022,6
524000,07/06/2024,25000000,€25.00m,Athletic Bilbao,24,2024,6
524000,07/11/2022,14000000,€14.00m,Athletic Bilbao,23,2022,11
524000,08/01/2021,800000,€800k,CD Mirandés,21,2021,1
524000,08/10/2020,200000,€200k,CD Mirandés,21,2020,10
524000,09/06/2025,40000000,€40.00m,Athletic Bilbao,25,2025,6
524000,10/09/2019,250000,€250k,Bilbao Athletic,20,2019,9
524000,11/02/2020,200000,€200k,Bilbao Athletic,20,2020,2
524000,11/10/2024,30000000,€30.00m,Athletic Bilbao,25,2024,10
524000,12/12/2025,30000000,€30.00m,Athletic Bilbao,26,2025,12
524000,13/06/2023,14000000,€14.00m,Athletic Bilbao,23,2023,6
524000,13/10/2021,7500000,€7.50m,Athletic Bilbao,22,2021,10
524000,13/10/2023,15000000,€15.00m,Athletic Bilbao,24,2023,10
524000,18/02/2018,50000,€50k,Bilbao Athletic,18,2018,2
524000,19/02/2019,200000,€200k,Bilbao Athletic,19,2019,2
524000,19/03/2021,1000000,€1.00m,CD Mirandés,21,2021,3
524000,21/03/2022,12000000,€12.00m,Athletic Bilbao,22,2022,3
524000,21/03/2024,25000000,€25.00m,Athletic Bilbao,24,2024,3
524000,22/12/2023,20000000,€20.00m,Athletic Bilbao,24,2023,12
524000,23/09/2022,15000000,€15.00m,Athletic Bilbao,23,2022,9
524000,23/11/2020,600000,€600k,CD Mirandés,21,2020,11
524000,24/06/2021,1500000,€1.50m,CD Mirandés,21,2021,6
524000,27/12/2024,40000000,€40.00m,Athletic Bilbao,25,2024,12
524000,29/06/2019,250000,€250k,Bilbao Athletic,19,2019,6
524000,30/05/2018,50000,€50k,Bilbao Athletic,18,2018,5
524000,30/12/2021,7500000,€7.50m,Athletic Bilbao,22,2021,12
524290,09/06/2022,400000,€400k,TSG 1899 Hoffenheim,19,2022,6
524290,09/11/2022,400000,€400k,TSG 1899 Hoffenheim,20,2022,11
524290,11/12/2023,800000,€800k,Austria Vienna,21,2023,12
524290,14/10/2025,18000000,€18.00m,TSG 1899 Hoffenheim,23,2025,10
524290,15/02/2021,500000,€500k,TSG 1899 Hoffenheim II,18,2021,2
524290,15/09/2020,300000,€300k,TSG 1899 Hoffenheim II,18,2020,9
524290,19/06/2025,8000000,€8.00m,SV 07 Elversberg,22,2025,6
524290,19/12/2024,3000000,€3.00m,SV 07 Elversberg,22,2024,12
524290,19/12/2025,30000000,€30.00m,TSG 1899 Hoffenheim,23,2025,12
524290,21/05/2024,800000,€800k,Austria Vienna,21,2024,5
524290,22/06/2023,800000,€800k,TSG 1899 Hoffenheim,20,2023,6
524290,25/09/2024,1200000,€1.20m,SV 07 Elversberg,22,2024,9
524290,26/03/2025,4000000,€4.00m,SV 07 Elversberg,22,2025,3
524290,29/03/2023,800000,€800k,TSG 1899 Hoffenheim,20,2023,3
524290,30/06/2021,400000,€400k,TSG 1899 Hoffenheim II,18,2021,6
524290,31/12/2021,400000,€400k,TSG 1899 Hoffenheim II,19,2021,12
525704,03/06/2021,5000000,€5.00m,Genoa CFC,19,2021,6
525704,05/06/2024,18000000,€18.00m,SS Lazio,22,2024,6
525704,07/06/2022,10000000,€10.00m,Genoa CFC,20,2022,6
525704,11/11/2022,12000000,€12.00m,AC Monza,20,2022,11
525704,14/10/2021,6000000,€6.00m,Genoa CFC,19,2021,10
525704,15/06/2023,18000000,€18.00m,AC Monza,21,2023,6
525704,17/06/2025,30000000,€30.00m,SS Lazio,23,2025,6
525704,18/12/2024,25000000,€25.00m,SS Lazio,23,2024,12
525704,20/12/2023,18000000,€18.00m,SS Lazio,22,2023,12
525704,23/12/2025,28000000,€28.00m,SS Lazio,24,2025,12
525704,25/03/2025,28000000,€28.00m,SS Lazio,23,2025,3
525704,26/06/2020,800000,€800k,Genoa U19,18,2020,6
525704,28/12/2021,10000000,€10.00m,Genoa CFC,20,2021,12
525704,29/10/2020,2500000,€2.50m,Genoa CFC,18,2020,10
525704,29/12/2020,4000000,€4.00m,Genoa CFC,19,2020,12
526845,05/06/2025,18000000,€18.00m,SC Freiburg,23,2025,6
526845,09/06/2022,1500000,€1.50m,SC Freiburg,20,2022,6
526845,09/11/2022,2000000,€2.00m,SC Freiburg,20,2022,11
526845,11/10/2021,500000,€500k,SC Freiburg,19,2021,10
526845,13/06/2023,3500000,€3.50m,SC Freiburg,21,2023,6
526845,14/12/2023,6500000,€6.50m,SC Freiburg,21,2023,12
526845,15/02/2021,250000,€250k,SC Freiburg II,18,2021,2
526845,15/09/2020,25000,€25k,SC Freiburg II,18,2020,9
526845,18/10/2023,5000000,€5.00m,SC Freiburg,21,2023,10
526845,19/12/2025,20000000,€20.00m,SC Freiburg,23,2025,12
526845,20/12/2024,10000000,€10.00m,SC Freiburg,22,2024,12
526845,22/12/2021,1500000,€1.50m,SC Freiburg,19,2021,12
526845,27/03/2024,8000000,€8.00m,SC Freiburg,21,2024,3
526845,27/03/2025,15000000,€15.00m,SC Freiburg,22,2025,3
526845,29/05/2024,10000000,€10.00m,SC Freiburg,22,2024,5
526845,30/06/2021,350000,€350k,SC Freiburg II,19,2021,6
527966,07/06/2024,1400000,€1.40m,Rayo Vallecano,25,2024,6
527966,09/06/2025,12000000,€12.00m,Rayo Vallecano,26,2025,6
527966,10/09/2019,300000,€300k,Villarreal CF B,21,2019,9
527966,11/02/2020,300000,€300k,Villarreal CF B,21,2020,2
527966,11/10/2024,4000000,€4.00m,Rayo Vallecano,26,2024,10
527966,12/12/2025,18000000,€18.00m,Rayo Vallecano,27,2025,12
527966,13/10/2021,600000,€600k,SD Huesca,23,2021,10
527966,14/06/2023,1500000,€1.50m,SD Huesca,24,2023,6
527966,14/10/2020,300000,€300k,ADO Den Haag,22,2020,10
527966,18/07/2024,3000000,€3.00m,Rayo Vallecano,26,2024,7
527966,19/02/2019,250000,€250k,Villarreal CF B,20,2019,2
527966,19/03/2021,300000,€300k,Villarreal CF,22,2021,3
527966,21/03/2025,12000000,€12.00m,Rayo Vallecano,26,2025,3
527966,22/12/2023,1500000,€1.50m,Rayo Vallecano,25,2023,12
527966,24/03/2023,1500000,€1.50m,SD Huesca,24,2023,3
527966,27/12/2021,1000000,€1.00m,SD Huesca,23,2021,12
527966,27/12/2024,7000000,€7.00m,Rayo Vallecano,26,2024,12
527966,29/06/2019,300000,€300k,Villarreal CF B,21,2019,6
527966,29/06/2022,1000000,€1.00m,SD Huesca,24,2022,6
527966,29/12/2022,1000000,€1.00m,SD Huesca,24,2022,12
527966,30/06/2021,300000,€300k,Villarreal CF,23,2021,6
527966,31/10/2018,150000,€150k,Villarreal CF B,20,2018,10
532775,02/11/2022,8000000,€8.00m,OGC Nice,21,2022,11
532775,03/06/2024,12000000,€12.00m,OGC Nice,23,2024,6
532775,03/06/2025,15000000,€15.00m,OGC Nice,24,2025,6
532775,03/08/2020,1500000,€1.50m,Olympique Lyon,19,2020,8
532775,04/06/2021,5000000,€5.00m,Olympique Lyon,20,2021,6
532775,08/10/2021,8000000,€8.00m,OGC Nice,20,2021,10
532775,10/12/2024,12000000,€12.00m,OGC Nice,24,2024,12
532775,15/10/2020,4000000,€4.00m,Olympique Lyon,19,2020,10
532775,15/12/2025,10000000,€10.00m,OGC Nice,25,2025,12
532775,16/10/2023,9000000,€9.00m,OGC Nice,22,2023,10
532775,16/12/2021,9000000,€9.00m,OGC Nice,21,2021,12
532775,18/12/2023,12000000,€12.00m,OGC Nice,23,2023,12
532775,27/06/2023,7000000,€7.00m,OGC Nice,22,2023,6
532775,30/05/2022,9000000,€9.00m,OGC Nice,21,2022,5
532826,01/09/2023,5000000,€5.00m,Getafe CF,21,2023,8
532826,03/06/2025,40000000,€40.00m,Olympique Marseille,23,2025,6
532826,07/06/2024,25000000,€25.00m,Getafe CF,22,2024,6
532826,07/08/2019,7000000,€7.00m,Manchester United,17,2019,8
532826,07/10/2024,35000000,€35.00m,Olympique Marseille,23,2024,10
532826,08/04/2020,29000000,€29.00m,Manchester United,18,2020,4
532826,09/03/2020,32000000,€32.00m,Manchester United,18,2020,3
532826,10/12/2019,20000000,€20.00m,Manchester United,18,2019,12
532826,10/12/2024,35000000,€35.00m,Olympique Marseille,23,2024,12
532826,12/09/2019,10000000,€10.00m,Manchester United,17,2019,9
532826,13/10/2020,50000000,€50.00m,Manchester United,19,2020,10
532826,15/12/2025,50000000,€50.00m,Olympique Marseille,24,2025,12
532826,18/03/2021,50000000,€50.00m,Manchester United,19,2021,3
532826,21/03/2024,15000000,€15.00m,Getafe CF,22,2024,3
532826,22/12/2023,7500000,€7.50m,Getafe CF,22,2023,12
532826,23/12/2021,50000000,€50.00m,Manchester United,20,2021,12
532826,28/05/2021,50000000,€50.00m,Manchester United,19,2021,5
532826,29/03/2022,0,-,Manchester United,20,2022,3
532826,30/07/2020,45000000,€45.00m,Manchester United,18,2020,7
533295,02/06/2021,1500000,€1.50m,Austria Vienna,20,2021,6
533295,03/12/2019,200000,€200k,Young Violets Austria Wien,18,2019,12
533295,05/06/2025,15000000,€15.00m,VfL Wolfsburg,24,2025,6
533295,05/07/2019,100000,€100k,Young Violets Austria Wien,18,2019,7
533295,09/06/2022,8000000,€8.00m,Arminia Bielefeld,21,2022,6
533295,09/11/2022,8000000,€8.00m,VfL Wolfsburg,21,2022,11
533295,12/10/2020,1500000,€1.50m,Austria Vienna,19,2020,10
533295,14/12/2023,18000000,€18.00m,VfL Wolfsburg,22,2023,12
533295,19/12/2025,15000000,€15.00m,VfL Wolfsburg,24,2025,12
533295,20/12/2024,12000000,€12.00m,VfL Wolfsburg,23,2024,12
533295,21/12/2020,1500000,€1.50m,Austria Vienna,19,2020,12
533295,22/06/2023,18000000,€18.00m,VfL Wolfsburg,22,2023,6
533295,22/07/2020,800000,€800k,Austria Vienna,19,2020,7
533295,22/12/2021,4000000,€4.00m,Arminia Bielefeld,20,2021,12
533295,24/03/2022,8000000,€8.00m,Arminia Bielefeld,20,2022,3
533295,27/03/2025,15000000,€15.00m,VfL Wolfsburg,23,2025,3
533295,29/03/2023,12000000,€12.00m,VfL Wolfsburg,21,2023,3
533295,29/05/2024,15000000,€15.00m,VfL Wolfsburg,22,2024,5
533354,02/10/2025,1000000,€1.00m,Deportivo Alavés,26,2025,10
533354,04/07/2023,4500000,€4.50m,CA Colón,23,2023,7
533354,05/12/2019,50000,€50k,Club Atlético Colón II,20,2019,12
533354,06/08/2019,50000,€50k,Club Atlético Colón II,19,2019,8
533354,08/02/2021,150000,€150k,CA Colón,21,2021,2
533354,08/02/2022,4000000,€4.00m,CA Colón,22,2022,2
533354,08/12/2025,0,-,Deportivo Alavés,26,2025,12
533354,09/06/2025,2000000,€2.00m,Deportivo Alavés,25,2025,6
533354,09/10/2017,50000,€50k,Club Atlético Colón II,18,2017,10
533354,11/02/2026,1000000,€1.00m,Deportivo Alavés,26,2026,2
533354,11/06/2021,3500000,€3.50m,CA Colón,21,2021,6
533354,19/12/2023,3000000,€3.00m,CA Colón,24,2023,12
533354,20/10/2021,3500000,€3.50m,CA Colón,22,2021,10
533354,24/05/2022,4500000,€4.50m,CA Colón,22,2022,5
533354,26/06/2024,1800000,€1.80m,CA Colón,24,2024,6
533354,26/10/2022,4500000,€4.50m,CA Colón,23,2022,10
533354,29/11/2024,1200000,€1.20m,CA Colón,25,2024,11
533738,02/11/2022,45000000,€45.00m,LOSC Lille,22,2022,11
533738,03/06/2024,50000000,€50.00m,LOSC Lille,24,2024,6
533738,03/06/2025,45000000,€45.00m,LOSC Lille,25,2025,6
533738,04/03/2019,5000000,€5.00m,KAA Gent,19,2019,3
533738,04/06/2021,35000000,€35.00m,LOSC Lille,21,2021,6
533738,06/08/2020,25000000,€25.00m,KAA Gent,20,2020,8
533738,07/06/2018,100000,€100k,KAA Gent U21,18,2018,6
533738,07/10/2024,45000000,€45.00m,LOSC Lille,24,2024,10
533738,08/04/2020,22500000,€22.50m,KAA Gent,20,2020,4
533738,10/06/2019,9000000,€9.00m,KAA Gent,19,2019,6
533738,10/12/2024,45000000,€45.00m,LOSC Lille,24,2024,12
533738,11/09/2018,2000000,€2.00m,KAA Gent,18,2018,9
533738,13/09/2019,15000000,€15.00m,KAA Gent,19,2019,9
533738,13/12/2019,20000000,€20.00m,KAA Gent,19,2019,12
533738,15/10/2020,30000000,€30.00m,LOSC Lille,20,2020,10
533738,16/12/2021,50000000,€50.00m,LOSC Lille,21,2021,12
533738,18/12/2023,50000000,€50.00m,LOSC Lille,23,2023,12
533738,23/12/2025,35000000,€35.00m,Juventus FC,25,2025,12
533738,27/03/2023,60000000,€60.00m,LOSC Lille,23,2023,3
533738,27/06/2023,60000000,€60.00m,LOSC Lille,23,2023,6
533738,27/12/2018,2000000,€2.00m,KAA Gent,18,2018,12
533738,30/03/2020,25000000,€25.00m,KAA Gent,20,2020,3
533738,30/05/2022,45000000,€45.00m,LOSC Lille,22,2022,5
534033,03/11/2022,32000000,€32.00m,Brighton & Hove Albion,23,2022,11
534033,05/12/2019,12500000,€12.50m,CA Boca Juniors,20,2019,12
534033,06/08/2019,10000000,€10.00m,CA Boca Juniors,20,2019,8
534033,08/04/2020,11000000,€11.00m,Brighton & Hove Albion,21,2020,4
534033,08/05/2018,4000000,€4.00m,AA Argentinos Juniors,19,2018,5
534033,08/06/2021,10000000,€10.00m,Brighton & Hove Albion,22,2021,6
534033,09/10/2017,300000,€300k,AA Argentinos Juniors,18,2017,10
534033,09/12/2025,85000000,€85.00m,Liverpool FC,26,2025,12
534033,13/10/2020,11000000,€11.00m,Brighton & Hove Albion,21,2020,10
534033,14/03/2024,70000000,€70.00m,Liverpool FC,25,2024,3
534033,15/06/2022,16000000,€16.00m,Brighton & Hove Albion,23,2022,6
534033,15/09/2022,25000000,€25.00m,Brighton & Hove Albion,23,2022,9
534033,16/12/2024,80000000,€80.00m,Liverpool FC,25,2024,12
534033,18/03/2021,10000000,€10.00m,Brighton & Hove Albion,22,2021,3
534033,18/03/2025,90000000,€90.00m,Liverpool FC,26,2025,3
534033,18/12/2018,5000000,€5.00m,AA Argentinos Juniors,19,2018,12
534033,19/12/2023,65000000,€65.00m,Liverpool FC,24,2023,12
534033,20/06/2023,65000000,€65.00m,Brighton & Hove Albion,24,2023,6
534033,23/12/2021,10000000,€10.00m,Brighton & Hove Albion,22,2021,12
534033,23/12/2022,42000000,€42.00m,Brighton & Hove Albion,23,2022,12
534033,27/05/2024,75000000,€75.00m,Liverpool FC,25,2024,5
534033,30/05/2025,100000000,€100.00m,Liverpool FC,26,2025,5
536835,01/06/2023,18000000,€18.00m,Manchester United,20,2023,5
536835,01/10/2024,22000000,€22.00m,Manchester United,22,2024,9
536835,08/06/2021,18000000,€18.00m,Manchester United,18,2021,6
536835,09/12/2025,50000000,€50.00m,Manchester United,23,2025,12
536835,14/09/2022,10000000,€10.00m,Sunderland AFC,20,2022,9
536835,15/06/2022,15000000,€15.00m,Manchester United,19,2022,6
536835,16/12/2024,25000000,€25.00m,Manchester United,22,2024,12
536835,17/10/2025,40000000,€40.00m,Manchester United,23,2025,10
536835,18/03/2021,15000000,€15.00m,Manchester United,18,2021,3
536835,18/03/2025,40000000,€40.00m,Manchester United,22,2025,3
536835,19/12/2023,18000000,€18.00m,Manchester United,21,2023,12
536835,23/12/2021,18000000,€18.00m,Manchester United,19,2021,12
536835,24/03/2023,13000000,€13.00m,Sunderland AFC,20,2023,3
536835,27/05/2024,18000000,€18.00m,Manchester United,21,2024,5
536835,27/10/2022,7000000,€7.00m,Sunderland AFC,20,2022,10
536835,29/10/2020,15000000,€15.00m,Atalanta BC,18,2020,10
536835,29/12/2020,15000000,€15.00m,Atalanta BC,18,2020,12
536835,30/05/2025,45000000,€45.00m,Manchester United,22,2025,5
537598,03/11/2022,30000000,€30.00m,Arsenal FC,22,2022,11
537598,08/04/2020,625000,€625k,FC Porto B,19,2020,4
537598,10/03/2022,17000000,€17.00m,FC Porto,21,2022,3
537598,14/03/2024,25000000,€25.00m,Arsenal FC,23,2024,3
537598,14/10/2025,18000000,€18.00m,Hamburger SV,25,2025,10
537598,15/09/2022,30000000,€30.00m,Arsenal FC,22,2022,9
537598,16/03/2023,27000000,€27.00m,Arsenal FC,22,2023,3
537598,17/08/2020,7000000,€7.00m,FC Porto,20,2020,8
537598,19/12/2023,28000000,€28.00m,Arsenal FC,23,2023,12
537598,19/12/2024,22000000,€22.00m,FC Porto,24,2024,12
537598,19/12/2025,18000000,€18.00m,Hamburger SV,25,2025,12
537598,20/06/2023,25000000,€25.00m,Arsenal FC,23,2023,6
537598,21/05/2021,9000000,€9.00m,FC Porto,20,2021,5
537598,27/05/2024,22000000,€22.00m,Arsenal FC,23,2024,5
537598,27/12/2021,10000000,€10.00m,FC Porto,21,2021,12
537598,28/01/2021,9000000,€9.00m,FC Porto,20,2021,1
537598,30/05/2025,22000000,€22.00m,FC Porto,25,2025,5
537598,31/05/2022,25000000,€25.00m,FC Porto,22,2022,5
537598,31/12/2019,700000,€700k,FC Porto B,19,2019,12
541555,08/01/2021,500000,€500k,Albacete Balompié,19,2021,1
541555,09/06/2025,20000000,€20.00m,CA Osasuna,23,2025,6
541555,11/10/2024,10000000,€10.00m,CA Osasuna,23,2024,10
541555,12/12/2025,20000000,€20.00m,CA Osasuna,24,2025,12
541555,14/06/2023,1200000,€1.20m,Albacete Balompié,21,2023,6
541555,20/12/2023,1600000,€1.60m,Real Valladolid CF,22,2023,12
541555,23/11/2020,200000,€200k,Albacete Balompié,19,2020,11
541555,24/03/2023,1000000,€1.00m,Albacete Balompié,21,2023,3
541555,24/06/2021,500000,€500k,Albacete Balompié,19,2021,6
541555,24/06/2024,3000000,€3.00m,Real Valladolid CF,22,2024,6
541555,26/03/2024,2200000,€2.20m,Real Valladolid CF,22,2024,3
541555,27/12/2024,20000000,€20.00m,CA Osasuna,23,2024,12
541555,29/06/2022,400000,€400k,Albacete Balompié,20,2022,6
541555,29/12/2022,800000,€800k,Albacete Balompié,21,2022,12
541555,30/12/2021,400000,€400k,Albacete Balompié,20,2021,12
543499,05/01/2022,15000000,€15.00m,Ajax Amsterdam,21,2022,1
543499,06/01/2021,15000000,€15.00m,Ajax Amsterdam,20,2021,1
543499,08/04/2020,2700000,€2.70m,FC Nordsjaelland,19,2020,4
543499,08/06/2019,800000,€800k,FC Nordsjaelland,18,2019,6
543499,08/06/2022,10000000,€10.00m,Ajax Amsterdam,21,2022,6
543499,09/09/2019,1000000,€1.00m,FC Nordsjaelland,19,2019,9
543499,09/12/2025,55000000,€55.00m,Tottenham Hotspur,25,2025,12
543499,11/11/2022,15000000,€15.00m,Ajax Amsterdam,22,2022,11
543499,14/03/2024,50000000,€50.00m,West Ham United,23,2024,3
543499,14/10/2020,12000000,€12.00m,Ajax Amsterdam,20,2020,10
543499,16/12/2024,50000000,€50.00m,West Ham United,24,2024,12
543499,17/03/2022,11000000,€11.00m,Ajax Amsterdam,21,2022,3
543499,17/03/2023,30000000,€30.00m,Ajax Amsterdam,22,2023,3
543499,17/10/2025,55000000,€55.00m,Tottenham Hotspur,25,2025,10
543499,19/05/2021,15000000,€15.00m,Ajax Amsterdam,20,2021,5
543499,19/12/2023,45000000,€45.00m,West Ham United,23,2023,12
543499,21/12/2018,400000,€400k,FC Nordsjaelland,18,2018,12
543499,22/12/2019,3000000,€3.00m,FC Nordsjaelland,19,2019,12
543499,23/06/2023,40000000,€40.00m,Ajax Amsterdam,22,2023,6
543499,23/12/2022,20000000,€20.00m,Ajax Amsterdam,22,2022,12
543499,27/05/2024,50000000,€50.00m,West Ham United,23,2024,5
543499,30/05/2025,45000000,€45.00m,West Ham United,24,2025,5
543499,30/07/2020,9000000,€9.00m,FC Nordsjaelland,19,2020,7
548111,05/01/2021,2000000,€2.00m,Villarreal CF,19,2021,1
548111,07/06/2024,40000000,€40.00m,Villarreal CF,22,2024,6
548111,07/11/2022,15000000,€15.00m,Villarreal CF,21,2022,11
548111,08/10/2020,200000,€200k,Villarreal CF,19,2020,10
548111,08/12/2020,2000000,€2.00m,Villarreal CF,19,2020,12
548111,09/06/2025,55000000,€55.00m,Villarreal CF,23,2025,6
548111,10/06/2021,2500000,€2.50m,Villarreal CF,19,2021,6
548111,11/02/2020,200000,€200k,Villarreal CF B,18,2020,2
548111,11/10/2024,50000000,€50.00m,Villarreal CF,23,2024,10
548111,12/12/2025,55000000,€55.00m,Atlético de Madrid,24,2025,12
548111,13/06/2023,20000000,€20.00m,Villarreal CF,21,2023,6
548111,21/11/2019,200000,€200k,Villarreal CF B,18,2019,11
548111,22/12/2023,25000000,€25.00m,Villarreal CF,22,2023,12
548111,23/03/2023,20000000,€20.00m,Villarreal CF,21,2023,3
548111,23/09/2022,10000000,€10.00m,Villarreal CF,21,2022,9
548111,27/12/2021,2500000,€2.50m,Girona FC,20,2021,12
548111,27/12/2024,50000000,€50.00m,Villarreal CF,23,2024,12
548111,29/06/2022,3000000,€3.00m,Girona FC,20,2022,6
548254,02/10/2024,4000000,€4.00m,Standard Liège,21,2024,10
548254,04/06/2024,3500000,€3.50m,Standard Liège,20,2024,6
548254,04/11/2022,600000,€600k,Standard Liège,19,2022,11
548254,06/01/2022,350000,€350k,Standard Liège,18,2022,1
548254,06/10/2021,350000,€350k,Standard Liège,18,2021,10
548254,07/06/2021,200000,€200k,Standard de Liège U21,17,2021,6
548254,07/09/2022,600000,€600k,Standard Liège,19,2022,9
548254,09/06/2023,600000,€600k,Standard Liège,19,2023,6
548254,10/10/2025,7000000,€7.00m,LOSC Lille,22,2025,10
548254,11/12/2024,3500000,€3.50m,Standard Liège,21,2024,12
548254,12/04/2022,450000,€450k,Standard Liège,18,2022,4
548254,12/06/2025,3500000,€3.50m,Standard Liège,22,2025,6
548254,15/12/2025,10000000,€10.00m,LOSC Lille,22,2025,12
548254,19/12/2023,4000000,€4.00m,Standard Liège,20,2023,12
548254,23/10/2023,2000000,€2.00m,Standard Liège,20,2023,10
550550,01/11/2022,24000000,€24.00m,SL Benfica,21,2022,10
550550,02/03/2023,40000000,€40.00m,SL Benfica,21,2023,3
550550,03/06/2024,50000000,€50.00m,Paris Saint-Germain,22,2024,6
550550,03/06/2025,40000000,€40.00m,Paris Saint-Germain,23,2025,6
550550,08/04/2020,675000,€675k,SL Benfica B,18,2020,4
550550,10/03/2022,10000000,€10.00m,SL Benfica,20,2022,3
550550,10/12/2024,50000000,€50.00m,Paris Saint-Germain,23,2024,12
550550,15/12/2025,35000000,€35.00m,Paris Saint-Germain,24,2025,12
550550,16/06/2023,50000000,€50.00m,SL Benfica,21,2023,6
550550,16/09/2022,20000000,€20.00m,SL Benfica,21,2022,9
550550,18/12/2023,50000000,€50.00m,Paris Saint-Germain,22,2023,12
550550,21/05/2021,8000000,€8.00m,SL Benfica,19,2021,5
550550,22/10/2020,5000000,€5.00m,SL Benfica,19,2020,10
550550,23/12/2022,30000000,€30.00m,SL Benfica,21,2022,12
550550,24/03/2025,45000000,€45.00m,Paris Saint-Germain,23,2025,3
550550,27/12/2021,8000000,€8.00m,SL Benfica,20,2021,12
550550,28/01/2021,7500000,€7.50m,SL Benfica,19,2021,1
550550,31/05/2022,14000000,€14.00m,SL Benfica,20,2022,5
550550,31/12/2019,750000,€750k,SL Benfica B,18,2019,12
552955,07/10/2025,25000000,€25.00m,AC Milan,24,2025,10
552955,10/01/2020,100000,€100k,CD Cruz Azul,18,2020,1
552955,11/04/2022,4000000,€4.00m,CD Cruz Azul,20,2022,4
552955,11/11/2022,6000000,€6.00m,Feyenoord Rotterdam,21,2022,11
552955,13/08/2019,100000,€100k,CD Cruz Azul U20,18,2019,8
552955,15/10/2021,4000000,€4.00m,CD Cruz Azul,20,2021,10
552955,15/12/2023,50000000,€50.00m,Feyenoord Rotterdam,22,2023,12
552955,17/03/2023,9000000,€9.00m,Feyenoord Rotterdam,21,2023,3
552955,17/06/2025,30000000,€30.00m,AC Milan,24,2025,6
552955,17/10/2023,40000000,€40.00m,Feyenoord Rotterdam,22,2023,10
552955,17/12/2024,37000000,€37.00m,Feyenoord Rotterdam,23,2024,12
552955,18/03/2024,45000000,€45.00m,Feyenoord Rotterdam,22,2024,3
552955,18/12/2020,2500000,€2.50m,CD Cruz Azul,19,2020,12
552955,21/04/2021,2500000,€2.50m,CD Cruz Azul,20,2021,4
552955,23/06/2023,25000000,€25.00m,Feyenoord Rotterdam,22,2023,6
552955,23/12/2025,20000000,€20.00m,AC Milan,24,2025,12
552955,27/06/2020,1500000,€1.50m,CD Cruz Azul,19,2020,6
552955,31/05/2024,40000000,€40.00m,Feyenoord Rotterdam,23,2024,5
553875,01/11/2022,25000000,€25.00m,Sporting CP,23,2022,10
553875,05/07/2018,1000000,€1.00m,CF Peralada,18,2018,7
553875,08/04/2020,9000000,€9.00m,Real Valladolid CF,20,2020,4
553875,09/12/2025,40000000,€40.00m,Tottenham Hotspur,26,2025,12
553875,11/06/2019,10000000,€10.00m,Girona FC,19,2019,6
553875,16/03/2023,35000000,€35.00m,Tottenham Hotspur,23,2023,3
553875,16/12/2024,45000000,€45.00m,Tottenham Hotspur,25,2024,12
553875,17/10/2025,40000000,€40.00m,Tottenham Hotspur,26,2025,10
553875,19/12/2023,45000000,€45.00m,Tottenham Hotspur,24,2023,12
553875,20/06/2023,40000000,€40.00m,Tottenham Hotspur,23,2023,6
553875,20/12/2019,10000000,€10.00m,Real Valladolid CF,20,2019,12
553875,21/12/2018,10000000,€10.00m,Girona FC,19,2018,12
553875,22/10/2020,9000000,€9.00m,Sporting CP,21,2020,10
553875,25/03/2021,17000000,€17.00m,Sporting CP,21,2021,3
553875,27/05/2024,45000000,€45.00m,Tottenham Hotspur,24,2024,5
553875,27/12/2021,25000000,€25.00m,Sporting CP,22,2021,12
553875,28/01/2021,11000000,€11.00m,Sporting CP,21,2021,1
553875,30/05/2025,38000000,€38.00m,Tottenham Hotspur,25,2025,5
553875,31/05/2021,20000000,€20.00m,Sporting CP,21,2021,5
553875,31/05/2022,25000000,€25.00m,Sporting CP,22,2022,5
553875,31/10/2018,5000000,€5.00m,Girona FC,19,2018,10
556385,03/06/2021,1000000,€1.00m,Hellas Verona,18,2021,6
556385,07/06/2022,17000000,€17.00m,Udinese Calcio,19,2022,6
556385,09/10/2023,38000000,€38.00m,Tottenham Hotspur,20,2023,10
556385,09/12/2025,40000000,€40.00m,Tottenham Hotspur,23,2025,12
556385,11/11/2022,22000000,€22.00m,Tottenham Hotspur,19,2022,11
556385,14/03/2024,45000000,€45.00m,Tottenham Hotspur,21,2024,3
556385,14/10/2021,4000000,€4.00m,Udinese Calcio,18,2021,10
556385,15/03/2022,9000000,€9.00m,Udinese Calcio,19,2022,3
556385,15/06/2023,25000000,€25.00m,Tottenham Hotspur,20,2023,6
556385,16/12/2024,45000000,€45.00m,Tottenham Hotspur,22,2024,12
556385,19/12/2023,40000000,€40.00m,Tottenham Hotspur,21,2023,12
556385,27/05/2024,45000000,€45.00m,Tottenham Hotspur,21,2024,5
556385,27/09/2022,20000000,€20.00m,Tottenham Hotspur,19,2022,9
556385,28/12/2021,7000000,€7.00m,Udinese Calcio,19,2021,12
556385,29/10/2020,600000,€600k,Hellas Verona,17,2020,10
556385,29/12/2020,1000000,€1.00m,Hellas Verona,18,2020,12
556385,30/05/2025,40000000,€40.00m,Tottenham Hotspur,22,2025,5
557149,03/06/2022,6000000,€6.00m,RCD Mallorca,21,2022,6
557149,03/06/2024,25000000,€25.00m,Paris Saint-Germain,23,2024,6
557149,03/06/2025,25000000,€25.00m,Paris Saint-Germain,24,2025,6
557149,05/01/2021,15000000,€15.00m,Valencia CF,19,2021,1
557149,05/03/2020,15000000,€15.00m,Valencia CF,19,2020,3
557149,07/11/2022,12000000,€12.00m,RCD Mallorca,21,2022,11
557149,08/04/2020,13500000,€13.50m,Valencia CF,19,2020,4
557149,08/10/2020,20000000,€20.00m,Valencia CF,19,2020,10
557149,10/06/2021,10000000,€10.00m,Valencia CF,20,2021,6
557149,10/09/2019,20000000,€20.00m,Valencia CF,18,2019,9
557149,10/12/2024,30000000,€30.00m,Paris Saint-Germain,23,2024,12
557149,11/06/2019,10000000,€10.00m,Valencia CF,18,2019,6
557149,13/06/2023,22000000,€22.00m,RCD Mallorca,22,2023,6
557149,15/12/2025,25000000,€25.00m,Paris Saint-Germain,24,2025,12
557149,18/12/2023,22000000,€22.00m,Paris Saint-Germain,22,2023,12
557149,20/12/2019,20000000,€20.00m,Valencia CF,18,2019,12
557149,21/03/2022,8000000,€8.00m,RCD Mallorca,21,2022,3
557149,23/03/2023,15000000,€15.00m,RCD Mallorca,22,2023,3
557149,23/09/2022,9000000,€9.00m,RCD Mallorca,21,2022,9
557149,25/08/2018,1000000,€1.00m,Valencia Mestalla,17,2018,8
557149,28/02/2019,7500000,€7.50m,Valencia CF,18,2019,2
557149,30/05/2018,100000,€100k,Valencia Mestalla,17,2018,5
557149,30/12/2021,10000000,€10.00m,RCD Mallorca,20,2021,12
557459,07/10/2021,3000000,€3.00m,VfL Wolfsburg,20,2021,10
557459,08/04/2020,1100000,€1.10m,FC Volendam,18,2020,4
557459,09/06/2022,4000000,€4.00m,VfL Wolfsburg,21,2022,6
557459,09/10/2023,40000000,€40.00m,Tottenham Hotspur,22,2023,10
557459,09/11/2022,8000000,€8.00m,VfL Wolfsburg,21,2022,11
557459,09/12/2025,65000000,€65.00m,Tottenham Hotspur,24,2025,12
557459,14/03/2024,50000000,€50.00m,Tottenham Hotspur,22,2024,3
557459,16/12/2024,55000000,€55.00m,Tottenham Hotspur,23,2024,12
557459,17/01/2020,1250000,€1.25m,FC Volendam,18,2020,1
557459,17/10/2025,55000000,€55.00m,Tottenham Hotspur,24,2025,10
557459,19/12/2023,45000000,€45.00m,Tottenham Hotspur,22,2023,12
557459,21/09/2022,8000000,€8.00m,VfL Wolfsburg,21,2022,9
557459,22/06/2023,30000000,€30.00m,VfL Wolfsburg,22,2023,6
557459,22/12/2021,3000000,€3.00m,VfL Wolfsburg,20,2021,12
557459,24/10/2020,1200000,€1.20m,FC Volendam,19,2020,10
557459,27/05/2024,55000000,€55.00m,Tottenham Hotspur,23,2024,5
557459,29/03/2023,18000000,€18.00m,VfL Wolfsburg,21,2023,3
557459,29/06/2020,1300000,€1.30m,FC Volendam,19,2020,6
557459,30/05/2025,50000000,€50.00m,Tottenham Hotspur,24,2025,5
557459,31/12/2020,1300000,€1.30m,FC Volendam,19,2020,12
557613,02/11/2022,7000000,€7.00m,FC Nantes,20,2022,11
557613,03/06/2024,10000000,€10.00m,Olympique Marseille,22,2024,6
557613,03/06/2025,15000000,€15.00m,Olympique Marseille,23,2025,6
557613,08/10/2021,800000,€800k,FC Nantes,19,2021,10
557613,09/03/2021,200000,€200k,FC Nantes B,18,2021,3
557613,10/12/2024,12000000,€12.00m,Olympique Marseille,22,2024,12
557613,15/12/2025,12000000,€12.00m,Stade Rennais FC,23,2025,12
557613,16/10/2023,10000000,€10.00m,FC Nantes,21,2023,10
557613,16/12/2021,1500000,€1.50m,FC Nantes,19,2021,12
557613,18/12/2023,10000000,€10.00m,FC Nantes,21,2023,12
557613,19/09/2022,7000000,€7.00m,FC Nantes,20,2022,9
557613,23/03/2022,3000000,€3.00m,FC Nantes,19,2022,3
557613,27/06/2023,7000000,€7.00m,FC Nantes,21,2023,6
557613,30/05/2022,5000000,€5.00m,FC Nantes,20,2022,5
559328,03/06/2024,12000000,€12.00m,RC Strasbourg Alsace,21,2024,6
559328,03/06/2025,25000000,€25.00m,RC Strasbourg Alsace,22,2025,6
559328,04/10/2021,500000,€500k,Sparta Rotterdam,18,2021,10
559328,05/01/2022,500000,€500k,Sparta Rotterdam,18,2022,1
559328,06/01/2021,450000,€450k,Sparta Rotterdam,17,2021,1
559328,07/10/2024,15000000,€15.00m,RC Strasbourg Alsace,21,2024,10
559328,10/11/2022,1500000,€1.50m,SK Sturm Graz,19,2022,11
559328,10/12/2024,15000000,€15.00m,RC Strasbourg Alsace,21,2024,12
559328,12/04/2022,900000,€900k,Royal Antwerp FC,19,2022,4
559328,12/06/2023,8000000,€8.00m,SK Sturm Graz,20,2023,6
559328,14/10/2020,200000,€200k,Sparta Rotterdam,17,2020,10
559328,15/12/2025,28000000,€28.00m,RC Strasbourg Alsace,22,2025,12
559328,16/10/2023,11000000,€11.00m,RC Strasbourg Alsace,20,2023,10
559328,18/12/2023,12000000,€12.00m,RC Strasbourg Alsace,20,2023,12
559328,19/05/2021,450000,€450k,Sparta Rotterdam,18,2021,5
559328,20/09/2022,1500000,€1.50m,SK Sturm Graz,19,2022,9
559328,24/03/2025,20000000,€20.00m,RC Strasbourg Alsace,22,2025,3
560593,02/11/2022,5000000,€5.00m,OGC Nice,23,2022,11
560593,03/06/2024,9000000,€9.00m,OGC Nice,24,2024,6
560593,03/06/2025,15000000,€15.00m,OGC Nice,25,2025,6
560593,04/06/2021,5000000,€5.00m,OGC Nice,21,2021,6
560593,06/12/2018,300000,€300k,Paradou AC,19,2018,12
560593,07/01/2021,4000000,€4.00m,OGC Nice,21,2021,1
560593,07/10/2024,10000000,€10.00m,OGC Nice,25,2024,10
560593,08/02/2018,50000,€50k,Paradou AC,18,2018,2
560593,08/04/2020,3600000,€3.60m,OGC Nice,20,2020,4
560593,09/04/2021,5000000,€5.00m,OGC Nice,21,2021,4
560593,09/06/2019,800000,€800k,Paradou AC,19,2019,6
560593,10/12/2024,10000000,€10.00m,OGC Nice,25,2024,12
560593,13/03/2020,4000000,€4.00m,OGC Nice,20,2020,3
560593,15/10/2020,3600000,€3.60m,OGC Nice,21,2020,10
560593,15/12/2025,12000000,€12.00m,OGC Nice,26,2025,12
560593,16/12/2021,5000000,€5.00m,OGC Nice,22,2021,12
560593,18/12/2023,9000000,€9.00m,OGC Nice,24,2023,12
560593,19/09/2022,6000000,€6.00m,OGC Nice,22,2022,9
560593,19/12/2019,2000000,€2.00m,OGC Nice,20,2019,12
560593,27/03/2023,7000000,€7.00m,OGC Nice,23,2023,3
560593,27/06/2023,8000000,€8.00m,OGC Nice,23,2023,6
560593,27/08/2019,1400000,€1.40m,Paradou AC,19,2019,8
560593,29/05/2018,100000,€100k,Paradou AC,18,2018,5
560593,30/05/2022,6500000,€6.50m,OGC Nice,22,2022,5
561613,03/06/2022,400000,€400k,RCD Espanyol Barcelona,21,2022,6
561613,07/11/2022,400000,€400k,RCD Espanyol Barcelona,21,2022,11
561613,08/01/2021,150000,€150k,RCD Espanyol B,19,2021,1
561613,08/10/2020,50000,€50k,RCD Espanyol B,19,2020,10
561613,09/06/2025,25000000,€25.00m,RCD Espanyol Barcelona,24,2025,6
561613,11/10/2024,10000000,€10.00m,RCD Espanyol Barcelona,23,2024,10
561613,12/12/2025,30000000,€30.00m,FC Barcelona,24,2025,12
561613,13/06/2023,400000,€400k,RCD Espanyol Barcelona,22,2023,6
561613,20/12/2019,50000,€50k,Espanyol Barcelona U19,18,2019,12
561613,20/12/2023,400000,€400k,RCD Espanyol Barcelona,22,2023,12
561613,21/03/2025,20000000,€20.00m,RCD Espanyol Barcelona,23,2025,3
561613,21/11/2019,50000,€50k,Espanyol Barcelona U19,18,2019,11
561613,24/06/2024,800000,€800k,RCD Espanyol Barcelona,23,2024,6
561613,27/12/2024,10000000,€10.00m,RCD Espanyol Barcelona,23,2024,12
561613,30/06/2021,150000,€150k,RCD Espanyol B,20,2021,6
561613,30/12/2021,400000,€400k,RCD Espanyol Barcelona,20,2021,12
564545,05/06/2025,35000000,€35.00m,Bayer 04 Leverkusen,26,2025,6
564545,08/04/2020,18000000,€18.00m,Bayer 04 Leverkusen,21,2020,4
564545,08/07/2020,22000000,€22.00m,Bayer 04 Leverkusen,21,2020,7
564545,09/06/2021,40000000,€40.00m,Bayer 04 Leverkusen,22,2021,6
564545,09/06/2022,35000000,€35.00m,Bayer 04 Leverkusen,23,2022,6
564545,09/11/2022,30000000,€30.00m,Bayer 04 Leverkusen,23,2022,11
564545,10/02/2021,40000000,€40.00m,Bayer 04 Leverkusen,22,2021,2
564545,11/02/2020,16000000,€16.00m,Bayer 04 Leverkusen,21,2020,2
564545,11/03/2020,20000000,€20.00m,Bayer 04 Leverkusen,21,2020,3
564545,11/10/2019,2000000,€2.00m,Vitória Guimarães SC,20,2019,10
564545,12/02/2019,450000,€450k,Vitória Guimarães SC B,20,2019,2
564545,14/12/2023,40000000,€40.00m,Bayer 04 Leverkusen,24,2023,12
564545,18/10/2023,40000000,€40.00m,Bayer 04 Leverkusen,24,2023,10
564545,19/12/2025,35000000,€35.00m,Bayer 04 Leverkusen,26,2025,12
564545,20/12/2024,40000000,€40.00m,Bayer 04 Leverkusen,25,2024,12
564545,22/06/2023,30000000,€30.00m,Bayer 04 Leverkusen,24,2023,6
564545,22/12/2021,40000000,€40.00m,Bayer 04 Leverkusen,22,2021,12
564545,23/02/2018,50000,€50k,Vitória Guimarães SC B,19,2018,2
564545,26/11/2020,30000000,€30.00m,Bayer 04 Leverkusen,21,2020,11
564545,29/05/2024,45000000,€45.00m,Bayer 04 Leverkusen,25,2024,5
564545,29/06/2018,50000,€50k,Vitória Guimarães SC B,19,2018,6
564545,29/06/2019,350000,€350k,Vitória Guimarães SC B,20,2019,6
564545,30/12/2019,4500000,€4.50m,Vitória Guimarães SC,20,2019,12
565424,11/11/2022,4500000,€4.50m,PSV Eindhoven,19,2022,11
565424,12/01/2022,500000,€500k,PSV Eindhoven U21,18,2022,1
565424,12/10/2021,200000,€200k,PSV Eindhoven U21,18,2021,10
565424,14/09/2022,4500000,€4.50m,PSV Eindhoven,19,2022,9
565424,15/12/2023,40000000,€40.00m,PSV Eindhoven,20,2023,12
565424,16/03/2021,100000,€100k,PSV Eindhoven U21,17,2021,3
565424,17/03/2023,9000000,€9.00m,PSV Eindhoven,19,2023,3
565424,17/10/2023,25000000,€25.00m,PSV Eindhoven,20,2023,10
565424,17/12/2024,40000000,€40.00m,PSV Eindhoven,21,2024,12
565424,19/12/2025,25000000,€25.00m,RB Leipzig,22,2025,12
565424,23/06/2022,3000000,€3.00m,PSV Eindhoven U21,19,2022,6
565424,23/06/2023,10000000,€10.00m,PSV Eindhoven,20,2023,6
565424,28/03/2025,35000000,€35.00m,PSV Eindhoven,21,2025,3
565424,28/05/2025,30000000,€30.00m,PSV Eindhoven,22,2025,5
565424,31/05/2024,45000000,€45.00m,PSV Eindhoven,21,2024,5
565821,03/06/2025,30000000,€30.00m,AS Monaco,22,2025,6
565821,05/12/2023,650000,€650k,Motherwell FC,20,2023,12
565821,11/03/2024,3000000,€3.00m,SK Sturm Graz,21,2024,3
565821,11/11/2022,600000,€600k,RKC Waalwijk,19,2022,11
565821,15/06/2022,600000,€600k,Arsenal FC U23,19,2022,6
565821,15/12/2025,22000000,€22.00m,AS Monaco,22,2025,12
565821,17/12/2024,13000000,€13.00m,SK Sturm Graz,21,2024,12
565821,21/05/2024,7000000,€7.00m,SK Sturm Graz,21,2024,5
565821,22/09/2023,550000,€550k,Motherwell FC,20,2023,9
565821,23/06/2023,500000,€500k,RKC Waalwijk,20,2023,6
565821,24/03/2025,25000000,€25.00m,AS Monaco,22,2025,3
566723,03/11/2022,22000000,€22.00m,Crystal Palace,20,2022,11
566723,05/06/2025,100000000,€100.00m,Bayern Munich,23,2025,6
566723,08/04/2020,800000,€800k,Reading FC,18,2020,4
566723,09/10/2023,50000000,€50.00m,Crystal Palace,21,2023,10
566723,09/10/2024,65000000,€65.00m,Bayern Munich,22,2024,10
566723,10/03/2021,12000000,€12.00m,Reading FC,19,2021,3
566723,14/10/2025,130000000,€130.00m,Bayern Munich,23,2025,10
566723,15/06/2022,22000000,€22.00m,Crystal Palace,20,2022,6
566723,15/10/2020,4500000,€4.50m,Reading FC,18,2020,10
566723,16/03/2023,27000000,€27.00m,Crystal Palace,21,2023,3
566723,17/10/2019,200000,€200k,Reading FC U18,17,2019,10
566723,19/12/2023,50000000,€50.00m,Crystal Palace,22,2023,12
566723,19/12/2025,130000000,€130.00m,Bayern Munich,24,2025,12
566723,20/06/2023,38000000,€38.00m,Crystal Palace,21,2023,6
566723,20/12/2024,65000000,€65.00m,Bayern Munich,23,2024,12
566723,22/12/2020,8000000,€8.00m,Reading FC,19,2020,12
566723,23/12/2021,18000000,€18.00m,Crystal Palace,20,2021,12
566723,27/02/2020,900000,€900k,Reading FC,18,2020,2
566723,27/03/2025,80000000,€80.00m,Bayern Munich,23,2025,3
566723,27/05/2024,55000000,€55.00m,Crystal Palace,22,2024,5
566723,29/03/2022,22000000,€22.00m,Crystal Palace,20,2022,3
566723,30/06/2021,15000000,€15.00m,Reading FC,19,2021,6
566931,04/06/2021,500000,€500k,Paris Saint-Germain U19,18,2021,6
566931,05/06/2025,70000000,€70.00m,RB Leipzig,22,2025,6
566931,09/03/2021,500000,€500k,Paris Saint-Germain U19,17,2021,3
566931,09/12/2025,60000000,€60.00m,Tottenham Hotspur,22,2025,12
566931,11/11/2022,18000000,€18.00m,PSV Eindhoven,19,2022,11
566931,14/09/2022,8000000,€8.00m,PSV Eindhoven,19,2022,9
566931,14/12/2023,70000000,€70.00m,RB Leipzig,20,2023,12
566931,16/12/2021,1500000,€1.50m,Paris Saint-Germain U19,18,2021,12
566931,17/03/2023,30000000,€30.00m,PSV Eindhoven,19,2023,3
566931,18/10/2023,70000000,€70.00m,RB Leipzig,20,2023,10
566931,20/12/2024,80000000,€80.00m,RB Leipzig,21,2024,12
566931,23/03/2022,3000000,€3.00m,Paris Saint-Germain,18,2022,3
566931,23/06/2023,40000000,€40.00m,PSV Eindhoven,20,2023,6
566931,27/03/2024,80000000,€80.00m,RB Leipzig,20,2024,3
566931,27/03/2025,70000000,€70.00m,RB Leipzig,21,2025,3
566931,29/05/2024,80000000,€80.00m,RB Leipzig,21,2024,5
566931,30/05/2022,4000000,€4.00m,Paris Saint-Germain,19,2022,5
567576,01/10/2024,22000000,€22.00m,Nottingham Forest,21,2024,9
567576,03/11/2022,3500000,€3.50m,Newcastle United,19,2022,11
567576,09/10/2023,13000000,€13.00m,Newcastle United,20,2023,10
567576,09/12/2025,60000000,€60.00m,Nottingham Forest,23,2025,12
567576,15/09/2022,1500000,€1.50m,Newcastle United,19,2022,9
567576,16/12/2024,24000000,€24.00m,Nottingham Forest,22,2024,12
567576,17/03/2021,200000,€200k,Newcastle United U23,18,2021,3
567576,17/10/2025,45000000,€45.00m,Nottingham Forest,22,2025,10
567576,18/03/2025,30000000,€30.00m,Nottingham Forest,22,2025,3
567576,19/12/2023,13000000,€13.00m,Newcastle United,21,2023,12
567576,20/06/2023,8000000,€8.00m,Newcastle United,20,2023,6
567576,27/05/2024,15000000,€15.00m,Newcastle United,21,2024,5
567576,30/05/2025,32000000,€32.00m,Nottingham Forest,22,2025,5
568177,01/10/2024,90000000,€90.00m,Chelsea FC,22,2024,9
568177,03/11/2022,15000000,€15.00m,Manchester City,20,2022,11
568177,09/10/2023,32000000,€32.00m,Chelsea FC,21,2023,10
568177,09/12/2025,120000000,€120.00m,Chelsea FC,23,2025,12
568177,12/07/2023,18000000,€18.00m,Manchester City,21,2023,7
568177,14/03/2024,55000000,€55.00m,Chelsea FC,21,2024,3
568177,15/06/2022,6000000,€6.00m,Manchester City,20,2022,6
568177,15/09/2022,10000000,€10.00m,Manchester City,20,2022,9
568177,16/12/2024,130000000,€130.00m,Chelsea FC,22,2024,12
568177,18/03/2021,500000,€500k,Manchester City U23,18,2021,3
568177,19/12/2023,45000000,€45.00m,Chelsea FC,21,2023,12
568177,20/06/2023,15000000,€15.00m,Manchester City,21,2023,6
568177,23/12/2021,3000000,€3.00m,Manchester City,19,2021,12
568177,27/05/2024,80000000,€80.00m,Chelsea FC,22,2024,5
568177,30/05/2025,120000000,€120.00m,Chelsea FC,23,2025,5
569383,02/11/2022,4000000,€4.00m,FC Lorient,20,2022,11
569383,03/06/2024,7000000,€7.00m,Clermont Foot 63,22,2024,6
569383,04/06/2021,6000000,€6.00m,AS Monaco,19,2021,6
569383,05/06/2025,22000000,€22.00m,FC Augsburg,23,2025,6
569383,07/01/2021,4000000,€4.00m,AS Monaco,18,2021,1
569383,12/10/2020,800000,€800k,AS Monaco,18,2020,10
569383,16/12/2021,6000000,€6.00m,AS Monaco,19,2021,12
569383,18/12/2023,7000000,€7.00m,AS Monaco,21,2023,12
569383,19/12/2025,22000000,€22.00m,FC Augsburg,23,2025,12
569383,20/12/2024,7000000,€7.00m,FC Augsburg,22,2024,12
569383,27/03/2025,17000000,€17.00m,FC Augsburg,22,2025,3
569383,27/06/2023,6000000,€6.00m,AS Monaco,21,2023,6
569383,30/05/2022,5000000,€5.00m,AS Monaco,20,2022,5
569389,02/11/2022,18000000,€18.00m,OGC Nice,22,2022,11
569389,03/06/2019,5000000,€5.00m,AS Monaco,18,2019,6
569389,03/06/2024,12000000,€12.00m,OGC Nice,23,2024,6
569389,03/06/2025,10000000,€10.00m,OGC Nice,24,2025,6
569389,04/06/2021,16000000,€16.00m,AS Monaco,20,2021,6
569389,06/01/2020,3000000,€3.00m,FC Sochaux-Montbéliard,19,2020,1
569389,06/09/2018,3000000,€3.00m,AS Monaco,18,2018,9
569389,07/01/2021,10000000,€10.00m,AS Monaco,20,2021,1
569389,08/04/2020,2700000,€2.70m,FC Sochaux-Montbéliard,19,2020,4
569389,08/10/2021,20000000,€20.00m,AS Monaco,21,2021,10
569389,09/04/2021,16000000,€16.00m,AS Monaco,20,2021,4
569389,10/10/2025,8000000,€8.00m,OGC Nice,25,2025,10
569389,10/12/2024,12000000,€12.00m,OGC Nice,24,2024,12
569389,12/10/2020,6000000,€6.00m,AS Monaco,20,2020,10
569389,15/12/2025,10000000,€10.00m,OGC Nice,25,2025,12
569389,16/12/2021,20000000,€20.00m,AS Monaco,21,2021,12
569389,17/12/2018,5000000,€5.00m,AS Monaco,18,2018,12
569389,18/12/2023,15000000,€15.00m,OGC Nice,23,2023,12
569389,24/10/2018,5000000,€5.00m,AS Monaco,18,2018,10
569389,27/06/2023,15000000,€15.00m,OGC Nice,23,2023,6
569389,27/09/2019,4000000,€4.00m,FC Sochaux-Montbéliard,19,2019,9
569389,30/05/2022,20000000,€20.00m,AS Monaco,21,2022,5
569598,02/11/2022,25000000,€25.00m,AS Monaco,23,2022,11
569598,03/06/2019,5000000,€5.00m,RC Strasbourg Alsace,20,2019,6
569598,03/06/2024,30000000,€30.00m,AS Monaco,25,2024,6
569598,03/08/2020,13000000,€13.00m,AS Monaco,21,2020,8
569598,04/06/2021,16000000,€16.00m,AS Monaco,22,2021,6
569598,06/09/2018,150000,€150k,RC Strasbourg Alsace,19,2018,9
569598,07/03/2019,5000000,€5.00m,RC Strasbourg Alsace,20,2019,3
569598,08/04/2020,11000000,€11.00m,AS Monaco,21,2020,4
569598,09/04/2021,16000000,€16.00m,AS Monaco,22,2021,4
569598,11/02/2020,12000000,€12.00m,AS Monaco,21,2020,2
569598,12/10/2020,13000000,€13.00m,AS Monaco,21,2020,10
569598,16/12/2021,16000000,€16.00m,AS Monaco,22,2021,12
569598,17/06/2025,30000000,€30.00m,AC Milan,26,2025,6
569598,17/12/2018,1500000,€1.50m,RC Strasbourg Alsace,19,2018,12
569598,18/12/2023,28000000,€28.00m,AS Monaco,24,2023,12
569598,18/12/2024,30000000,€30.00m,AC Milan,25,2024,12
569598,19/09/2022,20000000,€20.00m,AS Monaco,23,2022,9
569598,19/12/2019,6000000,€6.00m,RC Strasbourg Alsace,20,2019,12
569598,23/03/2022,14000000,€14.00m,AS Monaco,23,2022,3
569598,23/12/2025,28000000,€28.00m,AC Milan,26,2025,12
569598,27/06/2023,25000000,€25.00m,AS Monaco,24,2023,6
569598,30/05/2022,18000000,€18.00m,AS Monaco,23,2022,5
571020,03/06/2022,15000000,€15.00m,Athletic Bilbao,22,2022,6
571020,05/01/2021,3500000,€3.50m,Athletic Bilbao,20,2021,1
571020,07/06/2024,35000000,€35.00m,Athletic Bilbao,24,2024,6
571020,07/11/2022,20000000,€20.00m,Athletic Bilbao,22,2022,11
571020,08/04/2020,2300000,€2.30m,Bilbao Athletic,19,2020,4
571020,08/10/2020,4000000,€4.00m,Athletic Bilbao,20,2020,10
571020,09/06/2025,60000000,€60.00m,Athletic Bilbao,25,2025,6
571020,10/06/2021,3500000,€3.50m,Athletic Bilbao,21,2021,6
571020,10/09/2019,1000000,€1.00m,Bilbao Athletic,19,2019,9
571020,11/10/2024,40000000,€40.00m,Athletic Bilbao,24,2024,10
571020,12/08/2018,1000000,€1.00m,Bilbao Athletic,18,2018,8
571020,12/12/2025,40000000,€40.00m,Athletic Bilbao,25,2025,12
571020,13/06/2023,30000000,€30.00m,Athletic Bilbao,23,2023,6
571020,19/02/2019,1000000,€1.00m,Bilbao Athletic,18,2019,2
571020,20/12/2019,2500000,€2.50m,Bilbao Athletic,19,2019,12
571020,21/03/2022,15000000,€15.00m,Athletic Bilbao,21,2022,3
571020,21/03/2025,60000000,€60.00m,Athletic Bilbao,24,2025,3
571020,22/12/2023,35000000,€35.00m,Athletic Bilbao,23,2023,12
571020,23/03/2023,30000000,€30.00m,Athletic Bilbao,22,2023,3
571020,23/09/2022,20000000,€20.00m,Athletic Bilbao,22,2022,9
571020,27/12/2024,50000000,€50.00m,Athletic Bilbao,24,2024,12
571020,29/06/2019,1000000,€1.00m,Bilbao Athletic,19,2019,6
571020,30/12/2021,5000000,€5.00m,Athletic Bilbao,21,2021,12
571604,05/06/2024,45000000,€45.00m,Atalanta BC,20,2024,6
571604,07/06/2022,10000000,€10.00m,Atalanta BC,18,2022,6
571604,11/11/2022,20000000,€20.00m,Atalanta BC,18,2022,11
571604,12/03/2024,45000000,€45.00m,Atalanta BC,20,2024,3
571604,14/10/2021,500000,€500k,Atalanta BC,17,2021,10
571604,15/03/2022,5000000,€5.00m,Atalanta BC,18,2022,3
571604,15/06/2023,40000000,€40.00m,Atalanta BC,19,2023,6
571604,17/06/2025,35000000,€35.00m,Atalanta BC,21,2025,6
571604,18/12/2024,45000000,€45.00m,Atalanta BC,21,2024,12
571604,20/12/2023,40000000,€40.00m,Atalanta BC,20,2023,12
571604,21/03/2023,30000000,€30.00m,Atalanta BC,19,2023,3
571604,23/12/2025,25000000,€25.00m,Atalanta BC,22,2025,12
571604,25/03/2025,35000000,€35.00m,Atalanta BC,21,2025,3
571604,28/12/2021,2000000,€2.00m,Atalanta BC,18,2021,12
572265,05/06/2024,12000000,€12.00m,Udinese Calcio,23,2024,6
572265,06/06/2022,6000000,€6.00m,Pisa Sporting Club,21,2022,6
572265,07/10/2025,30000000,€30.00m,SSC Napoli,25,2025,10
572265,11/11/2022,6000000,€6.00m,Ajax Amsterdam,22,2022,11
572265,12/03/2024,8000000,€8.00m,Udinese Calcio,23,2024,3
572265,13/01/2021,175000,€175k,Palermo FC,20,2021,1
572265,14/06/2019,125000,€125k,Brescia Primavera,18,2019,6
572265,14/10/2021,5000000,€5.00m,Pisa Sporting Club,21,2021,10
572265,17/06/2025,22000000,€22.00m,Udinese Calcio,24,2025,6
572265,18/10/2024,18000000,€18.00m,Udinese Calcio,24,2024,10
572265,18/12/2024,18000000,€18.00m,Udinese Calcio,24,2024,12
572265,20/12/2023,6000000,€6.00m,Udinese Calcio,23,2023,12
572265,23/06/2021,300000,€300k,Palermo FC,20,2021,6
572265,23/06/2023,5000000,€5.00m,Ajax Amsterdam,22,2023,6
572265,23/12/2025,25000000,€25.00m,SSC Napoli,25,2025,12
572265,25/03/2025,22000000,€22.00m,Udinese Calcio,24,2025,3
572265,29/06/2020,100000,€100k,SSD Palermo,19,2020,6
572265,29/12/2021,6500000,€6.50m,Pisa Sporting Club,21,2021,12
574671,07/01/2021,8000000,€8.00m,AS Monaco,19,2021,1
574671,07/06/2021,8000000,€8.00m,Cercle Brugge ,20,2021,6
574671,08/04/2020,7200000,€7.20m,FK Partizan Belgrade,18,2020,4
574671,08/06/2022,5000000,€5.00m,FC Basel 1893,21,2022,6
574671,09/06/2019,2000000,€2.00m,FK Partizan Belgrade,18,2019,6
574671,10/11/2022,20000000,€20.00m,Red Bull Salzburg,21,2022,11
574671,11/12/2023,25000000,€25.00m,Red Bull Salzburg,22,2023,12
574671,12/01/2019,50000,€50k,FK Partizan Belgrade,17,2019,1
574671,12/06/2023,25000000,€25.00m,Red Bull Salzburg,22,2023,6
574671,12/10/2020,10000000,€10.00m,AS Monaco,19,2020,10
574671,16/12/2021,8000000,€8.00m,AS Monaco,20,2021,12
574671,17/06/2025,18000000,€18.00m,AC Milan,24,2025,6
574671,18/10/2024,20000000,€20.00m,AC Milan,23,2024,10
574671,18/12/2024,17000000,€17.00m,AC Milan,23,2024,12
574671,20/09/2022,8000000,€8.00m,Red Bull Salzburg,21,2022,9
574671,21/05/2024,25000000,€25.00m,Red Bull Salzburg,22,2024,5
574671,23/12/2025,28000000,€28.00m,AC Milan,24,2025,12
574671,25/03/2025,18000000,€18.00m,AC Milan,23,2025,3
574671,28/06/2020,10000000,€10.00m,FK Partizan Belgrade,19,2020,6
574671,28/10/2019,8000000,€8.00m,FK Partizan Belgrade,18,2019,10
575998,02/11/2022,10000000,€10.00m,Olympique Marseille,23,2022,11
575998,03/06/2024,20000000,€20.00m,Olympique Marseille,25,2024,6
575998,03/06/2025,20000000,€20.00m,Olympique Marseille,26,2025,6
575998,04/06/2021,8000000,€8.00m,Olympique Marseille,22,2021,6
575998,05/06/2019,14000000,€14.00m,Borussia Dortmund,20,2019,6
575998,06/03/2019,15000000,€15.00m,Borussia Dortmund,20,2019,3
575998,08/04/2020,7200000,€7.20m,Borussia Dortmund,21,2020,4
575998,08/10/2021,10000000,€10.00m,Olympique Marseille,22,2021,10
575998,10/12/2024,20000000,€20.00m,Olympique Marseille,25,2024,12
575998,11/03/2020,8000000,€8.00m,Borussia Dortmund,21,2020,3
575998,15/10/2020,7500000,€7.50m,Olympique Marseille,21,2020,10
575998,15/12/2025,20000000,€20.00m,Olympique Marseille,26,2025,12
575998,16/12/2021,10000000,€10.00m,Olympique Marseille,22,2021,12
575998,17/12/2019,10000000,€10.00m,Borussia Dortmund,20,2019,12
575998,18/12/2018,2500000,€2.50m,CA Boca Juniors,19,2018,12
575998,18/12/2023,10000000,€10.00m,Olympique Marseille,24,2023,12
575998,27/06/2023,10000000,€10.00m,Olympique Marseille,24,2023,6
575998,30/05/2022,10000000,€10.00m,Olympique Marseille,23,2022,5
576024,03/11/2022,32000000,€32.00m,Manchester City,22,2022,11
576024,05/12/2019,10000000,€10.00m,CA River Plate,19,2019,12
576024,06/08/2019,10000000,€10.00m,CA River Plate,19,2019,8
576024,08/02/2021,12000000,€12.00m,CA River Plate,21,2021,2
576024,08/02/2022,23000000,€23.00m,CA River Plate,22,2022,2
576024,08/04/2020,9000000,€9.00m,CA River Plate,20,2020,4
576024,09/06/2025,100000000,€100.00m,Atlético de Madrid,25,2025,6
576024,09/10/2023,80000000,€80.00m,Manchester City,23,2023,10
576024,11/06/2021,15000000,€15.00m,CA River Plate,21,2021,6
576024,11/10/2024,75000000,€75.00m,Atlético de Madrid,24,2024,10
576024,12/12/2025,100000000,€100.00m,Atlético de Madrid,25,2025,12
576024,15/09/2022,28000000,€28.00m,Manchester City,22,2022,9
576024,18/12/2018,1000000,€1.00m,CA River Plate II,18,2018,12
576024,19/12/2023,90000000,€90.00m,Manchester City,23,2023,12
576024,20/06/2023,60000000,€60.00m,Manchester City,23,2023,6
576024,20/10/2021,20000000,€20.00m,CA River Plate,21,2021,10
576024,21/03/2025,90000000,€90.00m,Atlético de Madrid,25,2025,3
576024,23/05/2019,10000000,€10.00m,CA River Plate,19,2019,5
576024,23/12/2022,50000000,€50.00m,Manchester City,22,2022,12
576024,24/05/2022,23000000,€23.00m,CA River Plate,22,2022,5
576024,27/05/2024,90000000,€90.00m,Manchester City,24,2024,5
576024,27/12/2024,80000000,€80.00m,Atlético de Madrid,24,2024,12
576028,01/04/2022,18000000,€18.00m,Atlanta United FC,20,2022,3
576028,03/06/2025,25000000,€25.00m,Olympique Lyon,24,2025,6
576028,05/12/2019,20000000,€20.00m,CA Vélez Sarsfield,18,2019,12
576028,06/08/2019,15000000,€15.00m,CA Vélez Sarsfield,18,2019,8
576028,08/02/2021,20000000,€20.00m,CA Vélez Sarsfield,19,2021,2
576028,08/04/2020,18000000,€18.00m,CA Vélez Sarsfield,18,2020,4
576028,08/11/2022,15000000,€15.00m,Atlanta United FC,21,2022,11
576028,09/12/2024,27000000,€27.00m,Botafogo de Futebol e Regatas,23,2024,12
576028,12/12/2025,20000000,€20.00m,Atlético de Madrid,24,2025,12
576028,13/06/2024,27000000,€27.00m,Atlanta United FC,23,2024,6
576028,18/08/2022,15000000,€15.00m,Atlanta United FC,21,2022,8
576028,18/12/2018,5000000,€5.00m,CA Vélez Sarsfield,17,2018,12
576028,18/12/2023,27000000,€27.00m,Atlanta United FC,22,2023,12
576028,20/10/2021,20000000,€20.00m,CA Vélez Sarsfield,20,2021,10
576028,22/08/2023,27000000,€27.00m,Atlanta United FC,22,2023,8
576028,24/03/2025,25000000,€25.00m,Olympique Lyon,23,2025,3
576028,31/03/2023,20000000,€20.00m,Atlanta United FC,21,2023,3
578391,03/06/2019,500000,€500k,Angers SCO,17,2019,6
578391,03/08/2020,20000000,€20.00m,Angers SCO,19,2020,8
578391,03/11/2022,22000000,€22.00m,Wolverhampton Wanderers,21,2022,11
578391,06/09/2018,150000,€150k,Angers SCO,17,2018,9
578391,08/04/2020,15500000,€15.50m,Angers SCO,18,2020,4
578391,08/06/2021,18000000,€18.00m,Wolverhampton Wanderers,20,2021,6
578391,09/10/2023,25000000,€25.00m,Wolverhampton Wanderers,22,2023,10
578391,09/12/2025,40000000,€40.00m,Manchester City,24,2025,12
578391,11/02/2020,17000000,€17.00m,Angers SCO,18,2020,2
578391,13/10/2020,20000000,€20.00m,Wolverhampton Wanderers,19,2020,10
578391,14/03/2024,32000000,€32.00m,Wolverhampton Wanderers,22,2024,3
578391,15/06/2022,20000000,€20.00m,Wolverhampton Wanderers,21,2022,6
578391,15/09/2022,22000000,€22.00m,Wolverhampton Wanderers,21,2022,9
578391,16/12/2024,35000000,€35.00m,Wolverhampton Wanderers,23,2024,12
578391,17/10/2025,40000000,€40.00m,Manchester City,24,2025,10
578391,17/12/2018,150000,€150k,Angers SCO,17,2018,12
578391,18/03/2021,20000000,€20.00m,Wolverhampton Wanderers,19,2021,3
578391,19/12/2019,12000000,€12.00m,Angers SCO,18,2019,12
578391,19/12/2023,28000000,€28.00m,Wolverhampton Wanderers,22,2023,12
578391,20/06/2023,22000000,€22.00m,Wolverhampton Wanderers,22,2023,6
578391,23/12/2021,15000000,€15.00m,Wolverhampton Wanderers,20,2021,12
578391,27/05/2024,35000000,€35.00m,Wolverhampton Wanderers,22,2024,5
578391,27/09/2019,6000000,€6.00m,Angers SCO,18,2019,9
578391,30/05/2025,35000000,€35.00m,Wolverhampton Wanderers,23,2025,5
578392,05/06/2025,25000000,€25.00m,Borussia Dortmund,22,2025,6
578392,08/07/2020,1500000,€1.50m,TSG 1899 Hoffenheim,17,2020,7
578392,09/06/2021,2000000,€2.00m,TSG 1899 Hoffenheim,18,2021,6
578392,10/02/2021,2000000,€2.00m,TSG 1899 Hoffenheim,18,2021,2
578392,11/02/2020,300000,€300k,TSG 1899 Hoffenheim U19,17,2020,2
578392,14/10/2025,30000000,€30.00m,Borussia Dortmund,22,2025,10
578392,14/12/2023,12000000,€12.00m,TSG 1899 Hoffenheim,21,2023,12
578392,15/12/2021,2000000,€2.00m,Hannover 96,19,2021,12
578392,16/06/2022,3000000,€3.00m,Hannover 96,19,2022,6
578392,18/10/2023,8000000,€8.00m,TSG 1899 Hoffenheim,21,2023,10
578392,19/12/2025,30000000,€30.00m,Borussia Dortmund,23,2025,12
578392,20/12/2024,30000000,€30.00m,Borussia Dortmund,22,2024,12
578392,23/03/2022,2500000,€2.50m,Hannover 96,19,2022,3
578392,27/03/2024,24000000,€24.00m,TSG 1899 Hoffenheim,21,2024,3
578392,27/03/2025,25000000,€25.00m,Borussia Dortmund,22,2025,3
578392,28/06/2023,2000000,€2.00m,Hannover 96,20,2023,6
578392,29/05/2024,30000000,€30.00m,TSG 1899 Hoffenheim,21,2024,5
578392,30/11/2022,3000000,€3.00m,Hannover 96,20,2022,11
578392,31/03/2023,2500000,€2.50m,Hannover 96,20,2023,3
579287,04/06/2021,600000,€600k,FC Nordsjaelland,19,2021,6
579287,05/06/2025,12000000,€12.00m,Borussia Dortmund,23,2025,6
579287,09/12/2024,5500000,€5.50m,FC Nordsjaelland,22,2024,12
579287,10/06/2024,3000000,€3.00m,FC Nordsjaelland,22,2024,6
579287,14/10/2025,22000000,€22.00m,Borussia Dortmund,23,2025,10
579287,19/12/2025,22000000,€22.00m,Borussia Dortmund,23,2025,12
579287,20/06/2022,600000,€600k,FC Nordsjaelland,20,2022,6
579287,21/12/2023,2500000,€2.50m,FC Nordsjaelland,21,2023,12
579287,22/12/2022,600000,€600k,FC Nordsjaelland,20,2022,12
579287,23/12/2020,250000,€250k,FC Nordsjaelland U19,18,2020,12
579287,26/06/2023,1000000,€1.00m,FC Nordsjaelland,21,2023,6
579287,28/12/2021,600000,€600k,FC Nordsjaelland,19,2021,12
579287,31/07/2020,100000,€100k,FC Nordsjaelland U19,18,2020,7
579928,03/06/2025,18000000,€18.00m,RC Strasbourg Alsace,23,2025,6
579928,05/08/2020,100000,€100k,Varbergs BoIS,18,2020,8
579928,07/10/2024,12000000,€12.00m,RC Strasbourg Alsace,22,2024,10
579928,08/12/2023,5000000,€5.00m,Malmö FF,21,2023,12
579928,09/06/2021,100000,€100k,Malmö FF,19,2021,6
579928,10/12/2020,100000,€100k,Malmö FF,18,2020,12
579928,10/12/2024,15000000,€15.00m,RC Strasbourg Alsace,22,2024,12
579928,13/06/2024,8000000,€8.00m,Malmö FF,22,2024,6
579928,13/09/2023,4500000,€4.50m,Malmö FF,21,2023,9
579928,14/12/2022,1800000,€1.80m,Malmö FF,20,2022,12
579928,15/12/2025,15000000,€15.00m,RC Strasbourg Alsace,23,2025,12
579928,17/09/2021,300000,€300k,Malmö FF,19,2021,9
579928,17/12/2021,500000,€500k,Malmö FF,19,2021,12
579928,24/06/2022,800000,€800k,Malmö FF,20,2022,6
579928,27/06/2023,3500000,€3.50m,Malmö FF,21,2023,6
580195,01/06/2021,38000000,€38.00m,Bayern Munich,18,2021,5
580195,01/07/2020,1000000,€1.00m,Bayern Munich,17,2020,6
580195,05/06/2025,140000000,€140.00m,Bayern Munich,22,2025,6
580195,07/10/2021,50000000,€50.00m,Bayern Munich,18,2021,10
580195,09/06/2022,65000000,€65.00m,Bayern Munich,19,2022,6
580195,09/11/2022,100000000,€100.00m,Bayern Munich,19,2022,11
580195,10/02/2021,24000000,€24.00m,Bayern Munich,17,2021,2
580195,14/12/2023,110000000,€110.00m,Bayern Munich,20,2023,12
580195,18/07/2024,130000000,€130.00m,Bayern Munich,21,2024,7
580195,19/12/2025,130000000,€130.00m,Bayern Munich,22,2025,12
580195,20/12/2024,140000000,€140.00m,Bayern Munich,21,2024,12
580195,21/09/2022,80000000,€80.00m,Bayern Munich,19,2022,9
580195,22/06/2023,110000000,€110.00m,Bayern Munich,20,2023,6
580195,22/12/2021,55000000,€55.00m,Bayern Munich,18,2021,12
580195,26/11/2020,10000000,€10.00m,Bayern Munich,17,2020,11
580195,29/03/2023,110000000,€110.00m,Bayern Munich,20,2023,3
580195,29/05/2024,120000000,€120.00m,Bayern Munich,21,2024,5
580451,04/06/2024,20000000,€20.00m,GNK Dinamo Zagreb,21,2024,6
580451,06/06/2022,3000000,€3.00m,GNK Dinamo Zagreb,19,2022,6
580451,06/06/2023,15000000,€15.00m,GNK Dinamo Zagreb,20,2023,6
580451,07/10/2025,20000000,€20.00m,Como 1907,22,2025,10
580451,08/11/2022,6500000,€6.50m,GNK Dinamo Zagreb,19,2022,11
580451,09/06/2025,22000000,€22.00m,GNK Dinamo Zagreb,22,2025,6
580451,10/06/2021,600000,€600k,GNK Dinamo Zagreb II,18,2021,6
580451,18/12/2023,18000000,€18.00m,GNK Dinamo Zagreb,20,2023,12
580451,22/03/2022,2000000,€2.00m,GNK Dinamo Zagreb,19,2022,3
580451,23/12/2024,20000000,€20.00m,GNK Dinamo Zagreb,21,2024,12
580451,23/12/2025,18000000,€18.00m,Como 1907,22,2025,12
580451,28/12/2020,400000,€400k,GNK Dinamo Zagreb U19,17,2020,12
580451,30/12/2021,1000000,€1.00m,GNK Dinamo Zagreb,18,2021,12
580451,31/03/2025,22000000,€22.00m,GNK Dinamo Zagreb,22,2025,3
580657,03/01/2022,1500000,€1.50m,Vålerenga Fotball Elite,20,2022,1
580657,03/06/2025,12000000,€12.00m,LOSC Lille,23,2025,6
580657,09/12/2022,2000000,€2.00m,Vålerenga Fotball Elite,21,2022,12
580657,10/12/2024,12000000,€12.00m,LOSC Lille,23,2024,12
580657,15/12/2023,6500000,€6.50m,SC Heerenveen,22,2023,12
580657,15/12/2025,10000000,€10.00m,LOSC Lille,24,2025,12
580657,17/03/2023,3500000,€3.50m,SC Heerenveen,21,2023,3
580657,18/03/2024,8000000,€8.00m,SC Heerenveen,22,2024,3
580657,23/06/2023,5000000,€5.00m,SC Heerenveen,22,2023,6
580657,25/07/2020,200000,€200k,Vålerenga Fotball Elite,19,2020,7
580657,31/05/2024,8500000,€8.50m,SC Heerenveen,22,2024,5
580657,31/12/2020,600000,€600k,Vålerenga Fotball Elite,19,2020,12
581669,05/10/2021,500000,€500k,Manchester City U23,18,2021,10
581669,10/06/2024,1500000,€1.50m,PSV Eindhoven U21,21,2024,6
581669,10/10/2025,15000000,€15.00m,Olympique Marseille,22,2025,10
581669,14/09/2022,2500000,€2.50m,Burnley FC,19,2022,9
581669,15/06/2022,800000,€800k,Manchester City U23,19,2022,6
581669,15/12/2025,12000000,€12.00m,Olympique Marseille,22,2025,12
581669,19/12/2023,2000000,€2.00m,Burnley FC,20,2023,12
581669,26/06/2023,2500000,€2.50m,Hibernian FC,20,2023,6
581669,27/05/2025,16000000,€16.00m,Burnley FC,22,2025,5
581669,27/10/2022,2500000,€2.50m,Burnley FC,19,2022,10
581669,28/03/2025,14000000,€14.00m,Burnley FC,22,2025,3
581669,30/12/2024,1500000,€1.50m,Burnley FC,21,2024,12
581678,07/06/2024,180000000,€180.00m,Real Madrid,20,2024,6
581678,07/10/2021,70000000,€70.00m,Borussia Dortmund,18,2021,10
581678,08/04/2020,11000000,€11.00m,Birmingham City,16,2020,4
581678,09/06/2022,80000000,€80.00m,Borussia Dortmund,18,2022,6
581678,09/06/2025,180000000,€180.00m,Real Madrid,21,2025,6
581678,09/11/2022,100000000,€100.00m,Borussia Dortmund,19,2022,11
581678,10/02/2021,35000000,€35.00m,Borussia Dortmund,17,2021,2
581678,12/12/2025,160000000,€160.00m,Real Madrid,22,2025,12
581678,13/10/2023,150000000,€150.00m,Real Madrid,20,2023,10
581678,16/09/2020,27000000,€27.00m,Borussia Dortmund,17,2020,9
581678,17/10/2019,2500000,€2.50m,Birmingham City,16,2019,10
581678,21/09/2022,90000000,€90.00m,Borussia Dortmund,19,2022,9
581678,22/06/2023,120000000,€120.00m,Borussia Dortmund,19,2023,6
581678,22/12/2021,75000000,€75.00m,Borussia Dortmund,18,2021,12
581678,22/12/2023,180000000,€180.00m,Real Madrid,20,2023,12
581678,23/12/2022,110000000,€110.00m,Borussia Dortmund,19,2022,12
581678,27/02/2020,12000000,€12.00m,Birmingham City,16,2020,2
581678,27/12/2024,180000000,€180.00m,Real Madrid,21,2024,12
581678,28/05/2021,55000000,€55.00m,Borussia Dortmund,17,2021,5
581678,29/03/2023,120000000,€120.00m,Borussia Dortmund,19,2023,3
583189,01/10/2024,25000000,€25.00m,Nottingham Forest,22,2024,9
583189,03/11/2022,25000000,€25.00m,Manchester United,20,2022,11
583189,08/06/2021,800000,€800k,Manchester United U23,19,2021,6
583189,09/12/2025,50000000,€50.00m,Newcastle United,23,2025,12
583189,14/03/2024,22000000,€22.00m,Nottingham Forest,21,2024,3
583189,15/06/2022,20000000,€20.00m,Manchester United,20,2022,6
583189,15/09/2022,25000000,€25.00m,Manchester United,20,2022,9
583189,16/12/2024,25000000,€25.00m,Nottingham Forest,22,2024,12
583189,17/10/2025,55000000,€55.00m,Newcastle United,23,2025,10
583189,18/03/2025,35000000,€35.00m,Nottingham Forest,22,2025,3
583189,19/12/2023,18000000,€18.00m,Nottingham Forest,21,2023,12
583189,20/06/2023,18000000,€18.00m,Manchester United,21,2023,6
583189,23/12/2021,4000000,€4.00m,Manchester United U23,19,2021,12
583189,27/05/2024,22000000,€22.00m,Nottingham Forest,22,2024,5
583189,29/03/2022,15000000,€15.00m,Manchester United,19,2022,3
583189,30/05/2025,42000000,€42.00m,Nottingham Forest,23,2025,5
583255,01/10/2024,20000000,€20.00m,AFC Bournemouth,24,2024,9
583255,08/04/2020,450000,€450k,Sunderland AFC,20,2020,4
583255,09/12/2025,65000000,€65.00m,AFC Bournemouth,25,2025,12
583255,10/03/2021,1300000,€1.30m,Bristol City,21,2021,3
583255,13/05/2022,2500000,€2.50m,Bristol City,22,2022,5
583255,15/10/2020,500000,€500k,Bristol City,20,2020,10
583255,16/03/2023,9000000,€9.00m,AFC Bournemouth,23,2023,3
583255,16/12/2024,28000000,€28.00m,AFC Bournemouth,24,2024,12
583255,17/10/2025,55000000,€55.00m,AFC Bournemouth,25,2025,10
583255,18/03/2025,35000000,€35.00m,AFC Bournemouth,25,2025,3
583255,19/12/2023,10000000,€10.00m,AFC Bournemouth,23,2023,12
583255,20/06/2023,9000000,€9.00m,AFC Bournemouth,23,2023,6
583255,22/12/2020,1300000,€1.30m,Bristol City,20,2020,12
583255,24/11/2021,1200000,€1.20m,Bristol City,21,2021,11
583255,27/05/2024,10000000,€10.00m,AFC Bournemouth,24,2024,5
583255,27/10/2022,3000000,€3.00m,Bristol City,22,2022,10
583255,28/06/2019,500000,€500k,Bristol City,19,2019,6
583255,29/06/2021,1500000,€1.50m,Bristol City,21,2021,6
583255,30/05/2025,40000000,€40.00m,AFC Bournemouth,25,2025,5
585949,03/06/2021,7000000,€7.00m,AC Milan,20,2021,6
585949,05/06/2024,20000000,€20.00m,AC Milan,24,2024,6
585949,07/06/2022,28000000,€28.00m,AC Milan,22,2022,6
585949,11/10/2023,25000000,€25.00m,AC Milan,23,2023,10
585949,11/11/2022,35000000,€35.00m,AC Milan,22,2022,11
585949,15/03/2022,17000000,€17.00m,AC Milan,21,2022,3
585949,15/06/2023,30000000,€30.00m,AC Milan,23,2023,6
585949,17/06/2025,28000000,€28.00m,Juventus FC,25,2025,6
585949,18/12/2024,26000000,€26.00m,Juventus FC,24,2024,12
585949,20/12/2023,25000000,€25.00m,AC Milan,23,2023,12
585949,23/03/2021,7000000,€7.00m,AC Milan,20,2021,3
585949,23/12/2025,28000000,€28.00m,Juventus FC,25,2025,12
585949,28/12/2021,10000000,€10.00m,AC Milan,21,2021,12
585949,29/10/2020,500000,€500k,AC Milan,20,2020,10
585949,29/12/2020,2000000,€2.00m,AC Milan,20,2020,12
585959,02/11/2022,25000000,€25.00m,Stade Rennais FC,20,2022,11
585959,03/06/2024,20000000,€20.00m,Stade Rennais FC,22,2024,6
585959,03/06/2025,22000000,€22.00m,Stade Rennais FC,23,2025,6
585959,03/08/2020,1000000,€1.00m,Paris Saint-Germain,18,2020,8
585959,04/06/2021,10000000,€10.00m,RC Lens,19,2021,6
585959,07/01/2021,6000000,€6.00m,RC Lens,18,2021,1
585959,09/04/2021,10000000,€10.00m,RC Lens,19,2021,4
585959,09/12/2025,25000000,€25.00m,Nottingham Forest,23,2025,12
585959,10/12/2024,20000000,€20.00m,Stade Rennais FC,22,2024,12
585959,15/10/2020,2000000,€2.00m,RC Lens,18,2020,10
585959,16/12/2021,12000000,€12.00m,RC Lens,19,2021,12
585959,17/10/2025,30000000,€30.00m,Nottingham Forest,23,2025,10
585959,18/12/2023,20000000,€20.00m,Stade Rennais FC,21,2023,12
585959,19/09/2022,20000000,€20.00m,Stade Rennais FC,20,2022,9
585959,27/06/2023,22000000,€22.00m,Stade Rennais FC,21,2023,6
585959,30/05/2022,18000000,€18.00m,RC Lens,20,2022,5
585982,05/06/2024,22000000,€22.00m,Inter Milan,25,2024,6
585982,06/06/2022,4500000,€4.50m,AC Monza,23,2022,6
585982,08/04/2020,800000,€800k,Sport Club Corinthians Paulista,21,2020,4
585982,11/11/2022,4500000,€4.50m,AC Monza,23,2022,11
585982,12/03/2024,20000000,€20.00m,Inter Milan,25,2024,3
585982,15/06/2023,15000000,€15.00m,AC Monza,24,2023,6
585982,15/08/2019,900000,€900k,Sport Club Corinthians Paulista,20,2019,8
585982,17/06/2025,26000000,€26.00m,Inter Milan,26,2025,6
585982,18/02/2019,100000,€100k,Sport Club Corinthians Paulista,20,2019,2
585982,18/12/2024,22000000,€22.00m,Inter Milan,25,2024,12
585982,20/12/2023,16000000,€16.00m,Inter Milan,24,2023,12
585982,21/03/2023,8000000,€8.00m,AC Monza,24,2023,3
585982,22/02/2021,5000000,€5.00m,AC Monza,22,2021,2
585982,23/05/2018,50000,€50k,Sport Club Corinthians Paulista,19,2018,5
585982,23/12/2025,26000000,€26.00m,Inter Milan,26,2025,12
585982,24/06/2021,5500000,€5.50m,AC Monza,22,2021,6
585982,27/11/2019,900000,€900k,Sport Club Corinthians Paulista,20,2019,11
585982,28/05/2019,500000,€500k,Sport Club Corinthians Paulista,20,2019,5
585982,29/10/2020,3000000,€3.00m,AC Monza,21,2020,10
585982,29/12/2021,4000000,€4.00m,AC Monza,22,2021,12
591916,03/11/2020,200000,€200k,Bilbao Athletic,20,2020,11
591916,07/01/2021,200000,€200k,Bilbao Athletic,20,2021,1
591916,07/06/2024,22000000,€22.00m,Athletic Bilbao,24,2024,6
591916,07/11/2022,400000,€400k,Athletic Bilbao,22,2022,11
591916,09/06/2025,22000000,€22.00m,Athletic Bilbao,25,2025,6
591916,12/07/2023,4000000,€4.00m,Athletic Bilbao,23,2023,7
591916,12/12/2025,18000000,€18.00m,Athletic Bilbao,25,2025,12
591916,13/06/2023,1000000,€1.00m,Athletic Bilbao,23,2023,6
591916,13/10/2023,8000000,€8.00m,Athletic Bilbao,23,2023,10
591916,21/03/2024,15000000,€15.00m,Athletic Bilbao,23,2024,3
591916,22/12/2023,12000000,€12.00m,Athletic Bilbao,23,2023,12
591916,23/09/2022,400000,€400k,Athletic Bilbao,22,2022,9
591916,27/12/2024,22000000,€22.00m,Athletic Bilbao,24,2024,12
591916,29/06/2022,200000,€200k,Bilbao Athletic,22,2022,6
591916,29/12/2022,400000,€400k,Athletic Bilbao,22,2022,12
591916,30/06/2021,200000,€200k,Bilbao Athletic,21,2021,6
591916,30/12/2021,200000,€200k,Bilbao Athletic,21,2021,12
597432,05/06/2025,13000000,€13.00m,1.FC Union Berlin,21,2025,6
597432,10/11/2022,900000,€900k,Rapid Vienna,18,2022,11
597432,11/09/2023,3000000,€3.00m,Rapid Vienna,19,2023,9
597432,11/12/2023,3500000,€3.50m,Rapid Vienna,19,2023,12
597432,12/06/2023,1800000,€1.80m,Rapid Vienna,19,2023,6
597432,14/10/2025,15000000,€15.00m,1.FC Union Berlin,21,2025,10
597432,19/12/2025,18000000,€18.00m,1.FC Union Berlin,21,2025,12
597432,20/03/2023,1800000,€1.80m,Rapid Vienna,19,2023,3
597432,20/09/2022,400000,€400k,Rapid Vienna,18,2022,9
597432,20/12/2024,5000000,€5.00m,1.FC Union Berlin,21,2024,12
597432,21/05/2024,5000000,€5.00m,Rapid Vienna,20,2024,5
597432,23/03/2021,200000,€200k,SK Rapid Wien II,17,2021,3
597432,25/05/2022,350000,€350k,Rapid Vienna,18,2022,5
597432,26/05/2021,250000,€250k,SK Rapid Wien II,17,2021,5
597432,27/03/2025,7000000,€7.00m,1.FC Union Berlin,21,2025,3
597432,28/11/2021,300000,€300k,SK Rapid Wien II,17,2021,11
597659,01/06/2023,5000000,€5.00m,Leeds United,20,2023,5
597659,03/06/2025,10000000,€10.00m,FC Toulouse,22,2025,6
597659,10/10/2025,12000000,€12.00m,FC Toulouse,23,2025,10
597659,10/12/2024,5000000,€5.00m,FC Toulouse,22,2024,12
597659,15/06/2022,3000000,€3.00m,Leeds United,19,2022,6
597659,15/12/2025,15000000,€15.00m,FC Toulouse,23,2025,12
597659,18/03/2021,200000,€200k,Leeds United U23,18,2021,3
597659,21/12/2023,4000000,€4.00m,Leeds United,21,2023,12
597659,23/12/2021,1000000,€1.00m,Leeds United,19,2021,12
597659,24/03/2025,7000000,€7.00m,FC Toulouse,22,2025,3
597659,24/05/2024,4000000,€4.00m,Leeds United,21,2024,5
597659,27/10/2022,5000000,€5.00m,Millwall FC,20,2022,10
597659,27/10/2023,4000000,€4.00m,Leeds United,21,2023,10
598577,05/06/2025,140000000,€140.00m,Bayer 04 Leverkusen,22,2025,6
598577,07/10/2021,65000000,€65.00m,Bayer 04 Leverkusen,18,2021,10
598577,08/07/2020,10000000,€10.00m,Bayer 04 Leverkusen,17,2020,7
598577,09/06/2021,45000000,€45.00m,Bayer 04 Leverkusen,18,2021,6
598577,09/06/2022,70000000,€70.00m,Bayer 04 Leverkusen,19,2022,6
598577,09/11/2022,70000000,€70.00m,Bayer 04 Leverkusen,19,2022,11
598577,09/12/2025,110000000,€110.00m,Liverpool FC,22,2025,12
598577,10/02/2021,45000000,€45.00m,Bayer 04 Leverkusen,17,2021,2
598577,14/12/2023,100000000,€100.00m,Bayer 04 Leverkusen,20,2023,12
598577,17/10/2025,130000000,€130.00m,Liverpool FC,22,2025,10
598577,20/12/2024,140000000,€140.00m,Bayer 04 Leverkusen,21,2024,12
598577,22/06/2023,85000000,€85.00m,Bayer 04 Leverkusen,20,2023,6
598577,22/12/2021,70000000,€70.00m,Bayer 04 Leverkusen,18,2021,12
598577,26/11/2020,24000000,€24.00m,Bayer 04 Leverkusen,17,2020,11
598577,27/03/2024,110000000,€110.00m,Bayer 04 Leverkusen,20,2024,3
598577,29/03/2023,85000000,€85.00m,Bayer 04 Leverkusen,19,2023,3
598577,29/05/2024,130000000,€130.00m,Bayer 04 Leverkusen,21,2024,5
601883,01/10/2024,40000000,€40.00m,Manchester City,26,2024,9
601883,03/11/2022,45000000,€45.00m,Wolverhampton Wanderers,24,2022,11
601883,09/10/2023,55000000,€55.00m,Manchester City,25,2023,10
601883,09/12/2025,38000000,€38.00m,Manchester City,27,2025,12
601883,10/03/2022,30000000,€30.00m,Sporting CP,23,2022,3
601883,14/03/2024,50000000,€50.00m,Manchester City,25,2024,3
601883,15/09/2022,45000000,€45.00m,Wolverhampton Wanderers,24,2022,9
601883,16/12/2024,40000000,€40.00m,Manchester City,26,2024,12
601883,17/08/2020,3000000,€3.00m,Sporting CP,21,2020,8
601883,18/03/2025,35000000,€35.00m,Manchester City,26,2025,3
601883,19/12/2023,55000000,€55.00m,Manchester City,25,2023,12
601883,20/06/2023,45000000,€45.00m,Wolverhampton Wanderers,24,2023,6
601883,21/05/2021,5000000,€5.00m,Sporting CP,22,2021,5
601883,21/09/2021,10000000,€10.00m,Sporting CP,23,2021,9
601883,27/05/2024,50000000,€50.00m,Manchester City,25,2024,5
601883,27/12/2021,22000000,€22.00m,Sporting CP,23,2021,12
601883,28/01/2021,5000000,€5.00m,Sporting CP,22,2021,1
601883,30/05/2025,35000000,€35.00m,Manchester City,26,2025,5
601883,31/05/2022,35000000,€35.00m,Sporting CP,23,2022,5
602105,01/10/2024,20000000,€20.00m,Manchester United,24,2024,9
602105,02/10/2025,30000000,€30.00m,Real Betis Balompié,25,2025,10
602105,03/11/2022,75000000,€75.00m,Manchester United,22,2022,11
602105,05/01/2022,35000000,€35.00m,Ajax Amsterdam,21,2022,1
602105,06/01/2021,25000000,€25.00m,Ajax Amsterdam,20,2021,1
602105,08/04/2020,18000000,€18.00m,São Paulo Futebol Clube,20,2020,4
602105,08/06/2022,35000000,€35.00m,Ajax Amsterdam,22,2022,6
602105,09/06/2025,35000000,€35.00m,Real Betis Balompié,25,2025,6
602105,09/10/2023,50000000,€50.00m,Manchester United,23,2023,10
602105,12/12/2025,30000000,€30.00m,Real Betis Balompié,25,2025,12
602105,14/03/2024,28000000,€28.00m,Manchester United,24,2024,3
602105,14/10/2020,18000000,€18.00m,Ajax Amsterdam,20,2020,10
602105,15/08/2019,12000000,€12.00m,São Paulo Futebol Clube,19,2019,8
602105,15/09/2022,75000000,€75.00m,Manchester United,22,2022,9
602105,16/03/2023,70000000,€70.00m,Manchester United,23,2023,3
602105,16/12/2024,20000000,€20.00m,Manchester United,24,2024,12
602105,18/02/2019,5000000,€5.00m,São Paulo Futebol Clube,18,2019,2
602105,19/05/2021,25000000,€25.00m,Ajax Amsterdam,21,2021,5
602105,19/12/2023,35000000,€35.00m,Manchester United,23,2023,12
602105,20/06/2023,60000000,€60.00m,Manchester United,23,2023,6
602105,27/05/2024,25000000,€25.00m,Manchester United,24,2024,5
602105,27/11/2019,20000000,€20.00m,São Paulo Futebol Clube,19,2019,11
602105,28/05/2019,9000000,€9.00m,São Paulo Futebol Clube,19,2019,5
607223,02/11/2022,18000000,€18.00m,Olympique Lyon,19,2022,11
607223,03/06/2024,25000000,€25.00m,Olympique Lyon,20,2024,6
607223,03/06/2025,45000000,€45.00m,Olympique Lyon,21,2025,6
607223,04/06/2021,27000000,€27.00m,Olympique Lyon,17,2021,6
607223,07/10/2024,20000000,€20.00m,Olympique Lyon,21,2024,10
607223,08/04/2020,18000000,€18.00m,Olympique Lyon,16,2020,4
607223,08/10/2021,23000000,€23.00m,Olympique Lyon,18,2021,10
607223,09/12/2025,50000000,€50.00m,Manchester City,22,2025,12
607223,10/12/2024,30000000,€30.00m,Olympique Lyon,21,2024,12
607223,13/03/2020,20000000,€20.00m,Olympique Lyon,16,2020,3
607223,15/10/2020,25000000,€25.00m,Olympique Lyon,17,2020,10
607223,16/12/2021,20000000,€20.00m,Olympique Lyon,18,2021,12
607223,18/12/2023,25000000,€25.00m,Olympique Lyon,20,2023,12
607223,19/12/2019,8000000,€8.00m,Olympique Lyon B,16,2019,12
607223,24/03/2025,35000000,€35.00m,Olympique Lyon,21,2025,3
607223,27/03/2023,27000000,€27.00m,Olympique Lyon,19,2023,3
607223,27/06/2023,30000000,€30.00m,Olympique Lyon,19,2023,6
607223,30/05/2022,18000000,€18.00m,Olympique Lyon,18,2022,5
607854,05/06/2024,40000000,€40.00m,Atalanta BC,24,2024,6
607854,07/06/2022,13000000,€13.00m,US Salernitana 1919,22,2022,6
607854,07/10/2025,45000000,€45.00m,Atalanta BC,26,2025,10
607854,08/04/2020,2300000,€2.30m,Sport Club Corinthians Paulista,20,2020,4
607854,09/02/2021,4000000,€4.00m,Sport Club Corinthians Paulista,21,2021,2
607854,09/09/2020,6000000,€6.00m,Sport Club Corinthians Paulista,21,2020,9
607854,11/11/2022,20000000,€20.00m,Atalanta BC,23,2022,11
607854,12/03/2024,30000000,€30.00m,Atalanta BC,24,2024,3
607854,15/06/2023,20000000,€20.00m,Atalanta BC,23,2023,6
607854,16/10/2019,1500000,€1.50m,Cruzeiro Esporte Clube,20,2019,10
607854,17/06/2025,50000000,€50.00m,Atalanta BC,25,2025,6
607854,17/12/2021,5000000,€5.00m,Fortaleza Esporte Clube,22,2021,12
607854,18/02/2019,100000,€100k,Desportivo Brasil Ltda (SP),19,2019,2
607854,18/12/2024,50000000,€50.00m,Atalanta BC,25,2024,12
607854,20/12/2023,27000000,€27.00m,Atalanta BC,24,2023,12
607854,23/12/2025,40000000,€40.00m,Atalanta BC,26,2025,12
607854,27/09/2022,20000000,€20.00m,Atalanta BC,23,2022,9
607854,27/11/2019,2500000,€2.50m,Cruzeiro Esporte Clube,20,2019,11
607854,28/05/2021,4000000,€4.00m,Fortaleza Esporte Clube,21,2021,5
608172,07/06/2023,7500000,€7.50m,FC Luzern,20,2023,6
608172,08/06/2022,1000000,€1.00m,FC Luzern,19,2022,6
608172,10/11/2022,2500000,€2.50m,FC Luzern,20,2022,11
608172,11/12/2024,11000000,€11.00m,Club Brugge KV,22,2024,12
608172,12/06/2025,32000000,€32.00m,Club Brugge KV,22,2025,6
608172,19/10/2023,6500000,€6.50m,FC Luzern,21,2023,10
608172,21/12/2023,6500000,€6.50m,FC Luzern,21,2023,12
608172,23/06/2021,100000,€100k,FC Luzern U21,18,2021,6
608172,23/12/2025,32000000,€32.00m,AC Milan,23,2025,12
608172,26/03/2025,25000000,€25.00m,Club Brugge KV,22,2025,3
608172,28/03/2022,700000,€700k,FC Luzern,19,2022,3
608172,28/03/2023,6000000,€6.00m,FC Luzern,20,2023,3
608172,28/03/2024,6000000,€6.00m,FC Luzern,21,2024,3
608172,28/12/2020,25000,€25k,FC Luzern U21,18,2020,12
608172,31/05/2024,6000000,€6.00m,FC Luzern,21,2024,5
608172,31/07/2020,25000,€25k,FC Luzern U21,18,2020,7
610442,04/06/2021,200000,€200k,FC Copenhagen U19,18,2021,6
610442,06/10/2021,700000,€700k,FC Copenhagen,18,2021,10
610442,07/10/2025,45000000,€45.00m,SSC Napoli,22,2025,10
610442,09/10/2023,65000000,€65.00m,Manchester United,20,2023,10
610442,11/03/2022,3000000,€3.00m,SK Sturm Graz,19,2022,3
610442,11/11/2022,15000000,€15.00m,Atalanta BC,19,2022,11
610442,15/06/2023,45000000,€45.00m,Atalanta BC,20,2023,6
610442,16/12/2024,60000000,€60.00m,Manchester United,21,2024,12
610442,18/03/2025,45000000,€45.00m,Manchester United,22,2025,3
610442,19/12/2023,65000000,€65.00m,Manchester United,20,2023,12
610442,21/03/2023,35000000,€35.00m,Atalanta BC,20,2023,3
610442,23/12/2020,150000,€150k,FC Copenhagen U19,17,2020,12
610442,23/12/2025,45000000,€45.00m,SSC Napoli,22,2025,12
610442,27/05/2022,4500000,€4.50m,SK Sturm Graz,19,2022,5
610442,27/05/2024,65000000,€65.00m,Manchester United,21,2024,5
610442,27/09/2022,15000000,€15.00m,Atalanta BC,19,2022,9
610442,28/12/2021,1000000,€1.00m,FC Copenhagen,18,2021,12
610442,30/05/2025,35000000,€35.00m,Manchester United,22,2025,5
610849,01/06/2023,5000000,€5.00m,Manchester City U21,20,2023,5
610849,01/10/2024,15000000,€15.00m,Ipswich Town,21,2024,9
610849,09/12/2025,35000000,€35.00m,Chelsea FC,22,2025,12
610849,13/10/2020,1000000,€1.00m,Manchester City U23,17,2020,10
610849,14/09/2022,7000000,€7.00m,Stoke City,19,2022,9
610849,15/06/2022,1500000,€1.50m,Manchester City U23,19,2022,6
610849,16/12/2024,25000000,€25.00m,Ipswich Town,21,2024,12
610849,18/03/2025,35000000,€35.00m,Ipswich Town,22,2025,3
610849,21/12/2023,8000000,€8.00m,Hull City,20,2023,12
610849,24/05/2024,8000000,€8.00m,Hull City,21,2024,5
610849,27/10/2022,7000000,€7.00m,Stoke City,19,2022,10
610849,27/10/2023,7000000,€7.00m,Hull City,20,2023,10
610849,30/05/2025,40000000,€40.00m,Ipswich Town,22,2025,5
614258,03/11/2022,10000000,€10.00m,Brighton & Hove Albion,19,2022,11
614258,09/10/2023,42000000,€42.00m,Chelsea FC,20,2023,10
614258,09/12/2025,50000000,€50.00m,Chelsea FC,22,2025,12
614258,12/07/2023,35000000,€35.00m,Chelsea FC,20,2023,7
614258,13/05/2022,5000000,€5.00m,Huddersfield Town,19,2022,5
614258,14/03/2024,50000000,€50.00m,Chelsea FC,21,2024,3
614258,15/09/2022,10000000,€10.00m,Brighton & Hove Albion,19,2022,9
614258,16/03/2023,16000000,€16.00m,Brighton & Hove Albion,20,2023,3
614258,16/12/2024,55000000,€55.00m,Chelsea FC,21,2024,12
614258,19/12/2023,55000000,€55.00m,Chelsea FC,20,2023,12
614258,20/06/2023,30000000,€30.00m,Chelsea FC,20,2023,6
614258,24/11/2021,2500000,€2.50m,Huddersfield Town,18,2021,11
614258,27/05/2024,50000000,€50.00m,Chelsea FC,21,2024,5
614258,30/05/2025,55000000,€55.00m,Chelsea FC,22,2025,5
616341,01/06/2021,40000000,€40.00m,Sporting CP,18,2021,5
616341,02/11/2022,60000000,€60.00m,Paris Saint-Germain,20,2022,11
616341,03/06/2024,55000000,€55.00m,Paris Saint-Germain,21,2024,6
616341,03/06/2025,70000000,€70.00m,Paris Saint-Germain,22,2025,6
616341,10/10/2025,75000000,€75.00m,Paris Saint-Germain,23,2025,10
616341,10/12/2024,55000000,€55.00m,Paris Saint-Germain,22,2024,12
616341,15/12/2025,75000000,€75.00m,Paris Saint-Germain,23,2025,12
616341,16/12/2021,40000000,€40.00m,Paris Saint-Germain,19,2021,12
616341,17/08/2020,7000000,€7.00m,Sporting CP,18,2020,8
616341,18/12/2023,60000000,€60.00m,Paris Saint-Germain,21,2023,12
616341,19/09/2022,50000000,€50.00m,Paris Saint-Germain,20,2022,9
616341,22/10/2020,12000000,€12.00m,Sporting CP,18,2020,10
616341,25/03/2021,25000000,€25.00m,Sporting CP,18,2021,3
616341,27/03/2023,65000000,€65.00m,Paris Saint-Germain,20,2023,3
616341,27/06/2023,65000000,€65.00m,Paris Saint-Germain,21,2023,6
616341,28/01/2021,17000000,€17.00m,Sporting CP,18,2021,1
616341,30/05/2022,40000000,€40.00m,Paris Saint-Germain,19,2022,5
616369,01/06/2019,10000000,€10.00m,Real Sociedad B,17,2019,5
616369,02/10/2025,18000000,€18.00m,Real Sociedad,23,2025,10
616369,03/06/2022,9000000,€9.00m,Real Sociedad,20,2022,6
616369,05/01/2021,15000000,€15.00m,Real Sociedad,19,2021,1
616369,07/06/2024,20000000,€20.00m,Real Sociedad,22,2024,6
616369,07/11/2022,6000000,€6.00m,Real Sociedad,20,2022,11
616369,08/04/2020,9000000,€9.00m,Real Sociedad,18,2020,4
616369,08/10/2020,11000000,€11.00m,Real Sociedad,18,2020,10
616369,09/06/2025,15000000,€15.00m,Real Sociedad,23,2025,6
616369,10/06/2021,15000000,€15.00m,Real Sociedad,19,2021,6
616369,12/12/2025,20000000,€20.00m,Real Sociedad,23,2025,12
616369,13/06/2023,6000000,€6.00m,Real Sociedad,21,2023,6
616369,13/10/2023,15000000,€15.00m,Real Sociedad,21,2023,10
616369,19/02/2019,1000000,€1.00m,Real Sociedad B,17,2019,2
616369,20/12/2019,10000000,€10.00m,Real Sociedad,17,2019,12
616369,21/03/2022,12000000,€12.00m,Real Sociedad,20,2022,3
616369,21/03/2025,18000000,€18.00m,Real Sociedad,23,2025,3
616369,22/12/2023,20000000,€20.00m,Real Sociedad,21,2023,12
616369,27/12/2024,20000000,€20.00m,Real Sociedad,23,2024,12
616369,30/12/2021,15000000,€15.00m,Real Sociedad,20,2021,12
616631,03/06/2021,2000000,€2.00m,Atalanta BC,18,2021,6
616631,05/06/2024,20000000,€20.00m,Atalanta BC,21,2024,6
616631,07/06/2022,2000000,€2.00m,US Salernitana 1919,19,2022,6
616631,11/10/2023,9000000,€9.00m,Atalanta BC,21,2023,10
616631,11/11/2022,2000000,€2.00m,Atalanta BC,20,2022,11
616631,12/12/2025,15000000,€15.00m,Atlético de Madrid,23,2025,12
616631,15/06/2023,4000000,€4.00m,Atalanta BC,20,2023,6
616631,17/06/2025,16000000,€16.00m,Atalanta BC,22,2025,6
616631,18/12/2024,20000000,€20.00m,Atalanta BC,22,2024,12
616631,20/12/2023,15000000,€15.00m,Atalanta BC,21,2023,12
616631,28/12/2021,2000000,€2.00m,US Salernitana 1919,19,2021,12
616631,29/10/2020,500000,€500k,Atalanta BC,18,2020,10
616631,29/12/2020,1000000,€1.00m,Atalanta BC,18,2020,12
617081,07/06/2024,14000000,€14.00m,Valencia CF,22,2024,6
617081,09/06/2025,15000000,€15.00m,Valencia CF,23,2025,6
617081,11/10/2024,12000000,€12.00m,Valencia CF,22,2024,10
617081,12/12/2025,15000000,€15.00m,Valencia CF,23,2025,12
617081,13/06/2023,1500000,€1.50m,Valencia Mestalla,21,2023,6
617081,13/10/2023,10000000,€10.00m,Valencia CF,21,2023,10
617081,21/03/2024,12000000,€12.00m,Valencia CF,21,2024,3
617081,22/12/2023,10000000,€10.00m,Valencia CF,21,2023,12
617081,26/09/2022,25000,€25k,Valencia Mestalla,20,2022,9
617081,27/12/2024,10000000,€10.00m,Valencia CF,22,2024,12
617081,29/12/2022,50000,€50k,Valencia Mestalla,20,2022,12
618341,05/06/2024,13000000,€13.00m,SS Lazio,23,2024,6
618341,08/01/2021,200000,€200k,Real Madrid Castilla,20,2021,1
618341,08/10/2020,100000,€100k,Real Madrid Castilla,20,2020,10
618341,10/09/2019,100000,€100k,Real Madrid Castilla,19,2019,9
618341,11/02/2020,100000,€100k,Real Madrid Castilla,19,2020,2
618341,11/11/2022,3000000,€3.00m,SS Lazio,22,2022,11
618341,12/03/2024,8000000,€8.00m,SS Lazio,23,2024,3
618341,13/10/2021,500000,€500k,Real Madrid Castilla,21,2021,10
618341,15/06/2023,3000000,€3.00m,SS Lazio,22,2023,6
618341,17/06/2025,30000000,€30.00m,SS Lazio,24,2025,6
618341,18/10/2024,18000000,€18.00m,SS Lazio,24,2024,10
618341,18/12/2024,28000000,€28.00m,SS Lazio,24,2024,12
618341,20/12/2023,3000000,€3.00m,SS Lazio,23,2023,12
618341,23/12/2025,30000000,€30.00m,SS Lazio,25,2025,12
618341,27/09/2022,3000000,€3.00m,SS Lazio,22,2022,9
618341,29/06/2022,500000,€500k,Real Madrid Castilla,21,2022,6
618341,30/06/2021,200000,€200k,Real Madrid Castilla,20,2021,6
618341,30/12/2021,500000,€500k,Real Madrid Castilla,21,2021,12
618472,02/11/2022,20000000,€20.00m,Olympique Lyon,19,2022,11
618472,05/06/2025,40000000,€40.00m,RB Leipzig,22,2025,6
618472,06/08/2021,400000,€400k,Olympique Lyon,18,2021,8
618472,08/10/2021,1000000,€1.00m,Olympique Lyon,18,2021,10
618472,14/12/2023,40000000,€40.00m,RB Leipzig,20,2023,12
618472,16/12/2021,2500000,€2.50m,Olympique Lyon,18,2021,12
618472,18/10/2023,35000000,€35.00m,RB Leipzig,20,2023,10
618472,19/12/2025,45000000,€45.00m,RB Leipzig,23,2025,12
618472,20/12/2024,50000000,€50.00m,RB Leipzig,22,2024,12
618472,23/03/2022,15000000,€15.00m,Olympique Lyon,19,2022,3
618472,27/06/2023,25000000,€25.00m,Olympique Lyon,20,2023,6
618472,29/05/2024,40000000,€40.00m,RB Leipzig,21,2024,5
618472,30/05/2022,20000000,€20.00m,Olympique Lyon,19,2022,5
618494,01/06/2023,7000000,€7.00m,Liverpool FC U21,20,2023,5
618494,05/10/2021,300000,€300k,Liverpool FC U23,18,2021,10
618494,10/10/2025,12000000,€12.00m,Olympique Lyon,22,2025,10
618494,14/09/2022,4000000,€4.00m,Blackburn Rovers,19,2022,9
618494,15/12/2025,18000000,€18.00m,Olympique Lyon,23,2025,12
618494,16/12/2024,8000000,€8.00m,Liverpool FC,22,2024,12
618494,21/12/2023,8000000,€8.00m,Hull City,21,2023,12
618494,24/03/2023,7000000,€7.00m,Blackburn Rovers,20,2023,3
618494,24/05/2024,8000000,€8.00m,Hull City,21,2024,5
618494,27/10/2022,5000000,€5.00m,Blackburn Rovers,19,2022,10
618494,29/03/2022,3000000,€3.00m,Liverpool FC U23,19,2022,3
618494,30/05/2025,7000000,€7.00m,Liverpool FC,22,2025,5
620322,02/11/2022,15000000,€15.00m,Olympique Lyon,19,2022,11
620322,04/06/2021,500000,€500k,Olympique Lyon B,18,2021,6
620322,08/10/2021,3000000,€3.00m,Olympique Lyon,18,2021,10
620322,09/03/2021,500000,€500k,Olympique Lyon B,17,2021,3
620322,09/12/2025,35000000,€35.00m,Chelsea FC,22,2025,12
620322,14/03/2024,32000000,€32.00m,Chelsea FC,20,2024,3
620322,16/12/2021,7000000,€7.00m,Olympique Lyon,18,2021,12
620322,16/12/2024,35000000,€35.00m,Chelsea FC,21,2024,12
620322,19/09/2022,15000000,€15.00m,Olympique Lyon,19,2022,9
620322,19/12/2023,25000000,€25.00m,Chelsea FC,20,2023,12
620322,23/03/2022,9000000,€9.00m,Olympique Lyon,18,2022,3
620322,27/03/2023,25000000,€25.00m,Olympique Lyon,19,2023,3
620322,27/05/2024,35000000,€35.00m,Chelsea FC,21,2024,5
620322,27/06/2023,25000000,€25.00m,Olympique Lyon,20,2023,6
620322,30/05/2022,12000000,€12.00m,Olympique Lyon,19,2022,5
620322,30/05/2025,35000000,€35.00m,Chelsea FC,22,2025,5
623570,01/06/2023,18000000,€18.00m,Sheffield United,23,2023,5
623570,03/06/2024,15000000,€15.00m,Olympique Marseille,24,2024,6
623570,09/12/2025,45000000,€45.00m,Everton FC,25,2025,12
623570,13/05/2022,1500000,€1.50m,Sheffield United,22,2022,5
623570,14/09/2022,2500000,€2.50m,Sheffield United,22,2022,9
623570,16/12/2024,18000000,€18.00m,Everton FC,24,2024,12
623570,17/10/2025,35000000,€35.00m,Everton FC,25,2025,10
623570,18/03/2021,200000,€200k,Sheffield United U23,21,2021,3
623570,18/03/2025,22000000,€22.00m,Everton FC,25,2025,3
623570,18/12/2023,18000000,€18.00m,Olympique Marseille,23,2023,12
623570,23/12/2022,7000000,€7.00m,Sheffield United,22,2022,12
623570,24/03/2023,15000000,€15.00m,Sheffield United,23,2023,3
623570,24/11/2021,700000,€700k,Sheffield United,21,2021,11
623570,27/10/2022,3500000,€3.50m,Sheffield United,22,2022,10
623570,30/05/2025,22000000,€22.00m,Everton FC,25,2025,5
624690,07/10/2025,50000000,€50.00m,AS Roma,24,2025,10
624690,08/04/2020,5400000,€5.40m,FC Toulouse,18,2020,4
624690,09/06/2022,18000000,€18.00m,Borussia Mönchengladbach,21,2022,6
624690,09/11/2022,25000000,€25.00m,Borussia Mönchengladbach,21,2022,11
624690,11/02/2020,6000000,€6.00m,FC Toulouse,18,2020,2
624690,11/03/2021,7000000,€7.00m,FC Toulouse,19,2021,3
624690,11/11/2020,5000000,€5.00m,FC Toulouse,19,2020,11
624690,14/12/2023,35000000,€35.00m,Borussia Mönchengladbach,22,2023,12
624690,17/06/2025,40000000,€40.00m,AS Roma,24,2025,6
624690,18/12/2024,26000000,€26.00m,AS Roma,23,2024,12
624690,19/12/2019,2000000,€2.00m,FC Toulouse,18,2019,12
624690,21/09/2022,25000000,€25.00m,Borussia Mönchengladbach,21,2022,9
624690,22/06/2023,40000000,€40.00m,Borussia Mönchengladbach,22,2023,6
624690,22/12/2021,15000000,€15.00m,Borussia Mönchengladbach,20,2021,12
624690,23/12/2025,50000000,€50.00m,AS Roma,24,2025,12
624690,25/03/2025,35000000,€35.00m,AS Roma,23,2025,3
624690,25/06/2021,7000000,€7.00m,FC Toulouse,20,2021,6
624690,27/03/2024,25000000,€25.00m,Borussia Mönchengladbach,22,2024,3
624690,27/09/2019,150000,€150k,FC Toulouse,18,2019,9
624690,29/03/2023,30000000,€30.00m,Borussia Mönchengladbach,21,2023,3
624690,29/05/2024,20000000,€20.00m,Borussia Mönchengladbach,23,2024,5
625014,03/06/2022,5000000,€5.00m,Bilbao Athletic,21,2022,6
625014,07/01/2021,100000,€100k,Bilbao Athletic,20,2021,1
625014,07/06/2024,5000000,€5.00m,Athletic Bilbao,23,2024,6
625014,07/11/2022,5000000,€5.00m,Athletic Bilbao,21,2022,11
625014,08/10/2020,50000,€50k,Bilbao Athletic,19,2020,10
625014,09/06/2025,15000000,€15.00m,Athletic Bilbao,24,2025,6
625014,11/10/2024,10000000,€10.00m,Athletic Bilbao,23,2024,10
625014,12/12/2025,15000000,€15.00m,Valencia CF,24,2025,12
625014,13/06/2023,5000000,€5.00m,Athletic Bilbao,22,2023,6
625014,13/10/2021,5000000,€5.00m,Bilbao Athletic,20,2021,10
625014,19/03/2021,500000,€500k,Bilbao Athletic,20,2021,3
625014,22/12/2023,5000000,€5.00m,Athletic Bilbao,22,2023,12
625014,27/12/2024,15000000,€15.00m,Athletic Bilbao,24,2024,12
625014,29/06/2022,5000000,€5.00m,Bilbao Athletic,21,2022,6
625014,30/06/2021,500000,€500k,Bilbao Athletic,20,2021,6
625014,30/12/2021,5000000,€5.00m,Bilbao Athletic,21,2021,12
625047,07/01/2021,200000,€200k,Bilbao Athletic,19,2021,1
625047,07/06/2024,15000000,€15.00m,Athletic Bilbao,23,2024,6
625047,08/10/2020,50000,€50k,Bilbao Athletic,19,2020,10
625047,09/06/2025,18000000,€18.00m,Athletic Bilbao,24,2025,6
625047,12/12/2025,18000000,€18.00m,Athletic Bilbao,24,2025,12
625047,13/10/2021,400000,€400k,Bilbao Athletic,20,2021,10
625047,13/10/2023,1500000,€1.50m,Athletic Bilbao,22,2023,10
625047,14/06/2023,600000,€600k,CD Mirandés,22,2023,6
625047,21/03/2024,8000000,€8.00m,Athletic Bilbao,23,2024,3
625047,21/03/2025,18000000,€18.00m,Athletic Bilbao,24,2025,3
625047,22/12/2023,3000000,€3.00m,Athletic Bilbao,22,2023,12
625047,27/12/2024,20000000,€20.00m,Athletic Bilbao,23,2024,12
625047,29/06/2022,500000,€500k,Bilbao Athletic,21,2022,6
625047,29/12/2022,500000,€500k,CD Mirandés,21,2022,12
625047,30/06/2021,200000,€200k,Bilbao Athletic,20,2021,6
625047,30/12/2021,500000,€500k,Bilbao Athletic,20,2021,12
626724,01/06/2023,32000000,€32.00m,Watford FC,21,2023,5
626724,01/10/2024,50000000,€50.00m,Brighton & Hove Albion,23,2024,9
626724,08/04/2020,18000000,€18.00m,Watford FC,18,2020,4
626724,09/12/2025,65000000,€65.00m,Chelsea FC,24,2025,12
626724,10/03/2021,10000000,€10.00m,Watford FC,19,2021,3
626724,14/03/2024,45000000,€45.00m,Brighton & Hove Albion,22,2024,3
626724,14/09/2022,20000000,€20.00m,Watford FC,20,2022,9
626724,15/06/2022,14000000,€14.00m,Watford FC,20,2022,6
626724,15/10/2020,12000000,€12.00m,Watford FC,19,2020,10
626724,16/12/2024,50000000,€50.00m,Brighton & Hove Albion,23,2024,12
626724,17/10/2025,65000000,€65.00m,Chelsea FC,24,2025,10
626724,19/12/2023,35000000,€35.00m,Brighton & Hove Albion,22,2023,12
626724,22/12/2020,10000000,€10.00m,Watford FC,19,2020,12
626724,23/12/2021,10000000,€10.00m,Watford FC,20,2021,12
626724,24/03/2023,24000000,€24.00m,Watford FC,21,2023,3
626724,27/05/2024,45000000,€45.00m,Brighton & Hove Albion,22,2024,5
626724,27/10/2022,20000000,€20.00m,Watford FC,21,2022,10
626724,27/11/2019,20000000,€20.00m,Fluminense Football Club,18,2019,11
626724,28/05/2019,20000000,€20.00m,Fluminense Football Club,17,2019,5
626724,30/05/2025,50000000,€50.00m,Brighton & Hove Albion,23,2025,5
626724,30/06/2021,10000000,€10.00m,Watford FC,19,2021,6
626724,30/07/2020,15000000,€15.00m,Watford FC,18,2020,7
627228,05/06/2025,20000000,€20.00m,Borussia Dortmund,23,2025,6
627228,07/06/2024,25000000,€25.00m,Girona FC,22,2024,6
627228,07/11/2022,6000000,€6.00m,Girona FC,20,2022,11
627228,08/01/2021,3600000,€3.60m,Girona FC,18,2021,1
627228,08/04/2020,3600000,€3.60m,Coritiba Foot Ball Club,17,2020,4
627228,08/10/2020,3600000,€3.60m,Girona FC,18,2020,10
627228,13/06/2023,4000000,€4.00m,Girona FC,21,2023,6
627228,13/10/2023,8000000,€8.00m,Girona FC,21,2023,10
627228,19/03/2021,3000000,€3.00m,Girona FC,18,2021,3
627228,19/12/2025,20000000,€20.00m,Borussia Dortmund,23,2025,12
627228,20/02/2020,4000000,€4.00m,Coritiba Foot Ball Club,17,2020,2
627228,20/12/2024,25000000,€25.00m,Borussia Dortmund,22,2024,12
627228,21/03/2024,15000000,€15.00m,Girona FC,21,2024,3
627228,22/12/2023,12000000,€12.00m,Girona FC,21,2023,12
627228,23/03/2023,4000000,€4.00m,Girona FC,20,2023,3
627228,24/06/2021,4000000,€4.00m,Girona FC,19,2021,6
627228,27/03/2025,20000000,€20.00m,Borussia Dortmund,22,2025,3
627228,27/11/2019,1000000,€1.00m,Unknown,17,2019,11
627228,27/12/2021,5000000,€5.00m,SC Braga,19,2021,12
627228,31/05/2022,5000000,€5.00m,SC Braga,19,2022,5
627442,02/06/2021,5000000,€5.00m,FC Liefering,18,2021,6
627442,03/07/2019,1250000,€1.25m,FC Liefering,16,2019,7
627442,03/12/2019,1250000,€1.25m,FC Liefering,16,2019,12
627442,05/06/2025,70000000,€70.00m,RB Leipzig,22,2025,6
627442,06/09/2021,8000000,€8.00m,Red Bull Salzburg,18,2021,9
627442,08/04/2020,1100000,€1.10m,FC Liefering,16,2020,4
627442,09/12/2025,60000000,€60.00m,Manchester United,22,2025,12
627442,10/11/2022,20000000,€20.00m,Red Bull Salzburg,19,2022,11
627442,12/06/2023,24000000,€24.00m,Red Bull Salzburg,20,2023,6
627442,14/12/2023,30000000,€30.00m,RB Leipzig,20,2023,12
627442,16/12/2021,8000000,€8.00m,Red Bull Salzburg,18,2021,12
627442,18/10/2023,30000000,€30.00m,RB Leipzig,20,2023,10
627442,19/12/2020,1500000,€1.50m,FC Liefering,17,2020,12
627442,20/09/2022,20000000,€20.00m,Red Bull Salzburg,19,2022,9
627442,20/12/2024,50000000,€50.00m,RB Leipzig,21,2024,12
627442,27/03/2024,40000000,€40.00m,RB Leipzig,20,2024,3
627442,27/03/2025,65000000,€65.00m,RB Leipzig,21,2025,3
627442,27/05/2022,10000000,€10.00m,Red Bull Salzburg,18,2022,5
627442,29/05/2024,50000000,€50.00m,RB Leipzig,20,2024,5
627442,31/07/2020,1100000,€1.10m,FC Liefering,17,2020,7
631821,03/09/2021,200000,€200k,Chornomorets Odesa,19,2021,9
631821,06/06/2024,10000000,€10.00m,Dynamo Kyiv,22,2024,6
631821,06/09/2022,400000,€400k,Dynamo Kyiv,20,2022,9
631821,06/12/2022,800000,€800k,Dynamo Kyiv,20,2022,12
631821,07/06/2021,100000,€100k,Dynamo Kyiv II,19,2021,6
631821,10/06/2025,15000000,€15.00m,Dynamo Kyiv,23,2025,6
631821,11/12/2023,3000000,€3.00m,Dynamo Kyiv,21,2023,12
631821,12/12/2025,15000000,€15.00m,Girona FC,23,2025,12
631821,17/12/2024,11000000,€11.00m,Dynamo Kyiv,22,2024,12
631821,18/03/2024,7000000,€7.00m,Dynamo Kyiv,22,2024,3
631821,18/05/2022,300000,€300k,Dynamo Kyiv,20,2022,5
631821,20/12/2021,300000,€300k,Chornomorets Odesa,19,2021,12
631821,21/06/2023,2000000,€2.00m,Dynamo Kyiv,21,2023,6
632349,05/04/2023,400000,€400k,Bristol Rovers,20,2023,4
632349,09/10/2023,2000000,€2.00m,Liverpool FC,20,2023,10
632349,14/03/2024,12000000,€12.00m,Liverpool FC,21,2024,3
632349,14/10/2025,35000000,€35.00m,Bayer 04 Leverkusen,22,2025,10
632349,16/12/2024,22000000,€22.00m,Liverpool FC,21,2024,12
632349,19/12/2023,6000000,€6.00m,Liverpool FC,20,2023,12
632349,19/12/2025,40000000,€40.00m,Bayer 04 Leverkusen,22,2025,12
632349,27/05/2024,22000000,€22.00m,Liverpool FC,21,2024,5
632349,30/05/2025,20000000,€20.00m,Liverpool FC,22,2025,5
636688,03/06/2022,4000000,€4.00m,FC Barcelona B,18,2022,6
636688,07/06/2024,40000000,€40.00m,FC Barcelona,20,2024,6
636688,07/11/2022,15000000,€15.00m,FC Barcelona,19,2022,11
636688,08/01/2021,500000,€500k,FC Barcelona B,17,2021,1
636688,08/10/2020,200000,€200k,FC Barcelona U19,16,2020,10
636688,09/06/2025,60000000,€60.00m,FC Barcelona,21,2025,6
636688,12/12/2025,60000000,€60.00m,FC Barcelona,22,2025,12
636688,13/06/2023,50000000,€50.00m,FC Barcelona,19,2023,6
636688,13/10/2021,5000000,€5.00m,FC Barcelona B,17,2021,10
636688,21/03/2024,40000000,€40.00m,FC Barcelona,20,2024,3
636688,21/03/2025,60000000,€60.00m,FC Barcelona,21,2025,3
636688,22/12/2023,50000000,€50.00m,FC Barcelona,20,2023,12
636688,23/03/2023,30000000,€30.00m,FC Barcelona,19,2023,3
636688,23/09/2022,8000000,€8.00m,FC Barcelona,18,2022,9
636688,27/12/2024,50000000,€50.00m,FC Barcelona,21,2024,12
636688,29/06/2022,4000000,€4.00m,FC Barcelona B,18,2022,6
636688,30/06/2021,500000,€500k,FC Barcelona B,17,2021,6
636688,30/12/2021,5000000,€5.00m,FC Barcelona B,18,2021,12
636695,09/06/2025,30000000,€30.00m,FC Barcelona,21,2025,6
636695,11/10/2024,15000000,€15.00m,FC Barcelona,21,2024,10
636695,12/12/2025,25000000,€25.00m,FC Barcelona,22,2025,12
636695,20/12/2023,600000,€600k,FC Barcelona Atlètic,20,2023,12
636695,24/06/2024,2500000,€2.50m,FC Barcelona Atlètic,20,2024,6
636695,26/03/2024,1500000,€1.50m,FC Barcelona Atlètic,20,2024,3
636695,26/09/2022,150000,€150k,FC Barcelona Atlètic,19,2022,9
636695,27/12/2024,30000000,€30.00m,FC Barcelona,21,2024,12
636695,29/12/2022,250000,€250k,FC Barcelona Atlètic,19,2022,12
636695,30/06/2023,300000,€300k,FC Barcelona Atlètic,19,2023,6
636703,02/10/2025,60000000,€60.00m,FC Barcelona,22,2025,10
636703,07/06/2024,30000000,€30.00m,FC Barcelona,21,2024,6
636703,09/06/2025,50000000,€50.00m,FC Barcelona,22,2025,6
636703,11/10/2024,50000000,€50.00m,FC Barcelona,21,2024,10
636703,12/12/2025,70000000,€70.00m,FC Barcelona,22,2025,12
636703,13/10/2023,8000000,€8.00m,FC Barcelona,20,2023,10
636703,22/12/2023,15000000,€15.00m,FC Barcelona,20,2023,12
636703,26/09/2022,50000,€50k,Linares Deportivo,19,2022,9
636703,27/12/2024,50000000,€50.00m,FC Barcelona,21,2024,12
636703,29/12/2022,100000,€100k,Linares Deportivo,19,2022,12
636703,30/06/2023,300000,€300k,FC Barcelona Atlètic,20,2023,6
640428,02/10/2025,50000000,€50.00m,Real Madrid,22,2025,10
640428,03/06/2019,4000000,€4.00m,Stade Rennais FC,16,2019,6
640428,03/06/2022,55000000,€55.00m,Real Madrid,19,2022,6
640428,04/06/2021,55000000,€55.00m,Stade Rennais FC,18,2021,6
640428,07/01/2021,60000000,€60.00m,Stade Rennais FC,18,2021,1
640428,07/06/2024,100000000,€100.00m,Real Madrid,21,2024,6
640428,07/11/2022,50000000,€50.00m,Real Madrid,19,2022,11
640428,08/04/2020,37500000,€37.50m,Stade Rennais FC,17,2020,4
640428,09/06/2025,60000000,€60.00m,Real Madrid,22,2025,6
640428,12/12/2025,50000000,€50.00m,Real Madrid,23,2025,12
640428,13/03/2020,42000000,€42.00m,Stade Rennais FC,17,2020,3
640428,13/06/2023,85000000,€85.00m,Real Madrid,20,2023,6
640428,13/10/2023,90000000,€90.00m,Real Madrid,20,2023,10
640428,15/10/2020,50000000,€50.00m,Stade Rennais FC,17,2020,10
640428,19/12/2019,35000000,€35.00m,Stade Rennais FC,17,2019,12
640428,21/03/2025,70000000,€70.00m,Real Madrid,22,2025,3
640428,22/12/2023,90000000,€90.00m,Real Madrid,21,2023,12
640428,23/03/2023,60000000,€60.00m,Real Madrid,20,2023,3
640428,27/09/2019,20000000,€20.00m,Stade Rennais FC,16,2019,9
640428,27/12/2024,80000000,€80.00m,Real Madrid,22,2024,12
640428,30/12/2021,55000000,€55.00m,Real Madrid,19,2021,12
643574,05/06/2025,20000000,€20.00m,1.FSV Mainz 05,24,2025,6
643574,06/01/2023,750000,€750k,Machida Zelvia,22,2023,1
643574,09/01/2024,1000000,€1.00m,Kashima Antlers,23,2024,1
643574,09/10/2024,2500000,€2.50m,1.FSV Mainz 05,23,2024,10
643574,12/06/2024,1500000,€1.50m,Kashima Antlers,23,2024,6
643574,13/01/2022,650000,€650k,Machida Zelvia,21,2022,1
643574,14/10/2025,25000000,€25.00m,1.FSV Mainz 05,24,2025,10
643574,19/12/2025,25000000,€25.00m,1.FSV Mainz 05,24,2025,12
643574,20/12/2024,7000000,€7.00m,1.FSV Mainz 05,23,2024,12
643574,27/01/2021,500000,€500k,Machida Zelvia,20,2021,1
643574,27/03/2025,17000000,€17.00m,1.FSV Mainz 05,24,2025,3
643574,27/06/2019,25000,€25k,Machida Zelvia,18,2019,6
643574,28/06/2021,500000,€500k,Machida Zelvia,20,2021,6
643574,28/06/2022,700000,€700k,Machida Zelvia,21,2022,6
643574,28/06/2023,800000,€800k,Kashima Antlers,22,2023,6
643574,28/12/2019,250000,€250k,Machida Zelvia,18,2019,12
644771,04/01/2021,8000000,€8.00m,Club Brugge KV,20,2021,1
644771,07/06/2021,13000000,€13.00m,Club Brugge KV,20,2021,6
644771,07/10/2021,23000000,€23.00m,Bayer 04 Leverkusen,20,2021,10
644771,08/04/2020,4000000,€4.00m,Club Brugge KV,19,2020,4
644771,09/06/2022,20000000,€20.00m,Bayer 04 Leverkusen,21,2022,6
644771,09/11/2022,20000000,€20.00m,Bayer 04 Leverkusen,21,2022,11
644771,13/12/2019,3000000,€3.00m,Club Brugge KV,18,2019,12
644771,14/12/2023,35000000,€35.00m,Bayer 04 Leverkusen,22,2023,12
644771,16/10/2020,6000000,€6.00m,Club Brugge KV,19,2020,10
644771,17/03/2021,12000000,€12.00m,Club Brugge KV,20,2021,3
644771,17/06/2025,25000000,€25.00m,Atalanta BC,24,2025,6
644771,18/10/2023,28000000,€28.00m,Bayer 04 Leverkusen,22,2023,10
644771,18/10/2024,30000000,€30.00m,Atalanta BC,23,2024,10
644771,18/12/2024,30000000,€30.00m,Atalanta BC,23,2024,12
644771,22/06/2023,18000000,€18.00m,Bayer 04 Leverkusen,22,2023,6
644771,22/12/2021,23000000,€23.00m,Bayer 04 Leverkusen,20,2021,12
644771,23/12/2025,22000000,€22.00m,Atalanta BC,24,2025,12
644771,24/03/2022,20000000,€20.00m,Bayer 04 Leverkusen,21,2022,3
644771,25/03/2025,25000000,€25.00m,Atalanta BC,24,2025,3
644771,28/06/2019,2800000,€2.80m,Hammarby IF,18,2019,6
644771,29/05/2024,35000000,€35.00m,Bayer 04 Leverkusen,23,2024,5
644771,30/03/2020,4500000,€4.50m,Club Brugge KV,19,2020,3
646740,02/10/2025,40000000,€40.00m,FC Barcelona,21,2025,10
646740,03/06/2022,60000000,€60.00m,FC Barcelona,17,2022,6
646740,07/06/2024,90000000,€90.00m,FC Barcelona,19,2024,6
646740,07/11/2022,90000000,€90.00m,FC Barcelona,18,2022,11
646740,09/06/2025,60000000,€60.00m,FC Barcelona,20,2025,6
646740,12/12/2025,40000000,€40.00m,FC Barcelona,21,2025,12
646740,13/06/2023,90000000,€90.00m,FC Barcelona,18,2023,6
646740,13/10/2021,25000000,€25.00m,FC Barcelona,17,2021,10
646740,21/03/2022,60000000,€60.00m,FC Barcelona,17,2022,3
646740,21/03/2025,70000000,€70.00m,FC Barcelona,20,2025,3
646740,22/12/2023,90000000,€90.00m,FC Barcelona,19,2023,12
646740,23/09/2022,70000000,€70.00m,FC Barcelona,18,2022,9
646740,27/12/2024,80000000,€80.00m,FC Barcelona,20,2024,12
646740,30/12/2021,40000000,€40.00m,FC Barcelona,17,2021,12
648020,01/04/2022,500000,€500k,GD Chaves,22,2022,3
648020,02/11/2022,2500000,€2.50m,LOSC Lille,23,2022,11
648020,03/06/2024,8000000,€8.00m,LOSC Lille,24,2024,6
648020,03/06/2025,20000000,€20.00m,LOSC Lille,25,2025,6
648020,05/11/2021,250000,€250k,GD Chaves,22,2021,11
648020,10/12/2024,12000000,€12.00m,LOSC Lille,25,2024,12
648020,15/12/2025,20000000,€20.00m,LOSC Lille,26,2025,12
648020,18/12/2023,7000000,€7.00m,LOSC Lille,24,2023,12
648020,19/09/2022,2000000,€2.00m,LOSC Lille,23,2022,9
648020,24/03/2025,15000000,€15.00m,LOSC Lille,25,2025,3
648020,27/06/2022,800000,€800k,GD Chaves,22,2022,6
648020,27/06/2023,5000000,€5.00m,LOSC Lille,23,2023,6
648046,01/10/2024,45000000,€45.00m,Brighton & Hove Albion,19,2024,9
648046,03/11/2022,1000000,€1.00m,Brighton & Hove Albion,18,2022,11
648046,05/10/2021,400000,€400k,Brighton & Hove Albion U23,16,2021,10
648046,09/10/2023,65000000,€65.00m,Brighton & Hove Albion,18,2023,10
648046,14/03/2024,60000000,€60.00m,Brighton & Hove Albion,19,2024,3
648046,15/06/2022,600000,€600k,Brighton & Hove Albion U23,17,2022,6
648046,15/09/2022,1000000,€1.00m,Brighton & Hove Albion,17,2022,9
648046,16/03/2023,10000000,€10.00m,Brighton & Hove Albion,18,2023,3
648046,16/12/2024,40000000,€40.00m,Brighton & Hove Albion,20,2024,12
648046,18/03/2025,32000000,€32.00m,West Ham United,20,2025,3
648046,19/12/2023,65000000,€65.00m,Brighton & Hove Albion,19,2023,12
648046,20/06/2023,30000000,€30.00m,Brighton & Hove Albion,18,2023,6
648046,23/12/2025,25000000,€25.00m,AS Roma,21,2025,12
648046,27/05/2024,50000000,€50.00m,Brighton & Hove Albion,19,2024,5
648046,30/05/2025,25000000,€25.00m,West Ham United,20,2025,5
648195,01/11/2022,35000000,€35.00m,SL Benfica,21,2022,10
648195,08/02/2021,4000000,€4.00m,Defensa y Justicia,20,2021,2
648195,08/02/2022,6500000,€6.50m,CA River Plate,21,2022,2
648195,09/12/2025,85000000,€85.00m,Chelsea FC,24,2025,12
648195,11/06/2021,5000000,€5.00m,Defensa y Justicia,20,2021,6
648195,16/03/2023,85000000,€85.00m,Chelsea FC,22,2023,3
648195,16/09/2022,20000000,€20.00m,SL Benfica,21,2022,9
648195,16/12/2024,75000000,€75.00m,Chelsea FC,23,2024,12
648195,17/10/2025,80000000,€80.00m,Chelsea FC,24,2025,10
648195,19/12/2023,80000000,€80.00m,Chelsea FC,22,2023,12
648195,20/06/2023,80000000,€80.00m,Chelsea FC,22,2023,6
648195,20/10/2021,5000000,€5.00m,CA River Plate,20,2021,10
648195,23/12/2022,55000000,€55.00m,SL Benfica,21,2022,12
648195,24/05/2022,15000000,€15.00m,CA River Plate,21,2022,5
648195,27/05/2024,75000000,€75.00m,Chelsea FC,23,2024,5
648195,30/05/2025,75000000,€75.00m,Chelsea FC,24,2025,5
652275,03/06/2024,9000000,€9.00m,LOSC Lille,21,2024,6
652275,03/06/2025,18000000,€18.00m,LOSC Lille,22,2025,6
652275,04/06/2021,100000,€100k,FC Copenhagen U19,18,2021,6
652275,10/12/2024,9000000,€9.00m,LOSC Lille,21,2024,12
652275,13/09/2022,1500000,€1.50m,FC Copenhagen,19,2022,9
652275,15/12/2025,22000000,€22.00m,LOSC Lille,22,2025,12
652275,16/10/2023,10000000,€10.00m,LOSC Lille,20,2023,10
652275,18/12/2023,8000000,€8.00m,LOSC Lille,20,2023,12
652275,20/06/2022,1000000,€1.00m,FC Copenhagen,19,2022,6
652275,22/12/2022,2000000,€2.00m,FC Copenhagen,19,2022,12
652275,24/03/2025,15000000,€15.00m,LOSC Lille,21,2025,3
652275,26/06/2023,6000000,€6.00m,FC Copenhagen,20,2023,6
652275,28/12/2021,600000,€600k,FC Copenhagen,18,2021,12
653610,03/12/2021,800000,€800k,Coritiba Foot Ball Club,21,2021,12
653610,06/04/2022,800000,€800k,Coritiba Foot Ball Club,21,2022,4
653610,11/11/2022,6000000,€6.00m,Feyenoord Rotterdam,22,2022,11
653610,12/08/2021,550000,€550k,Coritiba Foot Ball Club,21,2021,8
653610,15/12/2023,15000000,€15.00m,Feyenoord Rotterdam,23,2023,12
653610,15/12/2025,35000000,€35.00m,Olympique Marseille,25,2025,12
653610,17/10/2023,15000000,€15.00m,Feyenoord Rotterdam,23,2023,10
653610,17/12/2024,17000000,€17.00m,Feyenoord Rotterdam,24,2024,12
653610,18/03/2024,12000000,€12.00m,Feyenoord Rotterdam,23,2024,3
653610,19/08/2022,6000000,€6.00m,Feyenoord Rotterdam,22,2022,8
653610,23/06/2023,10000000,€10.00m,Feyenoord Rotterdam,22,2023,6
653610,28/03/2025,25000000,€25.00m,Feyenoord Rotterdam,24,2025,3
653610,28/05/2025,35000000,€35.00m,Feyenoord Rotterdam,24,2025,5
653610,31/05/2024,14000000,€14.00m,Feyenoord Rotterdam,23,2024,5
654982,04/06/2024,30000000,€30.00m,KRC Genk,20,2024,6
654982,04/11/2022,4500000,€4.50m,KRC Genk,18,2022,11
654982,07/09/2022,3500000,€3.50m,KRC Genk,18,2022,9
654982,09/06/2023,13000000,€13.00m,KRC Genk,19,2023,6
654982,16/12/2024,30000000,€30.00m,Leicester City,20,2024,12
654982,19/12/2023,22000000,€22.00m,KRC Genk,19,2023,12
654982,19/12/2025,32000000,€32.00m,VfB Stuttgart,21,2025,12
654982,22/03/2023,11000000,€11.00m,KRC Genk,18,2023,3
654982,22/03/2024,25000000,€25.00m,KRC Genk,19,2024,3
654982,23/10/2023,18000000,€18.00m,KRC Genk,19,2023,10
654982,26/05/2022,100000,€100k,KRC Genk U21,18,2022,5
654982,30/05/2025,28000000,€28.00m,Leicester City,21,2025,5
655006,01/11/2022,2000000,€2.00m,SL Benfica B,18,2022,10
655006,03/06/2025,18000000,€18.00m,RC Strasbourg Alsace,20,2025,6
655006,10/12/2024,6000000,€6.00m,RC Strasbourg Alsace,20,2024,12
655006,15/12/2025,18000000,€18.00m,RC Strasbourg Alsace,21,2025,12
655006,16/09/2022,1000000,€1.00m,SL Benfica B,18,2022,9
655006,16/10/2023,3000000,€3.00m,Olympique Lyon,19,2023,10
655006,18/12/2023,3000000,€3.00m,Olympique Lyon,19,2023,12
655006,24/03/2025,10000000,€10.00m,RC Strasbourg Alsace,20,2025,3
655006,27/05/2024,3000000,€3.00m,Chelsea FC,19,2024,5
655006,27/06/2022,750000,€750k,SL Benfica U19,17,2022,6
655006,28/06/2023,2000000,€2.00m,SL Benfica B,18,2023,6
655006,28/12/2022,2000000,€2.00m,SL Benfica B,18,2022,12
655217,01/12/2021,300000,€300k,FC Liefering,17,2021,11
655217,02/07/2021,75000,€75k,FC Liefering,17,2021,7
655217,06/06/2025,8000000,€8.00m,Red Bull Salzburg,21,2025,6
655217,10/11/2022,1000000,€1.00m,Red Bull Salzburg,18,2022,11
655217,11/09/2023,3000000,€3.00m,Red Bull Salzburg,19,2023,9
655217,11/12/2023,8000000,€8.00m,Red Bull Salzburg,19,2023,12
655217,12/06/2023,1000000,€1.00m,Red Bull Salzburg,19,2023,6
655217,15/12/2025,12000000,€12.00m,RC Lens,21,2025,12
655217,17/12/2024,6000000,€6.00m,Red Bull Salzburg,20,2024,12
655217,21/05/2024,8000000,€8.00m,Red Bull Salzburg,20,2024,5
655217,25/05/2022,600000,€600k,FC Liefering,18,2022,5
655488,01/10/2024,60000000,€60.00m,Arsenal FC,23,2024,9
655488,03/11/2022,60000000,€60.00m,Arsenal FC,21,2022,11
655488,07/08/2019,5000000,€5.00m,Arsenal FC,18,2019,8
655488,08/04/2020,25000000,€25.00m,Arsenal FC,18,2020,4
655488,08/06/2021,22000000,€22.00m,Arsenal FC,19,2021,6
655488,09/03/2020,28000000,€28.00m,Arsenal FC,18,2020,3
655488,09/12/2025,45000000,€45.00m,Arsenal FC,24,2025,12
655488,10/12/2019,18000000,€18.00m,Arsenal FC,18,2019,12
655488,12/09/2019,8000000,€8.00m,Arsenal FC,18,2019,9
655488,13/10/2020,25000000,€25.00m,Arsenal FC,19,2020,10
655488,14/03/2024,80000000,€80.00m,Arsenal FC,22,2024,3
655488,15/06/2022,40000000,€40.00m,Arsenal FC,20,2022,6
655488,16/03/2023,70000000,€70.00m,Arsenal FC,21,2023,3
655488,16/12/2024,55000000,€55.00m,Arsenal FC,23,2024,12
655488,17/10/2025,45000000,€45.00m,Arsenal FC,24,2025,10
655488,18/03/2021,22000000,€22.00m,Arsenal FC,19,2021,3
655488,19/12/2023,85000000,€85.00m,Arsenal FC,22,2023,12
655488,20/06/2023,80000000,€80.00m,Arsenal FC,22,2023,6
655488,23/12/2021,28000000,€28.00m,Arsenal FC,20,2021,12
655488,27/05/2024,70000000,€70.00m,Arsenal FC,22,2024,5
655488,29/03/2022,38000000,€38.00m,Arsenal FC,20,2022,3
655488,30/05/2025,55000000,€55.00m,Arsenal FC,23,2025,5
657430,07/06/2024,10000000,€10.00m,RCD Mallorca,23,2024,6
657430,07/11/2022,5000000,€5.00m,UD Almería,21,2022,11
657430,08/01/2021,3000000,€3.00m,UD Almería,20,2021,1
657430,08/10/2020,300000,€300k,UD Almería,19,2020,10
657430,09/06/2025,15000000,€15.00m,RCD Mallorca,24,2025,6
657430,11/10/2024,12000000,€12.00m,RCD Mallorca,23,2024,10
657430,12/12/2025,15000000,€15.00m,RCD Mallorca,25,2025,12
657430,13/06/2023,5000000,€5.00m,UD Almería,22,2023,6
657430,22/12/2023,8000000,€8.00m,RCD Mallorca,23,2023,12
657430,23/09/2022,6000000,€6.00m,UD Almería,21,2022,9
657430,23/11/2020,600000,€600k,UD Almería,19,2020,11
657430,24/06/2021,5000000,€5.00m,UD Almería,20,2021,6
657430,27/12/2021,5000000,€5.00m,UD Almería,21,2021,12
657430,27/12/2024,15000000,€15.00m,RCD Mallorca,24,2024,12
657430,29/06/2022,5000000,€5.00m,UD Almería,21,2022,6
658536,04/06/2021,1000000,€1.00m,FC Nordsjaelland,19,2021,6
658536,04/11/2022,6000000,€6.00m,Union Saint-Gilloise,20,2022,11
658536,07/09/2022,4000000,€4.00m,Union Saint-Gilloise,20,2022,9
658536,09/06/2023,10000000,€10.00m,Union Saint-Gilloise,21,2023,6
658536,09/10/2023,15000000,€15.00m,Brighton & Hove Albion,21,2023,10
658536,09/12/2025,22000000,€22.00m,Sunderland AFC,23,2025,12
658536,11/11/2019,25000,€25k,Unknown,17,2019,11
658536,14/03/2024,30000000,€30.00m,Brighton & Hove Albion,22,2024,3
658536,16/12/2024,30000000,€30.00m,Brighton & Hove Albion,22,2024,12
658536,17/10/2025,25000000,€25.00m,Sunderland AFC,23,2025,10
658536,19/12/2023,25000000,€25.00m,Brighton & Hove Albion,21,2023,12
658536,20/06/2022,1500000,€1.50m,FC Nordsjaelland,20,2022,6
658536,23/12/2020,0,-,FC Nordsjaelland U19,18,2020,12
658536,27/05/2024,30000000,€30.00m,Brighton & Hove Albion,22,2024,5
658536,28/12/2021,1500000,€1.50m,FC Nordsjaelland,19,2021,12
658536,30/05/2025,28000000,€28.00m,Brighton & Hove Albion,23,2025,5
659089,04/09/2020,50000,€50k,Dynamo Kyiv,18,2020,9
659089,06/12/2022,15000000,€15.00m,Dynamo Kyiv,20,2022,12
659089,10/10/2025,55000000,€55.00m,Paris Saint-Germain,23,2025,10
659089,14/01/2021,4000000,€4.00m,Dynamo Kyiv,18,2021,1
659089,14/03/2024,28000000,€28.00m,AFC Bournemouth,21,2024,3
659089,15/07/2021,11000000,€11.00m,Dynamo Kyiv,18,2021,7
659089,15/12/2025,50000000,€50.00m,Paris Saint-Germain,23,2025,12
659089,16/03/2023,18000000,€18.00m,AFC Bournemouth,20,2023,3
659089,16/10/2020,1000000,€1.00m,Dynamo Kyiv,18,2020,10
659089,16/12/2024,38000000,€38.00m,AFC Bournemouth,22,2024,12
659089,18/03/2025,40000000,€40.00m,AFC Bournemouth,22,2025,3
659089,18/05/2022,15000000,€15.00m,Dynamo Kyiv,19,2022,5
659089,19/12/2023,25000000,€25.00m,AFC Bournemouth,21,2023,12
659089,20/06/2023,20000000,€20.00m,AFC Bournemouth,20,2023,6
659089,20/12/2021,13000000,€13.00m,Dynamo Kyiv,19,2021,12
659089,27/05/2021,6000000,€6.00m,Dynamo Kyiv,18,2021,5
659089,27/05/2024,32000000,€32.00m,AFC Bournemouth,21,2024,5
659089,30/05/2025,42000000,€42.00m,AFC Bournemouth,22,2025,5
659459,03/11/2022,15000000,€15.00m,Chelsea FC,19,2022,11
659459,05/06/2025,18000000,€18.00m,Borussia Dortmund,21,2025,6
659459,05/10/2021,2500000,€2.50m,Aston Villa,17,2021,10
659459,08/06/2021,1000000,€1.00m,Aston Villa U23,17,2021,6
659459,14/10/2025,20000000,€20.00m,Borussia Dortmund,21,2025,10
659459,15/06/2022,6000000,€6.00m,Aston Villa,18,2022,6
659459,15/09/2022,15000000,€15.00m,Chelsea FC,18,2022,9
659459,16/12/2024,15000000,€15.00m,Chelsea FC,21,2024,12
659459,19/12/2023,15000000,€15.00m,Chelsea FC,20,2023,12
659459,19/12/2025,25000000,€25.00m,Borussia Dortmund,22,2025,12
659459,20/06/2023,15000000,€15.00m,Chelsea FC,19,2023,6
659459,23/12/2021,2500000,€2.50m,Aston Villa,18,2021,12
659459,27/05/2024,15000000,€15.00m,Chelsea FC,20,2024,5
659542,02/11/2022,18000000,€18.00m,Montpellier HSC,19,2022,11
659542,03/06/2024,35000000,€35.00m,RC Lens,21,2024,6
659542,04/06/2021,5000000,€5.00m,Montpellier HSC,18,2021,6
659542,05/06/2025,22000000,€22.00m,Eintracht Frankfurt,22,2025,6
659542,07/10/2024,30000000,€30.00m,Olympique Marseille,21,2024,10
659542,09/03/2021,3000000,€3.00m,Montpellier HSC,18,2021,3
659542,10/12/2024,25000000,€25.00m,Olympique Marseille,21,2024,12
659542,14/10/2025,18000000,€18.00m,Eintracht Frankfurt,22,2025,10
659542,16/10/2023,40000000,€40.00m,RC Lens,20,2023,10
659542,16/12/2021,6000000,€6.00m,Montpellier HSC,18,2021,12
659542,18/12/2023,40000000,€40.00m,RC Lens,20,2023,12
659542,19/03/2024,35000000,€35.00m,RC Lens,21,2024,3
659542,19/09/2022,14000000,€14.00m,Montpellier HSC,19,2022,9
659542,19/12/2025,12000000,€12.00m,Eintracht Frankfurt,22,2025,12
659542,23/03/2022,8000000,€8.00m,Montpellier HSC,19,2022,3
659542,27/03/2023,25000000,€25.00m,Montpellier HSC,20,2023,3
659542,27/06/2023,35000000,€35.00m,Montpellier HSC,20,2023,6
659542,30/05/2022,12000000,€12.00m,Montpellier HSC,19,2022,5
659543,02/06/2022,3000000,€3.00m,Le Havre AC,19,2022,6
659543,02/11/2022,3000000,€3.00m,Stade Rennais FC,19,2022,11
659543,03/06/2024,6000000,€6.00m,FC Nantes,21,2024,6
659543,03/06/2025,18000000,€18.00m,FC Nantes,22,2025,6
659543,06/08/2021,400000,€400k,Stade Rennais FC,18,2021,8
659543,07/10/2024,9000000,€9.00m,FC Nantes,21,2024,10
659543,08/10/2021,1000000,€1.00m,Stade Rennais FC,18,2021,10
659543,10/10/2025,22000000,€22.00m,FC Nantes,22,2025,10
659543,10/12/2024,9000000,€9.00m,FC Nantes,21,2024,12
659543,15/12/2025,20000000,€20.00m,FC Nantes,22,2025,12
659543,16/12/2021,2000000,€2.00m,Stade Rennais FC,18,2021,12
659543,18/12/2023,4500000,€4.50m,FC Nantes,20,2023,12
659543,19/03/2024,4000000,€4.00m,FC Nantes,20,2024,3
659543,24/03/2025,12000000,€12.00m,FC Nantes,21,2025,3
659543,27/03/2023,4000000,€4.00m,AJ Auxerre,19,2023,3
659543,27/06/2023,4500000,€4.50m,AJ Auxerre,20,2023,6
659813,01/01/2020,100000,€100k,Independiente del Valle,17,2019,12
659813,01/07/2020,400000,€400k,Independiente del Valle,18,2020,6
659813,05/06/2025,50000000,€50.00m,Bayer 04 Leverkusen,23,2025,6
659813,08/02/2021,700000,€700k,CA Talleres,19,2021,2
659813,09/06/2022,17000000,€17.00m,Bayer 04 Leverkusen,20,2022,6
659813,09/11/2022,22000000,€22.00m,Bayer 04 Leverkusen,20,2022,11
659813,09/12/2025,50000000,€50.00m,Arsenal FC,23,2025,12
659813,11/06/2021,5000000,€5.00m,CA Talleres,19,2021,6
659813,14/12/2023,35000000,€35.00m,Bayer 04 Leverkusen,21,2023,12
659813,16/07/2021,8000000,€8.00m,CA Talleres,19,2021,7
659813,19/08/2020,600000,€600k,Independiente del Valle,18,2020,8
659813,20/12/2024,40000000,€40.00m,Bayer 04 Leverkusen,22,2024,12
659813,21/09/2022,22000000,€22.00m,Bayer 04 Leverkusen,20,2022,9
659813,22/06/2023,35000000,€35.00m,Bayer 04 Leverkusen,21,2023,6
659813,22/12/2021,13000000,€13.00m,Bayer 04 Leverkusen,19,2021,12
659813,23/12/2022,25000000,€25.00m,Bayer 04 Leverkusen,20,2022,12
659813,24/03/2022,17000000,€17.00m,Bayer 04 Leverkusen,20,2022,3
659813,27/03/2025,50000000,€50.00m,Bayer 04 Leverkusen,23,2025,3
659813,29/05/2024,40000000,€40.00m,Bayer 04 Leverkusen,22,2024,5
660867,02/03/2020,250000,€250k,Unknown,16,2020,3
660867,03/11/2022,11000000,€11.00m,Brighton & Hove Albion,18,2022,11
660867,04/02/2021,800000,€800k,Club Libertad Asunción,17,2021,2
660867,09/12/2021,5500000,€5.50m,Club Libertad Asunción,17,2021,12
660867,11/06/2021,5500000,€5.50m,Club Libertad Asunción,17,2021,6
660867,14/10/2020,500000,€500k,Unknown,16,2020,10
660867,15/06/2022,11000000,€11.00m,Club Libertad Asunción,18,2022,6
660867,15/12/2025,20000000,€20.00m,RC Strasbourg Alsace,21,2025,12
660867,16/12/2024,22000000,€22.00m,Brighton & Hove Albion,20,2024,12
660867,19/12/2023,22000000,€22.00m,Brighton & Hove Albion,19,2023,12
660867,20/06/2023,22000000,€22.00m,Brighton & Hove Albion,19,2023,6
660867,27/05/2024,22000000,€22.00m,Brighton & Hove Albion,20,2024,5
660867,30/05/2025,22000000,€22.00m,Ipswich Town,21,2025,5
661053,08/06/2021,3000000,€3.00m,Everton FC,18,2021,6
661053,09/10/2023,18000000,€18.00m,Everton FC,21,2023,10
661053,09/12/2025,45000000,€45.00m,Everton FC,23,2025,12
661053,10/03/2021,3000000,€3.00m,Blackburn Rovers,18,2021,3
661053,11/11/2022,3000000,€3.00m,PSV Eindhoven,20,2022,11
661053,13/10/2020,2000000,€2.00m,Everton FC,18,2020,10
661053,14/03/2024,30000000,€30.00m,Everton FC,21,2024,3
661053,15/06/2022,3000000,€3.00m,Everton FC,19,2022,6
661053,16/12/2024,42000000,€42.00m,Everton FC,22,2024,12
661053,17/03/2023,7000000,€7.00m,PSV Eindhoven,20,2023,3
661053,18/03/2025,50000000,€50.00m,Everton FC,22,2025,3
661053,19/12/2023,25000000,€25.00m,Everton FC,21,2023,12
661053,23/06/2023,10000000,€10.00m,PSV Eindhoven,20,2023,6
661053,23/12/2021,3000000,€3.00m,Everton FC,19,2021,12
661053,27/05/2024,42000000,€42.00m,Everton FC,21,2024,5
661053,30/05/2025,50000000,€50.00m,Everton FC,22,2025,5
661053,30/07/2020,2000000,€2.00m,Everton FC,18,2020,7
661145,01/04/2020,75000,€75k,Deportivo La Guaira,17,2020,3
661145,05/06/2021,200000,€200k,Deportivo La Guaira,18,2021,6
661145,06/06/2022,300000,€300k,Deportivo La Guaira,19,2022,6
661145,07/08/2019,50000,€50k,Deportivo La Guaira U20,17,2019,8
661145,09/06/2025,15000000,€15.00m,Real Sociedad,22,2025,6
661145,12/12/2025,15000000,€15.00m,Real Sociedad,23,2025,12
661145,13/11/2019,50000,€50k,Deportivo La Guaira U20,17,2019,11
661145,17/06/2024,2500000,€2.50m,Real Sociedad B,21,2024,6
661145,18/10/2021,250000,€250k,Deportivo La Guaira,19,2021,10
661145,19/07/2024,5000000,€5.00m,Real Sociedad,21,2024,7
661145,20/12/2020,100000,€100k,Deportivo La Guaira,18,2020,12
661145,20/12/2023,300000,€300k,Real Sociedad B,21,2023,12
661145,21/03/2024,2000000,€2.00m,Real Sociedad B,21,2024,3
661145,27/12/2024,12000000,€12.00m,Real Sociedad,22,2024,12
661145,29/12/2022,300000,€300k,Real Unión Club,20,2022,12
661145,30/06/2023,300000,€300k,Real Unión Club,20,2023,6
661171,03/06/2025,65000000,€65.00m,Paris Saint-Germain,23,2025,6
661171,04/11/2022,3500000,€3.50m,Royal Antwerp FC,21,2022,11
661171,07/09/2022,3000000,€3.00m,Royal Antwerp FC,20,2022,9
661171,07/10/2024,40000000,€40.00m,Paris Saint-Germain,22,2024,10
661171,09/06/2023,11000000,€11.00m,Royal Antwerp FC,21,2023,6
661171,10/12/2024,40000000,€40.00m,Paris Saint-Germain,23,2024,12
661171,12/04/2022,2200000,€2.20m,Royal Antwerp FC,20,2022,4
661171,14/10/2020,100000,€100k,Independiente del Valle,18,2020,10
661171,14/12/2023,24000000,€24.00m,Eintracht Frankfurt,22,2023,12
661171,15/12/2025,70000000,€70.00m,Paris Saint-Germain,24,2025,12
661171,18/10/2023,17000000,€17.00m,Eintracht Frankfurt,22,2023,10
661171,22/03/2023,9000000,€9.00m,Royal Antwerp FC,21,2023,3
661171,24/03/2025,45000000,€45.00m,Paris Saint-Germain,23,2025,3
661171,27/03/2024,30000000,€30.00m,Eintracht Frankfurt,22,2024,3
661171,29/05/2024,35000000,€35.00m,Eintracht Frankfurt,22,2024,5
661171,30/06/2021,2500000,€2.50m,Independiente del Valle,19,2021,6
661171,30/12/2020,300000,€300k,Independiente del Valle,19,2020,12
661171,30/12/2021,2500000,€2.50m,Independiente del Valle,20,2021,12
664708,04/07/2023,5500000,€5.50m,CA Boca Juniors,20,2023,7
664708,04/10/2023,7000000,€7.00m,CA Boca Juniors,21,2023,10
664708,05/12/2019,500000,€500k,Unknown,17,2019,12
664708,06/08/2019,350000,€350k,Unknown,17,2019,8
664708,06/09/2022,4500000,€4.50m,Club Atlético Tigre,20,2022,9
664708,08/02/2021,450000,€450k,CA Boca Juniors II,18,2021,2
664708,08/04/2020,450000,€450k,CA Boca Juniors II,17,2020,4
664708,11/03/2024,9000000,€9.00m,CA Boca Juniors,21,2024,3
664708,12/06/2024,14000000,€14.00m,CA Boca Juniors,21,2024,6
664708,13/12/2024,12000000,€12.00m,Al-Qadsiah FC,22,2024,12
664708,14/10/2025,25000000,€25.00m,Bayer 04 Leverkusen,23,2025,10
664708,19/12/2023,8000000,€8.00m,CA Boca Juniors,21,2023,12
664708,19/12/2025,25000000,€25.00m,Bayer 04 Leverkusen,23,2025,12
664708,24/05/2022,3000000,€3.00m,Club Atlético Tigre,19,2022,5
664708,26/10/2022,5000000,€5.00m,Club Atlético Tigre,20,2022,10
664708,27/05/2025,12000000,€12.00m,Al-Qadsiah FC,22,2025,5
667457,07/06/2023,100000,€100k,FC Basel 1893 U21,19,2023,6
667457,10/06/2025,10000000,€10.00m,FC Basel 1893,21,2025,6
667457,14/10/2025,12000000,€12.00m,TSG 1899 Hoffenheim,21,2025,10
667457,19/10/2023,300000,€300k,FC Basel 1893,19,2023,10
667457,19/12/2025,17000000,€17.00m,TSG 1899 Hoffenheim,21,2025,12
667457,20/03/2025,7500000,€7.50m,FC Basel 1893,21,2025,3
667457,21/12/2023,500000,€500k,FC Basel 1893,19,2023,12
667457,23/12/2024,5000000,€5.00m,FC Basel 1893,20,2024,12
667457,27/09/2024,3500000,€3.50m,FC Basel 1893,20,2024,9
667457,28/03/2023,50000,€50k,FC Basel 1893 U21,19,2023,3
667457,28/03/2024,2000000,€2.00m,FC Basel 1893,20,2024,3
667457,29/12/2022,25000,€25k,FC Basel 1893 U21,18,2022,12
667457,31/05/2024,2000000,€2.00m,FC Basel 1893,20,2024,5
668179,02/10/2025,15000000,€15.00m,Levante UD,22,2025,10
668179,08/01/2021,150000,€150k,Sevilla Atlético,17,2021,1
668179,08/10/2020,100000,€100k,Sevilla Atlético,17,2020,10
668179,11/02/2020,100000,€100k,Sevilla Atlético,16,2020,2
668179,12/12/2025,15000000,€15.00m,Levante UD,22,2025,12
668179,13/10/2021,500000,€500k,Sevilla Atlético,18,2021,10
668179,13/12/2024,2500000,€2.50m,Levante UD,21,2024,12
668179,14/10/2024,2500000,€2.50m,Levante UD,21,2024,10
668179,19/03/2021,300000,€300k,Sevilla Atlético,17,2021,3
668179,20/12/2023,500000,€500k,Levante UD,20,2023,12
668179,21/11/2019,100000,€100k,Sevilla Atlético,16,2019,11
668179,24/06/2024,1200000,€1.20m,Levante UD,20,2024,6
668179,24/06/2025,6000000,€6.00m,Levante UD,21,2025,6
668179,26/03/2024,800000,€800k,Levante UD,20,2024,3
668179,26/09/2022,400000,€400k,Sevilla Atlético,19,2022,9
668179,27/03/2025,4000000,€4.00m,Levante UD,21,2025,3
668179,29/06/2022,400000,€400k,Sevilla Atlético,18,2022,6
668179,29/12/2022,400000,€400k,Sevilla Atlético,19,2022,12
668179,30/06/2021,300000,€300k,Sevilla Atlético,17,2021,6
668179,30/06/2023,400000,€400k,Sevilla Atlético,19,2023,6
668179,30/12/2021,500000,€500k,Sevilla Atlético,18,2021,12
668207,02/06/2023,400000,€400k,HSK Zrinjski Mostar,19,2023,6
668207,04/06/2024,3000000,€3.00m,GNK Dinamo Zagreb,20,2024,6
668207,07/10/2025,20000000,€20.00m,Inter Milan,21,2025,10
668207,09/06/2025,14000000,€14.00m,Inter Milan,21,2025,6
668207,14/06/2022,150000,€150k,GNK Dinamo Zagreb II,18,2022,6
668207,18/12/2023,1000000,€1.00m,GNK Dinamo Zagreb,20,2023,12
668207,23/12/2024,12000000,€12.00m,GNK Dinamo Zagreb,21,2024,12
668207,23/12/2025,30000000,€30.00m,Inter Milan,22,2025,12
668207,28/11/2022,200000,€200k,HSK Zrinjski Mostar,19,2022,11
668207,31/03/2025,14000000,€14.00m,GNK Dinamo Zagreb,21,2025,3
668547,06/09/2022,8500000,€8.50m,CA Vélez Sarsfield,19,2022,9
668547,07/06/2024,9000000,€9.00m,UD Las Palmas,21,2024,6
668547,07/10/2025,15000000,€15.00m,Como 1907,22,2025,10
668547,16/03/2023,10000000,€10.00m,Manchester City,20,2023,3
668547,17/06/2025,12000000,€12.00m,Como 1907,22,2025,6
668547,18/12/2024,9000000,€9.00m,Como 1907,21,2024,12
668547,20/06/2023,10000000,€10.00m,Manchester City,20,2023,6
668547,22/12/2023,7500000,€7.50m,UD Las Palmas,20,2023,12
668547,23/12/2025,25000000,€25.00m,Como 1907,22,2025,12
668547,24/05/2022,2000000,€2.00m,CA Vélez Sarsfield,19,2022,5
668547,26/10/2022,8500000,€8.50m,CA Vélez Sarsfield,19,2022,10
668606,06/01/2023,700000,€700k,Shimizu S-Pulse,21,2023,1
668606,09/12/2024,7000000,€7.00m,Bröndby IF,23,2024,12
668606,10/06/2024,6000000,€6.00m,Bröndby IF,22,2024,6
668606,14/01/2022,500000,€500k,Shimizu S-Pulse,20,2022,1
668606,16/06/2025,10000000,€10.00m,Bröndby IF,23,2025,6
668606,19/12/2025,15000000,€15.00m,SC Freiburg,24,2025,12
668606,21/12/2023,900000,€900k,Bröndby IF,22,2023,12
668606,27/06/2023,600000,€600k,RC Strasbourg Alsace,21,2023,6
668606,28/06/2022,700000,€700k,Shimizu S-Pulse,20,2022,6
668606,29/01/2021,300000,€300k,Shimizu S-Pulse,19,2021,1
668606,29/06/2021,350000,€350k,Shimizu S-Pulse,19,2021,6
668951,05/06/2024,25000000,€25.00m,Frosinone Calcio,21,2024,6
668951,07/10/2025,35000000,€35.00m,AS Roma,22,2025,10
668951,11/10/2023,8000000,€8.00m,Frosinone Calcio,20,2023,10
668951,11/11/2022,4000000,€4.00m,Juventus FC,19,2022,11
668951,15/06/2023,4000000,€4.00m,Juventus FC,20,2023,6
668951,17/06/2025,30000000,€30.00m,AS Roma,22,2025,6
668951,18/12/2024,22000000,€22.00m,AS Roma,21,2024,12
668951,20/06/2022,2500000,€2.50m,Juventus U23,19,2022,6
668951,20/12/2021,2500000,€2.50m,Juventus U23,18,2021,12
668951,20/12/2023,25000000,€25.00m,Frosinone Calcio,20,2023,12
668951,23/12/2025,35000000,€35.00m,AS Roma,22,2025,12
669380,05/06/2025,25000000,€25.00m,VfL Wolfsburg,21,2025,6
669380,06/03/2024,6000000,€6.00m,PAOK Thessaloniki,20,2024,3
669380,07/11/2022,1500000,€1.50m,PAOK Thessaloniki,18,2022,11
669380,09/10/2024,12000000,€12.00m,VfL Wolfsburg,20,2024,10
669380,19/12/2025,25000000,€25.00m,VfL Wolfsburg,22,2025,12
669380,20/12/2023,4500000,€4.50m,PAOK Thessaloniki,20,2023,12
669380,20/12/2024,15000000,€15.00m,VfL Wolfsburg,21,2024,12
669380,21/09/2023,3000000,€3.00m,PAOK Thessaloniki,19,2023,9
669380,22/02/2022,250000,€250k,PAOK Thessaloniki B,18,2022,2
669380,22/05/2023,2500000,€2.50m,PAOK Thessaloniki,19,2023,5
669380,27/02/2023,2000000,€2.00m,PAOK Thessaloniki,19,2023,2
669380,27/03/2025,20000000,€20.00m,VfL Wolfsburg,21,2025,3
669380,27/06/2022,300000,€300k,PAOK Thessaloniki B,18,2022,6
669380,28/12/2021,175000,€175k,PAOK Thessaloniki B,18,2021,12
669380,30/05/2024,8000000,€8.00m,PAOK Thessaloniki,20,2024,5
670096,03/06/2024,7000000,€7.00m,Venezia FC,22,2024,6
670096,03/06/2025,6000000,€6.00m,Olympique Lyon,23,2025,6
670096,07/06/2022,2500000,€2.50m,Venezia FC,20,2022,6
670096,09/07/2021,1000000,€1.00m,FC Dallas,19,2021,7
670096,10/10/2025,10000000,€10.00m,Olympique Lyon,24,2025,10
670096,10/12/2024,6000000,€6.00m,Olympique Lyon,23,2024,12
670096,12/06/2023,2400000,€2.40m,Venezia FC,21,2023,6
670096,14/10/2021,2000000,€2.00m,Venezia FC,20,2021,10
670096,15/12/2025,12000000,€12.00m,Olympique Lyon,24,2025,12
670096,18/12/2020,1000000,€1.00m,FC Dallas,19,2020,12
670096,22/12/2022,2000000,€2.00m,Venezia FC,21,2022,12
670096,25/03/2024,4500000,€4.50m,Venezia FC,22,2024,3
670096,25/10/2019,100000,€100k,North Texas SC,18,2019,10
670096,26/08/2020,600000,€600k,FC Dallas,18,2020,8
670096,27/12/2023,3200000,€3.20m,Venezia FC,22,2023,12
670096,28/12/2021,2500000,€2.50m,Venezia FC,20,2021,12
670681,02/03/2023,2500000,€2.50m,SL Benfica,18,2023,3
670681,03/06/2025,80000000,€80.00m,Paris Saint-Germain,20,2025,6
670681,06/06/2024,55000000,€55.00m,SL Benfica,19,2024,6
670681,07/10/2024,60000000,€60.00m,Paris Saint-Germain,20,2024,10
670681,10/10/2025,90000000,€90.00m,Paris Saint-Germain,21,2025,10
670681,10/12/2024,60000000,€60.00m,Paris Saint-Germain,20,2024,12
670681,15/12/2025,110000000,€110.00m,Paris Saint-Germain,21,2025,12
670681,16/06/2023,10000000,€10.00m,SL Benfica,18,2023,6
670681,24/03/2025,65000000,€65.00m,Paris Saint-Germain,20,2025,3
670681,27/06/2022,400000,€400k,SL Benfica U19,17,2022,6
670681,27/12/2023,45000000,€45.00m,SL Benfica,19,2023,12
670681,28/12/2022,500000,€500k,SL Benfica B,18,2022,12
670681,29/09/2023,20000000,€20.00m,SL Benfica,19,2023,9
670847,03/06/2024,10000000,€10.00m,OGC Nice,20,2024,6
670847,03/06/2025,15000000,€15.00m,OGC Nice,21,2025,6
670847,04/06/2021,4000000,€4.00m,Angers SCO,17,2021,6
670847,07/01/2021,1000000,€1.00m,Angers SCO,16,2021,1
670847,07/10/2024,12000000,€12.00m,OGC Nice,20,2024,10
670847,07/11/2022,15000000,€15.00m,Real Sociedad,18,2022,11
670847,08/10/2021,10000000,€10.00m,Angers SCO,17,2021,10
670847,09/04/2021,3000000,€3.00m,Angers SCO,17,2021,4
670847,10/12/2024,12000000,€12.00m,OGC Nice,20,2024,12
670847,13/06/2023,12000000,€12.00m,Real Sociedad,19,2023,6
670847,13/10/2023,10000000,€10.00m,Real Sociedad,19,2023,10
670847,15/10/2020,800000,€800k,Angers SCO,16,2020,10
670847,15/12/2025,12000000,€12.00m,OGC Nice,21,2025,12
670847,16/12/2021,12000000,€12.00m,Angers SCO,17,2021,12
670847,19/03/2024,10000000,€10.00m,OGC Nice,20,2024,3
670847,22/12/2023,8000000,€8.00m,Real Sociedad,19,2023,12
670847,23/03/2022,15000000,€15.00m,Angers SCO,18,2022,3
670847,24/03/2025,15000000,€15.00m,OGC Nice,21,2025,3
670847,30/05/2022,15000000,€15.00m,Angers SCO,18,2022,5
670882,05/06/2025,50000000,€50.00m,Borussia Dortmund,20,2025,6
670882,09/06/2022,4000000,€4.00m,Borussia Dortmund U19,17,2022,6
670882,09/10/2024,35000000,€35.00m,Borussia Dortmund,20,2024,10
670882,09/11/2022,8000000,€8.00m,Borussia Dortmund,18,2022,11
670882,09/12/2025,40000000,€40.00m,Chelsea FC,21,2025,12
670882,14/12/2023,28000000,€28.00m,Borussia Dortmund,19,2023,12
670882,17/10/2025,45000000,€45.00m,Chelsea FC,21,2025,10
670882,18/10/2023,18000000,€18.00m,Borussia Dortmund,19,2023,10
670882,20/12/2024,50000000,€50.00m,Borussia Dortmund,20,2024,12
670882,21/09/2022,8000000,€8.00m,Borussia Dortmund,18,2022,9
670882,22/06/2023,14000000,€14.00m,Borussia Dortmund,18,2023,6
670882,29/03/2023,14000000,€14.00m,Borussia Dortmund,18,2023,3
670882,29/05/2024,28000000,€28.00m,Borussia Dortmund,19,2024,5
676042,02/10/2025,15000000,€15.00m,Sevilla FC,22,2025,10
676042,07/06/2024,15000000,€15.00m,Sevilla FC,20,2024,6
676042,08/01/2021,300000,€300k,Sevilla Atlético,17,2021,1
676042,08/10/2020,100000,€100k,Sevilla Atlético,17,2020,10
676042,09/06/2025,12000000,€12.00m,Sevilla FC,21,2025,6
676042,11/02/2020,100000,€100k,Sevilla Atlético,16,2020,2
676042,12/12/2025,15000000,€15.00m,Sevilla FC,22,2025,12
676042,13/10/2023,3000000,€3.00m,Sevilla FC,20,2023,10
676042,14/06/2023,800000,€800k,CD Mirandés,19,2023,6
676042,19/03/2021,400000,€400k,Sevilla Atlético,17,2021,3
676042,20/11/2020,300000,€300k,Sevilla Atlético,17,2020,11
676042,21/03/2024,15000000,€15.00m,Sevilla FC,20,2024,3
676042,21/11/2019,100000,€100k,Sevilla Atlético,16,2019,11
676042,22/12/2023,8000000,€8.00m,Sevilla FC,20,2023,12
676042,27/12/2024,12000000,€12.00m,Sevilla FC,21,2024,12
676042,29/06/2022,500000,€500k,Sevilla Atlético,18,2022,6
676042,29/12/2022,600000,€600k,CD Mirandés,19,2022,12
676042,30/06/2021,400000,€400k,Sevilla Atlético,17,2021,6
676042,30/12/2021,400000,€400k,Sevilla Atlético,18,2021,12
683840,03/06/2022,80000000,€80.00m,FC Barcelona,19,2022,6
683840,05/01/2021,50000000,€50.00m,FC Barcelona,18,2021,1
683840,07/06/2024,80000000,€80.00m,FC Barcelona,21,2024,6
683840,07/11/2022,100000000,€100.00m,FC Barcelona,19,2022,11
683840,08/04/2020,7200000,€7.20m,UD Las Palmas,17,2020,4
683840,08/10/2020,15000000,€15.00m,FC Barcelona,17,2020,10
683840,09/06/2025,140000000,€140.00m,FC Barcelona,22,2025,6
683840,10/09/2019,5000000,€5.00m,UD Las Palmas,16,2019,9
683840,12/12/2025,140000000,€140.00m,FC Barcelona,23,2025,12
683840,13/06/2023,100000000,€100.00m,FC Barcelona,20,2023,6
683840,15/07/2021,80000000,€80.00m,FC Barcelona,18,2021,7
683840,19/03/2021,70000000,€70.00m,FC Barcelona,18,2021,3
683840,20/12/2019,8000000,€8.00m,UD Las Palmas,17,2019,12
683840,21/03/2024,80000000,€80.00m,FC Barcelona,21,2024,3
683840,21/03/2025,120000000,€120.00m,FC Barcelona,22,2025,3
683840,22/12/2023,90000000,€90.00m,FC Barcelona,21,2023,12
683840,23/09/2022,90000000,€90.00m,FC Barcelona,19,2022,9
683840,23/11/2020,30000000,€30.00m,FC Barcelona,17,2020,11
683840,27/12/2024,100000000,€100.00m,FC Barcelona,22,2024,12
683840,30/12/2021,80000000,€80.00m,FC Barcelona,19,2021,12
683840,31/05/2021,70000000,€70.00m,FC Barcelona,18,2021,5
684315,01/01/2023,500000,€500k,Borussia Dortmund U19,18,2022,12
684315,05/06/2025,10000000,€10.00m,Eintracht Frankfurt,21,2025,6
684315,13/06/2023,750000,€750k,Borussia Dortmund U19,19,2023,6
684315,14/10/2025,18000000,€18.00m,Eintracht Frankfurt,21,2025,10
684315,14/12/2023,750000,€750k,Eintracht Frankfurt,19,2023,12
684315,19/12/2025,15000000,€15.00m,Eintracht Frankfurt,21,2025,12
684315,20/12/2024,4000000,€4.00m,Eintracht Frankfurt,20,2024,12
684315,27/03/2025,10000000,€10.00m,Eintracht Frankfurt,21,2025,3
684315,29/05/2024,1000000,€1.00m,Eintracht Frankfurt,20,2024,5
687626,01/01/2020,50000,€50k,Independiente del Valle,18,2019,12
687626,03/11/2022,38000000,€38.00m,Brighton & Hove Albion,21,2022,11
687626,06/01/2022,4500000,€4.50m,Beerschot VA,20,2022,1
687626,08/06/2021,5000000,€5.00m,Brighton & Hove Albion,19,2021,6
687626,09/10/2023,90000000,€90.00m,Chelsea FC,21,2023,10
687626,09/12/2025,110000000,€110.00m,Chelsea FC,24,2025,12
687626,14/03/2024,80000000,€80.00m,Chelsea FC,22,2024,3
687626,14/10/2020,1200000,€1.20m,Independiente del Valle,18,2020,10
687626,15/06/2022,6000000,€6.00m,Brighton & Hove Albion,20,2022,6
687626,15/09/2022,25000000,€25.00m,Brighton & Hove Albion,20,2022,9
687626,16/03/2023,55000000,€55.00m,Brighton & Hove Albion,21,2023,3
687626,16/12/2024,80000000,€80.00m,Chelsea FC,23,2024,12
687626,17/10/2025,100000000,€100.00m,Chelsea FC,23,2025,10
687626,18/03/2021,5000000,€5.00m,Brighton & Hove Albion,19,2021,3
687626,19/12/2023,90000000,€90.00m,Chelsea FC,22,2023,12
687626,20/06/2023,75000000,€75.00m,Brighton & Hove Albion,21,2023,6
687626,27/05/2024,75000000,€75.00m,Chelsea FC,22,2024,5
687626,30/05/2025,90000000,€90.00m,Chelsea FC,23,2025,5
687626,30/12/2020,5000000,€5.00m,Independiente del Valle,19,2020,12
689505,06/04/2022,1800000,€1.80m,Sport Club Internacional,20,2022,4
689505,07/04/2023,3500000,€3.50m,Sport Club Internacional,21,2023,4
689505,07/06/2024,25000000,€25.00m,Real Betis Balompié,22,2024,6
689505,08/04/2020,675000,€675k,Sport Club Internacional,18,2020,4
689505,09/02/2021,900000,€900k,Sport Club Internacional,19,2021,2
689505,09/06/2025,25000000,€25.00m,Real Betis Balompié,23,2025,6
689505,09/09/2020,900000,€900k,Sport Club Internacional,18,2020,9
689505,11/10/2024,20000000,€20.00m,Real Betis Balompié,23,2024,10
689505,11/12/2023,6000000,€6.00m,Sport Club Internacional,22,2023,12
689505,12/12/2025,22000000,€22.00m,Atlético de Madrid,24,2025,12
689505,14/11/2022,2500000,€2.50m,Sport Club Internacional,21,2022,11
689505,17/12/2021,1800000,€1.80m,Sport Club Internacional,20,2021,12
689505,19/08/2022,1800000,€1.80m,Sport Club Internacional,20,2022,8
689505,20/02/2020,750000,€750k,Sport Club Internacional,18,2020,2
689505,21/03/2024,10000000,€10.00m,Real Betis Balompié,22,2024,3
689505,25/07/2023,5000000,€5.00m,Sport Club Internacional,21,2023,7
689505,27/12/2024,20000000,€20.00m,Real Betis Balompié,23,2024,12
689505,28/05/2021,900000,€900k,Sport Club Internacional,19,2021,5
691316,03/06/2024,8000000,€8.00m,Olympique Marseille,22,2024,6
691316,03/06/2025,25000000,€25.00m,Olympique Marseille,23,2025,6
691316,04/06/2021,8000000,€8.00m,Olympique Marseille,19,2021,6
691316,07/04/2023,6000000,€6.00m,Botafogo de Futebol e Regatas,21,2023,4
691316,07/10/2024,12000000,€12.00m,Olympique Marseille,22,2024,10
691316,08/04/2020,4000000,€4.00m,Botafogo de Futebol e Regatas,18,2020,4
691316,08/10/2021,7000000,€7.00m,Olympique Marseille,19,2021,10
691316,09/09/2020,5000000,€5.00m,Botafogo de Futebol e Regatas,18,2020,9
691316,10/12/2024,15000000,€15.00m,Olympique Marseille,22,2024,12
691316,11/12/2023,6000000,€6.00m,Botafogo de Futebol e Regatas,21,2023,12
691316,14/11/2022,6000000,€6.00m,Botafogo de Futebol e Regatas,20,2022,11
691316,15/10/2020,8000000,€8.00m,Olympique Marseille,18,2020,10
691316,16/12/2021,6000000,€6.00m,Olympique Marseille,20,2021,12
691316,19/08/2022,6000000,€6.00m,Botafogo de Futebol e Regatas,20,2022,8
691316,20/02/2020,4500000,€4.50m,Botafogo de Futebol e Regatas,18,2020,2
691316,23/12/2025,23000000,€23.00m,Inter Milan,24,2025,12
691316,24/03/2025,18000000,€18.00m,Olympique Marseille,23,2025,3
691316,25/07/2023,6000000,€6.00m,Botafogo de Futebol e Regatas,21,2023,7
691316,30/05/2022,6000000,€6.00m,Olympique Marseille,20,2022,5
691892,01/07/2022,100000,€100k,1.FC Nuremberg,19,2022,6
691892,05/06/2025,22000000,€22.00m,Eintracht Frankfurt,21,2025,6
691892,06/06/2024,3000000,€3.00m,1.FC Nuremberg,20,2024,6
691892,06/10/2022,150000,€150k,1.FC Nuremberg,19,2022,10
691892,14/10/2025,30000000,€30.00m,Eintracht Frankfurt,22,2025,10
691892,15/12/2023,3000000,€3.00m,1.FC Nuremberg,20,2023,12
691892,19/12/2025,35000000,€35.00m,Eintracht Frankfurt,22,2025,12
691892,20/10/2023,1500000,€1.50m,1.FC Nuremberg,20,2023,10
691892,20/12/2024,8000000,€8.00m,Eintracht Frankfurt,21,2024,12
691892,27/03/2025,15000000,€15.00m,Eintracht Frankfurt,21,2025,3
691892,28/06/2023,700000,€700k,1.FC Nuremberg,20,2023,6
691892,30/11/2022,150000,€150k,1.FC Nuremberg,19,2022,11
691892,30/12/2022,200000,€200k,1.FC Nuremberg,19,2022,12
700106,01/10/2024,25000000,€25.00m,Brighton & Hove Albion,20,2024,9
700106,09/12/2025,28000000,€28.00m,Brighton & Hove Albion,21,2025,12
700106,14/12/2023,9000000,€9.00m,1.FSV Mainz 05,19,2023,12
700106,16/12/2024,25000000,€25.00m,Brighton & Hove Albion,20,2024,12
700106,17/10/2025,28000000,€28.00m,Brighton & Hove Albion,21,2025,10
700106,18/10/2023,5000000,€5.00m,1.FSV Mainz 05,19,2023,10
700106,22/06/2023,500000,€500k,1.FSV Mainz 05,19,2023,6
700106,29/05/2024,20000000,€20.00m,1.FSV Mainz 05,19,2024,5
700106,30/01/2023,500000,€500k,1.FSV Mainz 05,18,2023,1
700106,30/05/2025,25000000,€25.00m,Brighton & Hove Albion,20,2025,5
705395,09/06/2025,12000000,€12.00m,FC Barcelona,23,2025,6
705395,11/10/2024,3000000,€3.00m,FC Barcelona,22,2024,10
705395,12/08/2021,50000,€50k,UE Cornellà,19,2021,8
705395,12/12/2025,20000000,€20.00m,FC Barcelona,23,2025,12
705395,13/10/2021,100000,€100k,UE Cornellà,19,2021,10
705395,20/12/2023,300000,€300k,FC Barcelona Atlètic,21,2023,12
705395,21/03/2025,7500000,€7.50m,FC Barcelona,23,2025,3
705395,24/06/2024,400000,€400k,FC Barcelona Atlètic,22,2024,6
705395,26/03/2024,400000,€400k,FC Barcelona Atlètic,22,2024,3
705395,27/12/2024,5000000,€5.00m,FC Barcelona,22,2024,12
705395,29/06/2022,100000,€100k,UE Cornellà,20,2022,6
705395,29/12/2022,150000,€150k,UE Cornellà,20,2022,12
705395,30/06/2023,200000,€200k,UE Cornellà,21,2023,6
705395,30/12/2021,100000,€100k,UE Cornellà,19,2021,12
707274,02/10/2025,15000000,€15.00m,Valencia CF,23,2025,10
707274,09/06/2025,10000000,€10.00m,Valencia CF,23,2025,6
707274,11/10/2024,4000000,€4.00m,Valencia CF,22,2024,10
707274,12/12/2025,15000000,€15.00m,Valencia CF,23,2025,12
707274,20/12/2023,150000,€150k,Valencia Mestalla,21,2023,12
707274,24/06/2024,1500000,€1.50m,Real Valladolid CF,22,2024,6
707274,26/03/2024,1000000,€1.00m,Real Valladolid CF,22,2024,3
707274,26/09/2022,25000,€25k,Valencia Mestalla,20,2022,9
707274,27/12/2024,6000000,€6.00m,Valencia CF,22,2024,12
707274,29/12/2022,100000,€100k,Valencia Mestalla,20,2022,12
707274,30/06/2023,150000,€150k,Valencia Mestalla,21,2023,6
708265,02/11/2022,2000000,€2.00m,Olympique Lyon,20,2022,11
708265,03/06/2024,50000000,€50.00m,Paris Saint-Germain,21,2024,6
708265,03/06/2025,70000000,€70.00m,Paris Saint-Germain,22,2025,6
708265,07/10/2024,65000000,€65.00m,Paris Saint-Germain,22,2024,10
708265,10/12/2024,65000000,€65.00m,Paris Saint-Germain,22,2024,12
708265,15/12/2025,70000000,€70.00m,Paris Saint-Germain,23,2025,12
708265,16/10/2023,35000000,€35.00m,Paris Saint-Germain,21,2023,10
708265,18/12/2023,30000000,€30.00m,Paris Saint-Germain,21,2023,12
708265,19/03/2024,40000000,€40.00m,Paris Saint-Germain,21,2024,3
708265,19/09/2022,2000000,€2.00m,Olympique Lyon,20,2022,9
708265,23/03/2022,500000,€500k,Olympique Lyon,19,2022,3
708265,24/03/2025,70000000,€70.00m,Paris Saint-Germain,22,2025,3
708265,27/03/2023,7000000,€7.00m,Olympique Lyon,20,2023,3
708265,27/06/2023,18000000,€18.00m,Olympique Lyon,20,2023,6
708265,30/05/2022,1000000,€1.00m,Olympique Lyon,19,2022,5
709187,03/06/2022,12000000,€12.00m,Athletic Bilbao,19,2022,6
709187,03/11/2020,1000000,€1.00m,Bilbao Athletic,18,2020,11
709187,07/01/2021,1000000,€1.00m,Bilbao Athletic,18,2021,1
709187,07/06/2024,60000000,€60.00m,Athletic Bilbao,21,2024,6
709187,07/11/2022,25000000,€25.00m,Athletic Bilbao,20,2022,11
709187,09/06/2025,70000000,€70.00m,Athletic Bilbao,22,2025,6
709187,12/12/2025,60000000,€60.00m,Athletic Bilbao,23,2025,12
709187,13/06/2023,30000000,€30.00m,Athletic Bilbao,20,2023,6
709187,13/10/2021,5000000,€5.00m,Athletic Bilbao,19,2021,10
709187,13/10/2023,40000000,€40.00m,Athletic Bilbao,21,2023,10
709187,18/07/2024,70000000,€70.00m,Athletic Bilbao,22,2024,7
709187,21/03/2022,12000000,€12.00m,Athletic Bilbao,19,2022,3
709187,22/12/2023,50000000,€50.00m,Athletic Bilbao,21,2023,12
709187,23/09/2022,22000000,€22.00m,Athletic Bilbao,20,2022,9
709187,27/12/2024,70000000,€70.00m,Athletic Bilbao,22,2024,12
709187,30/06/2021,1500000,€1.50m,Bilbao Athletic,18,2021,6
709187,30/12/2021,8000000,€8.00m,Athletic Bilbao,19,2021,12
709372,02/10/2025,10000000,€10.00m,RCD Espanyol Barcelona,23,2025,10
709372,07/06/2024,1500000,€1.50m,Villarreal CF B,22,2024,6
709372,09/06/2025,5000000,€5.00m,RCD Espanyol Barcelona,23,2025,6
709372,11/10/2024,2500000,€2.50m,RCD Espanyol Barcelona,22,2024,10
709372,12/12/2025,15000000,€15.00m,RCD Espanyol Barcelona,24,2025,12
709372,13/10/2023,1000000,€1.00m,Villarreal CF B,21,2023,10
709372,14/06/2023,100000,€100k,Villarreal CF B,21,2023,6
709372,20/12/2023,2000000,€2.00m,Villarreal CF B,22,2023,12
709372,21/03/2025,3000000,€3.00m,RCD Espanyol Barcelona,23,2025,3
709372,26/03/2024,1500000,€1.50m,Villarreal CF B,22,2024,3
709372,26/09/2022,100000,€100k,Villarreal CF B,20,2022,9
709372,27/12/2024,2500000,€2.50m,RCD Espanyol Barcelona,23,2024,12
709372,29/12/2022,100000,€100k,Villarreal CF B,21,2022,12
709726,02/11/2022,25000000,€25.00m,Paris Saint-Germain,20,2022,11
709726,04/06/2021,600000,€600k,Vejle Boldklub,18,2021,6
709726,05/06/2025,75000000,€75.00m,Eintracht Frankfurt,22,2025,6
709726,07/01/2021,400000,€400k,Stade Reims B,18,2021,1
709726,08/10/2021,2500000,€2.50m,Stade Reims,19,2021,10
709726,09/10/2024,30000000,€30.00m,Eintracht Frankfurt,22,2024,10
709726,09/12/2025,85000000,€85.00m,Liverpool FC,23,2025,12
709726,16/10/2023,15000000,€15.00m,Paris Saint-Germain,21,2023,10
709726,16/12/2021,6000000,€6.00m,Stade Reims,19,2021,12
709726,17/10/2025,85000000,€85.00m,Liverpool FC,23,2025,10
709726,18/12/2023,15000000,€15.00m,Paris Saint-Germain,21,2023,12
709726,20/12/2024,40000000,€40.00m,Eintracht Frankfurt,22,2024,12
709726,23/03/2022,20000000,€20.00m,Stade Reims,19,2022,3
709726,27/03/2025,55000000,€55.00m,Eintracht Frankfurt,22,2025,3
709726,27/06/2023,20000000,€20.00m,Paris Saint-Germain,21,2023,6
709726,29/05/2024,20000000,€20.00m,Eintracht Frankfurt,21,2024,5
709726,30/05/2022,28000000,€28.00m,Stade Reims,19,2022,5
709969,07/06/2024,15000000,€15.00m,Villarreal CF,20,2024,6
709969,08/01/2021,100000,€100k,FC Barcelona U19,16,2021,1
709969,09/06/2025,15000000,€15.00m,Villarreal CF,21,2025,6
709969,12/12/2025,12000000,€12.00m,Villarreal CF,21,2025,12
709969,21/03/2024,12000000,€12.00m,Villarreal CF,19,2024,3
709969,22/12/2023,3000000,€3.00m,Villarreal CF,19,2023,12
709969,23/11/2020,100000,€100k,FC Barcelona U19,16,2020,11
709969,27/12/2024,15000000,€15.00m,Villarreal CF,20,2024,12
709969,29/06/2022,3000000,€3.00m,FC Barcelona U19,18,2022,6
709969,29/12/2022,3000000,€3.00m,FC Barcelona Atlètic,18,2022,12
709969,30/06/2023,3000000,€3.00m,FC Barcelona Atlètic,19,2023,6
709969,30/12/2021,3000000,€3.00m,FC Barcelona U19,17,2021,12
711337,01/11/2022,22000000,€22.00m,FC Porto,23,2022,10
711337,06/06/2024,35000000,€35.00m,FC Porto,24,2024,6
711337,08/03/2024,30000000,€30.00m,FC Porto,24,2024,3
711337,08/04/2020,4000000,€4.00m,Fluminense Football Club,20,2020,4
711337,09/09/2020,7500000,€7.50m,FC Porto,20,2020,9
711337,09/12/2025,40000000,€40.00m,AFC Bournemouth,26,2025,12
711337,10/03/2022,20000000,€20.00m,FC Porto,22,2022,3
711337,16/06/2023,22000000,€22.00m,FC Porto,23,2023,6
711337,16/10/2019,50000,€50k,Fluminense Football Club,20,2019,10
711337,16/12/2024,35000000,€35.00m,AFC Bournemouth,25,2024,12
711337,17/10/2025,40000000,€40.00m,AFC Bournemouth,26,2025,10
711337,20/02/2020,4500000,€4.50m,Fluminense Football Club,20,2020,2
711337,21/05/2021,7500000,€7.50m,FC Porto,21,2021,5
711337,27/11/2019,50000,€50k,Fluminense Football Club,20,2019,11
711337,27/12/2021,9000000,€9.00m,FC Porto,22,2021,12
711337,27/12/2023,25000000,€25.00m,FC Porto,24,2023,12
711337,28/01/2021,7500000,€7.50m,FC Porto,21,2021,1
711337,30/05/2025,35000000,€35.00m,AFC Bournemouth,25,2025,5
711337,31/05/2022,22000000,€22.00m,FC Porto,22,2022,5
711374,02/10/2025,6000000,€6.00m,Real Sociedad,23,2025,10
711374,10/08/2021,50000,€50k,Real Sociedad C,19,2021,8
711374,12/12/2025,15000000,€15.00m,Real Sociedad,23,2025,12
711374,13/12/2024,800000,€800k,CD Mirandés,22,2024,12
711374,14/10/2024,600000,€600k,CD Mirandés,22,2024,10
711374,20/12/2023,400000,€400k,Real Sociedad B,21,2023,12
711374,21/03/2022,100000,€100k,Real Sociedad C,20,2022,3
711374,24/06/2024,500000,€500k,Real Sociedad B,22,2024,6
711374,24/06/2025,3000000,€3.00m,CD Mirandés,23,2025,6
711374,27/03/2025,1500000,€1.50m,CD Mirandés,23,2025,3
711374,29/06/2022,150000,€150k,Real Sociedad C,20,2022,6
711374,29/12/2022,200000,€200k,Real Sociedad B,20,2022,12
711374,30/06/2023,250000,€250k,Real Sociedad B,21,2023,6
711374,30/12/2021,50000,€50k,Real Sociedad C,19,2021,12
711976,03/06/2024,9000000,€9.00m,RC Lens,21,2024,6
711976,03/06/2025,15000000,€15.00m,RC Lens,22,2025,6
711976,06/08/2021,250000,€250k,Stade Rennais FC,18,2021,8
711976,07/06/2023,7000000,€7.00m,FC Basel 1893,20,2023,6
711976,07/10/2025,18000000,€18.00m,Inter Milan,22,2025,10
711976,10/11/2022,1200000,€1.20m,FC Basel 1893,19,2022,11
711976,10/12/2024,10000000,€10.00m,RC Lens,21,2024,12
711976,16/10/2023,13000000,€13.00m,RC Lens,20,2023,10
711976,16/12/2021,500000,€500k,Stade Rennais FC,18,2021,12
711976,18/12/2023,10000000,€10.00m,RC Lens,20,2023,12
711976,23/12/2025,18000000,€18.00m,Inter Milan,22,2025,12
711976,28/03/2023,1400000,€1.40m,FC Basel 1893,19,2023,3
711976,30/05/2022,500000,€500k,Stade Rennais FC,19,2022,5
711980,02/11/2022,200000,€200k,Stade Rennais FC,20,2022,11
711980,03/06/2024,7000000,€7.00m,Stade Rennais FC,21,2024,6
711980,03/06/2025,18000000,€18.00m,RC Strasbourg Alsace,22,2025,6
711980,10/12/2024,8000000,€8.00m,RC Strasbourg Alsace,22,2024,12
711980,15/12/2025,18000000,€18.00m,RC Strasbourg Alsace,23,2025,12
711980,16/10/2023,1000000,€1.00m,Stade Rennais FC,20,2023,10
711980,18/12/2023,1000000,€1.00m,Stade Rennais FC,21,2023,12
711980,19/03/2024,7000000,€7.00m,Stade Rennais FC,21,2024,3
711980,19/09/2022,200000,€200k,Stade Rennais FC,19,2022,9
711980,24/03/2025,12000000,€12.00m,RC Strasbourg Alsace,22,2025,3
711980,27/03/2023,300000,€300k,Stade Rennais FC,20,2023,3
711980,27/06/2023,300000,€300k,Stade Rennais FC,20,2023,6
718303,04/07/2023,600000,€600k,AZ Alkmaar,19,2023,7
718303,08/06/2022,300000,€300k,AZ Alkmaar U21,18,2022,6
718303,11/11/2022,300000,€300k,AZ Alkmaar U21,18,2022,11
718303,12/01/2022,300000,€300k,AZ Alkmaar U21,17,2022,1
718303,12/10/2021,300000,€300k,AZ Alkmaar U21,17,2021,10
718303,14/10/2025,10000000,€10.00m,Bayer 04 Leverkusen,21,2025,10
718303,15/12/2023,1300000,€1.30m,AZ Alkmaar,19,2023,12
718303,17/10/2023,900000,€900k,AZ Alkmaar,19,2023,10
718303,17/12/2024,1500000,€1.50m,AZ Alkmaar,20,2024,12
718303,19/12/2025,20000000,€20.00m,Bayer 04 Leverkusen,21,2025,12
718303,28/03/2025,3000000,€3.00m,AZ Alkmaar,21,2025,3
718303,28/05/2025,4000000,€4.00m,AZ Alkmaar,21,2025,5
718303,31/05/2024,1300000,€1.30m,AZ Alkmaar,20,2024,5
724129,03/06/2025,15000000,€15.00m,LOSC Lille,20,2025,6
724129,04/06/2024,3000000,€3.00m,KAA Gent,19,2024,6
724129,07/10/2024,6000000,€6.00m,LOSC Lille,19,2024,10
724129,10/10/2025,20000000,€20.00m,LOSC Lille,20,2025,10
724129,10/12/2024,10000000,€10.00m,LOSC Lille,19,2024,12
724129,15/12/2025,20000000,€20.00m,LOSC Lille,20,2025,12
724129,19/12/2023,600000,€600k,KAA Gent,18,2023,12
724129,23/10/2023,400000,€400k,KAA Gent,18,2023,10
724520,03/06/2022,8000000,€8.00m,FC Barcelona B,20,2022,6
724520,07/06/2024,9000000,€9.00m,Real Betis Balompié,22,2024,6
724520,07/11/2022,8000000,€8.00m,CA Osasuna,20,2022,11
724520,08/01/2021,50000,€50k,Hércules CF,19,2021,1
724520,08/10/2020,50000,€50k,Hércules CF,18,2020,10
724520,09/06/2025,12000000,€12.00m,Real Betis Balompié,23,2025,6
724520,11/02/2020,50000,€50k,Hércules CF,18,2020,2
724520,11/10/2024,12000000,€12.00m,Real Betis Balompié,22,2024,10
724520,12/12/2025,20000000,€20.00m,Real Betis Balompié,23,2025,12
724520,13/06/2023,15000000,€15.00m,CA Osasuna,21,2023,6
724520,13/10/2021,1000000,€1.00m,FC Barcelona B,19,2021,10
724520,21/03/2024,12000000,€12.00m,Real Betis Balompié,22,2024,3
724520,21/03/2025,12000000,€12.00m,Real Betis Balompié,23,2025,3
724520,22/12/2023,15000000,€15.00m,Real Betis Balompié,22,2023,12
724520,27/12/2024,15000000,€15.00m,Real Betis Balompié,23,2024,12
724520,29/06/2022,8000000,€8.00m,FC Barcelona B,20,2022,6
724520,30/06/2021,100000,€100k,Hércules CF,19,2021,6
724520,30/12/2021,8000000,€8.00m,FC Barcelona B,20,2021,12
729814,02/10/2025,30000000,€30.00m,Villarreal CF,24,2025,10
729814,03/06/2024,15000000,€15.00m,FC Metz,23,2024,6
729814,03/06/2025,22000000,€22.00m,Olympique Lyon,24,2025,6
729814,06/01/2022,2500000,€2.50m,RFC Seraing,21,2022,1
729814,06/04/2023,6000000,€6.00m,FC Metz,22,2023,4
729814,06/10/2021,1800000,€1.80m,RFC Seraing,20,2021,10
729814,10/12/2024,18000000,€18.00m,Olympique Lyon,24,2024,12
729814,12/04/2022,2200000,€2.20m,RFC Seraing,21,2022,4
729814,12/12/2025,28000000,€28.00m,Villarreal CF,25,2025,12
729814,15/12/2023,8000000,€8.00m,Ajax Amsterdam,23,2023,12
729814,16/06/2023,10000000,€10.00m,FC Metz,22,2023,6
729814,18/07/2024,20000000,€20.00m,Olympique Lyon,23,2024,7
729814,19/03/2024,9000000,€9.00m,FC Metz,23,2024,3
729814,20/08/2020,200000,€200k,RFC Seraing,19,2020,8
729814,21/10/2020,1200000,€1.20m,RFC Seraing,19,2020,10
729814,24/03/2025,20000000,€20.00m,Olympique Lyon,24,2025,3
729814,28/10/2022,3000000,€3.00m,FC Metz,21,2022,10
730581,03/11/2022,10000000,€10.00m,Nottingham Forest,22,2022,11
730581,04/06/2021,12000000,€12.00m,RC Lens,21,2021,6
730581,07/01/2021,6000000,€6.00m,RC Lens,20,2021,1
730581,07/06/2024,14000000,€14.00m,Sevilla FC,24,2024,6
730581,08/10/2021,17000000,€17.00m,Stade Rennais FC,21,2021,10
730581,09/04/2021,12000000,€12.00m,RC Lens,20,2021,4
730581,09/06/2025,25000000,€25.00m,Sevilla FC,25,2025,6
730581,11/10/2024,20000000,€20.00m,Sevilla FC,24,2024,10
730581,13/06/2023,12000000,€12.00m,Sevilla FC,23,2023,6
730581,14/08/2020,500000,€500k,RC Lens,20,2020,8
730581,15/10/2020,3000000,€3.00m,RC Lens,20,2020,10
730581,16/12/2021,16000000,€16.00m,Stade Rennais FC,21,2021,12
730581,19/12/2025,28000000,€28.00m,Bayer 04 Leverkusen,25,2025,12
730581,21/03/2024,14000000,€14.00m,Sevilla FC,23,2024,3
730581,21/03/2025,30000000,€30.00m,Sevilla FC,24,2025,3
730581,22/12/2023,10000000,€10.00m,Sevilla FC,23,2023,12
730581,23/03/2022,14000000,€14.00m,Stade Rennais FC,21,2022,3
730581,27/12/2024,25000000,€25.00m,Sevilla FC,24,2024,12
730581,30/05/2022,12000000,€12.00m,Stade Rennais FC,22,2022,5
730861,08/06/2022,700000,€700k,AZ Alkmaar,18,2022,6
730861,09/10/2023,18000000,€18.00m,AFC Bournemouth,19,2023,10
730861,09/12/2025,40000000,€40.00m,Liverpool FC,22,2025,12
730861,11/11/2022,7000000,€7.00m,AZ Alkmaar,19,2022,11
730861,14/09/2022,3000000,€3.00m,AZ Alkmaar,18,2022,9
730861,16/12/2024,28000000,€28.00m,AFC Bournemouth,21,2024,12
730861,17/03/2023,10000000,€10.00m,AZ Alkmaar,19,2023,3
730861,18/03/2025,35000000,€35.00m,AFC Bournemouth,21,2025,3
730861,19/12/2023,20000000,€20.00m,AFC Bournemouth,20,2023,12
730861,23/06/2023,15000000,€15.00m,AZ Alkmaar,19,2023,6
730861,23/10/2020,50000,€50k,ETO FC,16,2020,10
730861,24/01/2021,200000,€200k,ETO FC,17,2021,1
730861,27/05/2024,20000000,€20.00m,AFC Bournemouth,20,2024,5
730861,30/05/2025,45000000,€45.00m,AFC Bournemouth,21,2025,5
730861,30/06/2021,300000,€300k,Milan Primavera,17,2021,6
733576,07/06/2024,15000000,€15.00m,UD Las Palmas,20,2024,6
733576,08/01/2021,100000,€100k,UD Las Palmas U19,17,2021,1
733576,08/10/2020,50000,€50k,UD Las Palmas U19,17,2020,10
733576,09/06/2025,25000000,€25.00m,UD Las Palmas,21,2025,6
733576,11/10/2024,20000000,€20.00m,UD Las Palmas,21,2024,10
733576,12/12/2025,30000000,€30.00m,Villarreal CF,22,2025,12
733576,13/10/2021,2500000,€2.50m,UD Las Palmas,18,2021,10
733576,14/06/2023,5000000,€5.00m,UD Las Palmas,19,2023,6
733576,20/11/2020,100000,€100k,UD Las Palmas U19,17,2020,11
733576,22/12/2023,10000000,€10.00m,UD Las Palmas,20,2023,12
733576,27/12/2021,3000000,€3.00m,UD Las Palmas,18,2021,12
733576,27/12/2024,25000000,€25.00m,UD Las Palmas,21,2024,12
733576,29/06/2022,3000000,€3.00m,UD Las Palmas,18,2022,6
733576,29/12/2022,3000000,€3.00m,UD Las Palmas,19,2022,12
733576,30/06/2021,100000,€100k,UD Las Palmas U19,17,2021,6
735568,02/10/2025,18000000,€18.00m,Real Betis Balompié,24,2025,10
735568,05/06/2024,12000000,€12.00m,SSC Napoli,23,2024,6
735568,06/04/2022,4000000,€4.00m,Red Bull Bragantino,21,2022,4
735568,07/04/2023,5500000,€5.50m,Red Bull Bragantino,22,2023,4
735568,09/02/2021,1000000,€1.00m,CR Flamengo,20,2021,2
735568,09/06/2025,9000000,€9.00m,Real Betis Balompié,24,2025,6
735568,10/09/2021,3000000,€3.00m,Red Bull Bragantino,20,2021,9
735568,11/10/2023,10000000,€10.00m,SSC Napoli,22,2023,10
735568,12/12/2025,20000000,€20.00m,Real Betis Balompié,24,2025,12
735568,14/11/2022,5500000,€5.50m,Red Bull Bragantino,21,2022,11
735568,17/12/2021,3500000,€3.50m,Red Bull Bragantino,20,2021,12
735568,19/08/2022,5000000,€5.00m,Red Bull Bragantino,21,2022,8
735568,20/12/2023,13000000,€13.00m,SSC Napoli,22,2023,12
735568,25/07/2023,5500000,€5.50m,Red Bull Bragantino,22,2023,7
735568,27/12/2024,9000000,€9.00m,Real Betis Balompié,23,2024,12
735568,28/05/2021,1000000,€1.00m,Red Bull Bragantino,20,2021,5
735570,01/10/2024,40000000,€40.00m,Wolverhampton Wanderers,23,2024,9
735570,06/04/2022,9000000,€9.00m,CR Flamengo,21,2022,4
735570,09/02/2021,500000,€500k,CR Flamengo U20,19,2021,2
735570,09/10/2023,22000000,€22.00m,Wolverhampton Wanderers,22,2023,10
735570,09/12/2025,40000000,€40.00m,Wolverhampton Wanderers,24,2025,12
735570,14/03/2024,28000000,€28.00m,Wolverhampton Wanderers,23,2024,3
735570,14/11/2022,15000000,€15.00m,CR Flamengo,21,2022,11
735570,16/12/2024,40000000,€40.00m,Wolverhampton Wanderers,23,2024,12
735570,17/12/2021,5000000,€5.00m,CR Flamengo,20,2021,12
735570,19/08/2022,10000000,€10.00m,CR Flamengo,21,2022,8
735570,19/12/2023,22000000,€22.00m,Wolverhampton Wanderers,22,2023,12
735570,20/06/2023,18000000,€18.00m,Wolverhampton Wanderers,22,2023,6
735570,27/05/2024,35000000,€35.00m,Wolverhampton Wanderers,23,2024,5
735570,28/05/2021,3500000,€3.50m,CR Flamengo,20,2021,5
735570,30/05/2025,40000000,€40.00m,Wolverhampton Wanderers,24,2025,5
739769,02/06/2025,5000000,€5.00m,Paris FC,26,2025,6
739769,04/12/2024,3000000,€3.00m,Paris FC,26,2024,12
739769,06/04/2023,2500000,€2.50m,Paris FC,24,2023,4
739769,08/10/2021,3500000,€3.50m,Stade Reims,23,2021,10
739769,10/10/2025,10000000,€10.00m,Paris FC,27,2025,10
739769,11/03/2021,1000000,€1.00m,USL Dunkerque,22,2021,3
739769,11/06/2024,3000000,€3.00m,Paris FC,25,2024,6
739769,11/11/2020,800000,€800k,USL Dunkerque,22,2020,11
739769,12/03/2025,3500000,€3.50m,Paris FC,26,2025,3
739769,13/12/2023,2500000,€2.50m,Paris FC,25,2023,12
739769,15/12/2025,12000000,€12.00m,Paris FC,27,2025,12
739769,16/06/2023,2000000,€2.00m,Paris FC,24,2023,6
739769,16/12/2021,4500000,€4.50m,Stade Reims,23,2021,12
739769,25/06/2021,1000000,€1.00m,USL Dunkerque,22,2021,6
739769,28/10/2022,3000000,€3.00m,Paris FC,24,2022,10
739769,30/05/2022,4500000,€4.50m,Stade Reims,23,2022,5
742201,07/06/2024,3000000,€3.00m,Deportivo Alavés,21,2024,6
742201,09/06/2025,35000000,€35.00m,Atlético de Madrid,22,2025,6
742201,12/12/2025,40000000,€40.00m,Atlético de Madrid,22,2025,12
742201,14/06/2023,2500000,€2.50m,Real Zaragoza,20,2023,6
742201,19/03/2021,500000,€500k,Atlético Madrileño,18,2021,3
742201,21/03/2024,1500000,€1.50m,Deportivo Alavés,21,2024,3
742201,21/03/2025,25000000,€25.00m,Atlético de Madrid,22,2025,3
742201,22/12/2023,2500000,€2.50m,Deportivo Alavés,21,2023,12
742201,24/03/2023,2000000,€2.00m,Real Zaragoza,20,2023,3
742201,26/09/2022,800000,€800k,Real Zaragoza,19,2022,9
742201,27/12/2024,12000000,€12.00m,Atlético de Madrid,22,2024,12
742201,29/12/2022,1000000,€1.00m,Real Zaragoza,20,2022,12
742201,30/06/2021,500000,€500k,Atlético Madrileño,18,2021,6
743386,03/06/2024,15000000,€15.00m,Olympique Lyon,19,2024,6
743386,03/06/2025,30000000,€30.00m,Olympique Lyon,20,2025,6
743386,04/11/2022,750000,€750k,KAA Gent,17,2022,11
743386,07/09/2022,750000,€750k,KAA Gent,17,2022,9
743386,09/06/2023,2800000,€2.80m,KAA Gent,18,2023,6
743386,10/12/2024,25000000,€25.00m,Olympique Lyon,19,2024,12
743386,15/12/2025,30000000,€30.00m,Olympique Lyon,20,2025,12
743386,19/03/2024,12000000,€12.00m,Olympique Lyon,18,2024,3
743386,19/12/2023,8000000,€8.00m,KAA Gent,18,2023,12
743386,20/07/2022,400000,€400k,KAA Gent,17,2022,7
743386,22/03/2023,2000000,€2.00m,KAA Gent,17,2023,3
743386,23/10/2023,6000000,€6.00m,KAA Gent,18,2023,10
743413,09/12/2025,40000000,€40.00m,Manchester City,20,2025,12
743413,17/10/2025,30000000,€30.00m,Manchester City,20,2025,10
743413,18/03/2025,7000000,€7.00m,Manchester City,19,2025,3
743413,30/05/2025,18000000,€18.00m,Manchester City,20,2025,5
743591,06/04/2022,6000000,€6.00m,Clube Atlético Mineiro,17,2022,4
743591,07/06/2024,50000000,€50.00m,Girona FC,20,2024,6
743591,09/02/2021,3000000,€3.00m,Clube Atlético Mineiro,16,2021,2
743591,09/12/2025,45000000,€45.00m,Manchester City,21,2025,12
743591,11/11/2022,6000000,€6.00m,PSV Eindhoven,18,2022,11
743591,13/10/2023,20000000,€20.00m,Girona FC,19,2023,10
743591,16/12/2024,55000000,€55.00m,Manchester City,20,2024,12
743591,17/12/2021,5000000,€5.00m,Clube Atlético Mineiro,17,2021,12
743591,21/03/2024,40000000,€40.00m,Girona FC,19,2024,3
743591,22/12/2023,30000000,€30.00m,Girona FC,19,2023,12
743591,23/06/2023,5000000,€5.00m,PSV Eindhoven,19,2023,6
743591,28/05/2021,5000000,€5.00m,Clube Atlético Mineiro,17,2021,5
743591,30/05/2025,50000000,€50.00m,Manchester City,21,2025,5
743600,03/06/2024,15000000,€15.00m,RC Strasbourg Alsace,20,2024,6
743600,03/06/2025,35000000,€35.00m,Chelsea FC,21,2025,6
743600,05/08/2022,5000000,€5.00m,Clube de Regatas Vasco da Gama,18,2022,8
743600,07/04/2023,15000000,€15.00m,Clube de Regatas Vasco da Gama,18,2023,4
743600,07/10/2024,18000000,€18.00m,RC Strasbourg Alsace,20,2024,10
743600,09/12/2025,40000000,€40.00m,Chelsea FC,21,2025,12
743600,10/12/2024,25000000,€25.00m,RC Strasbourg Alsace,20,2024,12
743600,17/02/2023,12000000,€12.00m,Chelsea FC,18,2023,2
743600,19/12/2023,14000000,€14.00m,Nottingham Forest,19,2023,12
743600,25/07/2023,15000000,€15.00m,Chelsea FC,19,2023,7
743600,28/12/2022,10000000,€10.00m,Clube de Regatas Vasco da Gama,18,2022,12
744149,01/06/2023,3500000,€3.50m,Blackburn Rovers,19,2023,5
744149,09/12/2025,60000000,€60.00m,Crystal Palace,21,2025,12
744149,14/03/2024,20000000,€20.00m,Crystal Palace,20,2024,3
744149,16/12/2024,32000000,€32.00m,Crystal Palace,20,2024,12
744149,17/10/2025,60000000,€60.00m,Crystal Palace,21,2025,10
744149,18/03/2025,35000000,€35.00m,Crystal Palace,21,2025,3
744149,21/12/2023,10000000,€10.00m,Blackburn Rovers,19,2023,12
744149,27/05/2024,30000000,€30.00m,Crystal Palace,20,2024,5
744149,27/10/2022,2500000,€2.50m,Blackburn Rovers,18,2022,10
744149,30/05/2025,45000000,€45.00m,Crystal Palace,21,2025,5
745200,02/11/2022,4000000,€4.00m,AS Monaco,20,2022,11
745200,03/06/2024,25000000,€25.00m,AS Monaco,22,2024,6
745200,03/06/2025,45000000,€45.00m,AS Monaco,23,2025,6
745200,07/10/2024,30000000,€30.00m,AS Monaco,22,2024,10
745200,10/12/2024,40000000,€40.00m,AS Monaco,22,2024,12
745200,15/12/2025,45000000,€45.00m,AS Monaco,23,2025,12
745200,16/10/2023,8000000,€8.00m,AS Monaco,21,2023,10
745200,16/12/2021,300000,€300k,AS Monaco B,19,2021,12
745200,18/12/2023,10000000,€10.00m,AS Monaco,21,2023,12
745200,19/03/2024,15000000,€15.00m,AS Monaco,22,2024,3
745200,19/09/2022,3000000,€3.00m,AS Monaco,20,2022,9
745200,23/03/2022,1000000,€1.00m,AS Monaco B,20,2022,3
745200,27/03/2023,6000000,€6.00m,AS Monaco,21,2023,3
745200,27/06/2023,6000000,€6.00m,AS Monaco,21,2023,6
745200,30/05/2022,1000000,€1.00m,AS Monaco B,20,2022,5
746695,02/11/2022,18000000,€18.00m,Stade Rennais FC,20,2022,11
746695,04/06/2021,9000000,€9.00m,FC Nordsjaelland,19,2021,6
746695,07/03/2024,15000000,€15.00m,Southampton FC,22,2024,3
746695,07/10/2025,20000000,€20.00m,Atalanta BC,23,2025,10
746695,08/10/2021,15000000,€15.00m,Stade Rennais FC,19,2021,10
746695,09/03/2020,100000,€100k,FC Nordsjaelland,18,2020,3
746695,16/03/2023,22000000,€22.00m,Southampton FC,21,2023,3
746695,16/12/2021,20000000,€20.00m,Stade Rennais FC,19,2021,12
746695,16/12/2024,13000000,€13.00m,Southampton FC,22,2024,12
746695,20/06/2023,22000000,€22.00m,Southampton FC,21,2023,6
746695,21/12/2023,16000000,€16.00m,Southampton FC,21,2023,12
746695,23/12/2020,3000000,€3.00m,FC Nordsjaelland,18,2020,12
746695,23/12/2025,18000000,€18.00m,Atalanta BC,23,2025,12
746695,24/05/2024,13000000,€13.00m,Southampton FC,22,2024,5
746695,27/10/2023,18000000,€18.00m,Southampton FC,21,2023,10
746695,30/05/2022,18000000,€18.00m,Stade Rennais FC,20,2022,5
746695,30/05/2025,13000000,€13.00m,Southampton FC,23,2025,5
746695,31/07/2020,1000000,€1.00m,FC Nordsjaelland,18,2020,7
746712,01/07/2023,150000,€150k,ACF Fiorentina,18,2023,6
746712,05/06/2024,700000,€700k,ACF Fiorentina,19,2024,6
746712,11/10/2023,700000,€700k,ACF Fiorentina,18,2023,10
746712,17/06/2025,25000000,€25.00m,ACF Fiorentina,20,2025,6
746712,18/10/2024,4000000,€4.00m,ACF Fiorentina,19,2024,10
746712,18/12/2024,15000000,€15.00m,ACF Fiorentina,19,2024,12
746712,20/12/2023,700000,€700k,ACF Fiorentina,18,2023,12
746712,23/12/2025,23000000,€23.00m,ACF Fiorentina,20,2025,12
746712,25/03/2025,25000000,€25.00m,ACF Fiorentina,20,2025,3
746910,03/01/2022,1200000,€1.20m,FC Lugano,21,2022,1
746910,04/06/2024,16000000,€16.00m,Union Saint-Gilloise,24,2024,6
746910,05/06/2025,32000000,€32.00m,VfL Wolfsburg,25,2025,6
746910,07/06/2023,2000000,€2.00m,FC Lugano,23,2023,6
746910,07/12/2020,150000,€150k,ES Sétif,20,2020,12
746910,08/06/2022,1200000,€1.20m,FC Lugano,22,2022,6
746910,10/11/2022,1000000,€1.00m,FC Lugano,22,2022,11
746910,17/02/2021,450000,€450k,ES Sétif,20,2021,2
746910,19/12/2023,10000000,€10.00m,Union Saint-Gilloise,23,2023,12
746910,19/12/2025,32000000,€32.00m,VfL Wolfsburg,25,2025,12
746910,20/12/2024,22000000,€22.00m,VfL Wolfsburg,24,2024,12
746910,21/07/2021,1200000,€1.20m,ES Sétif,21,2021,7
746910,22/03/2024,16000000,€16.00m,Union Saint-Gilloise,23,2024,3
746910,23/10/2023,4500000,€4.50m,Union Saint-Gilloise,23,2023,10
746910,27/03/2025,32000000,€32.00m,VfL Wolfsburg,24,2025,3
747720,04/07/2023,400000,€400k,AZ Alkmaar U21,17,2023,7
747720,07/10/2025,10000000,€10.00m,Como 1907,20,2025,10
747720,08/01/2024,800000,€800k,AZ Alkmaar,18,2024,1
747720,10/06/2024,1000000,€1.00m,AZ Alkmaar,18,2024,6
747720,17/12/2024,1500000,€1.50m,AZ Alkmaar,19,2024,12
747720,18/03/2024,1000000,€1.00m,AZ Alkmaar,18,2024,3
747720,23/06/2022,150000,€150k,AZ Alkmaar U18,16,2022,6
747720,23/12/2025,20000000,€20.00m,Como 1907,20,2025,12
747720,28/05/2025,1500000,€1.50m,AZ Alkmaar,19,2025,5
763079,03/06/2024,2500000,€2.50m,RC Lens,20,2024,6
763079,07/10/2024,5000000,€5.00m,RC Lens,20,2024,10
763079,09/12/2025,35000000,€35.00m,Manchester City,21,2025,12
763079,10/12/2024,12000000,€12.00m,RC Lens,20,2024,12
763079,11/07/2023,400000,€400k,SKA-1938 Minsk,19,2023,7
763079,16/10/2023,800000,€800k,RC Lens,19,2023,10
763079,17/06/2022,150000,€150k,SKA-1938 Minsk,18,2022,6
763079,18/03/2025,35000000,€35.00m,Manchester City,21,2025,3
763079,18/12/2023,1500000,€1.50m,RC Lens,19,2023,12
763079,21/02/2024,2000000,€2.00m,RC Lens,19,2024,2
763079,30/05/2025,35000000,€35.00m,Manchester City,21,2025,5
763079,30/11/2022,300000,€300k,SKA-1938 Minsk,18,2022,11
775605,07/06/2024,25000000,€25.00m,Atlético de Madrid,20,2024,6
775605,09/06/2025,55000000,€55.00m,Atlético de Madrid,21,2025,6
775605,11/10/2024,30000000,€30.00m,Atlético de Madrid,21,2024,10
775605,12/12/2025,60000000,€60.00m,Atlético de Madrid,22,2025,12
775605,13/06/2023,5000000,€5.00m,Atlético de Madrid,19,2023,6
775605,13/10/2023,20000000,€20.00m,Atlético de Madrid,20,2023,10
775605,22/12/2023,25000000,€25.00m,Atlético de Madrid,20,2023,12
775605,23/03/2023,5000000,€5.00m,Atlético de Madrid,19,2023,3
775605,26/09/2022,100000,€100k,Atlético Madrileño,19,2022,9
775605,27/12/2024,50000000,€50.00m,Atlético de Madrid,21,2024,12
775605,29/12/2022,500000,€500k,Atlético Madrileño,19,2022,12
776890,01/10/2024,40000000,€40.00m,Chelsea FC,23,2024,9
776890,07/11/2022,15000000,€15.00m,Villarreal CF,21,2022,11
776890,08/01/2021,400000,€400k,CD Mirandés,19,2021,1
776890,08/10/2020,100000,€100k,CD Mirandés,19,2020,10
776890,09/10/2023,35000000,€35.00m,Chelsea FC,22,2023,10
776890,13/06/2023,30000000,€30.00m,Villarreal CF,21,2023,6
776890,16/12/2024,55000000,€55.00m,Chelsea FC,23,2024,12
776890,19/12/2023,35000000,€35.00m,Chelsea FC,22,2023,12
776890,19/12/2025,45000000,€45.00m,Bayern Munich,24,2025,12
776890,21/03/2022,500000,€500k,Villarreal CF B,20,2022,3
776890,23/09/2022,10000000,€10.00m,Villarreal CF,21,2022,9
776890,24/06/2021,300000,€300k,CD Mirandés,20,2021,6
776890,27/05/2024,35000000,€35.00m,Chelsea FC,22,2024,5
776890,29/06/2022,1000000,€1.00m,Villarreal CF B,21,2022,6
776890,30/05/2025,50000000,€50.00m,Chelsea FC,23,2025,5
776890,30/12/2021,300000,€300k,Villarreal CF B,20,2021,12
786436,02/11/2022,2000000,€2.00m,RC Strasbourg Alsace,19,2022,11
786436,03/06/2024,10000000,€10.00m,RC Strasbourg Alsace,20,2024,6
786436,03/06/2025,18000000,€18.00m,RC Strasbourg Alsace,21,2025,6
786436,10/12/2024,15000000,€15.00m,RC Strasbourg Alsace,21,2024,12
786436,11/03/2021,300000,€300k,Valenciennes FC,17,2021,3
786436,11/11/2020,150000,€150k,Valenciennes FC,17,2020,11
786436,15/12/2025,18000000,€18.00m,RC Strasbourg Alsace,22,2025,12
786436,16/10/2023,9000000,€9.00m,RC Strasbourg Alsace,20,2023,10
786436,18/12/2023,12000000,€12.00m,RC Strasbourg Alsace,20,2023,12
786436,19/09/2022,2000000,€2.00m,RC Strasbourg Alsace,19,2022,9
786436,25/06/2021,1200000,€1.20m,Valenciennes FC,17,2021,6
786436,27/03/2023,3000000,€3.00m,RC Strasbourg Alsace,19,2023,3
786436,27/06/2023,6000000,€6.00m,RC Strasbourg Alsace,19,2023,6
786436,27/10/2021,1500000,€1.50m,Valenciennes FC,18,2021,10
786436,27/12/2021,1500000,€1.50m,Valenciennes FC,18,2021,12
786436,30/05/2022,1500000,€1.50m,RC Strasbourg Alsace,18,2022,5
787912,02/11/2022,2000000,€2.00m,Paris Saint-Germain,17,2022,11
787912,05/06/2025,18000000,€18.00m,RB Leipzig,20,2025,6
787912,06/08/2021,500000,€500k,Paris Saint-Germain U19,16,2021,8
787912,14/10/2025,15000000,€15.00m,RB Leipzig,20,2025,10
787912,14/12/2023,15000000,€15.00m,RB Leipzig,18,2023,12
787912,16/12/2021,1000000,€1.00m,Paris Saint-Germain U19,16,2021,12
787912,18/10/2023,15000000,€15.00m,RB Leipzig,18,2023,10
787912,19/12/2025,15000000,€15.00m,RB Leipzig,20,2025,12
787912,20/12/2024,12000000,€12.00m,RB Leipzig,19,2024,12
787912,27/03/2023,7000000,€7.00m,Paris Saint-Germain,17,2023,3
787912,27/03/2024,12000000,€12.00m,RB Leipzig,18,2024,3
787912,27/06/2023,7000000,€7.00m,Paris Saint-Germain,18,2023,6
787912,29/05/2024,12000000,€12.00m,RB Leipzig,19,2024,5
787912,30/05/2022,2000000,€2.00m,Paris Saint-Germain U19,17,2022,5
789082,02/11/2022,18000000,€18.00m,AS Monaco,21,2022,11
789082,03/06/2024,20000000,€20.00m,AS Monaco,22,2024,6
789082,03/06/2025,20000000,€20.00m,AS Monaco,23,2025,6
789082,09/02/2021,400000,€400k,Grêmio Foot-Ball Porto Alegrense,19,2021,2
789082,10/09/2021,8500000,€8.50m,Grêmio Foot-Ball Porto Alegrense,20,2021,9
789082,10/12/2024,20000000,€20.00m,AS Monaco,23,2024,12
789082,15/12/2025,20000000,€20.00m,AS Monaco,24,2025,12
789082,17/12/2021,8500000,€8.50m,Grêmio Foot-Ball Porto Alegrense,20,2021,12
789082,18/12/2023,20000000,€20.00m,AS Monaco,22,2023,12
789082,23/03/2022,11000000,€11.00m,AS Monaco,20,2022,3
789082,27/06/2023,20000000,€20.00m,AS Monaco,22,2023,6
789082,28/05/2021,2000000,€2.00m,Grêmio Foot-Ball Porto Alegrense,19,2021,5
789082,30/05/2022,18000000,€18.00m,AS Monaco,20,2022,5
792380,01/08/2023,200000,€200k,FC Bayern Munich II,19,2023,7
792380,05/06/2025,55000000,€55.00m,Bayern Munich,21,2025,6
792380,09/10/2024,50000000,€50.00m,Bayern Munich,20,2024,10
792380,14/12/2023,2000000,€2.00m,Bayern Munich,19,2023,12
792380,19/12/2025,65000000,€65.00m,Bayern Munich,21,2025,12
792380,20/12/2024,50000000,€50.00m,Bayern Munich,20,2024,12
792380,27/03/2024,25000000,€25.00m,Bayern Munich,19,2024,3
792380,29/05/2024,30000000,€30.00m,Bayern Munich,20,2024,5
796297,01/06/2023,5000000,€5.00m,Birmingham City,17,2023,5
796297,14/10/2025,30000000,€30.00m,Borussia Dortmund,20,2025,10
796297,19/12/2025,25000000,€25.00m,Borussia Dortmund,20,2025,12
796297,21/12/2023,9000000,€9.00m,Sunderland AFC,18,2023,12
796297,24/05/2024,12000000,€12.00m,Sunderland AFC,18,2024,5
796297,24/11/2021,500000,€500k,Birmingham City U18,16,2021,11
796297,27/05/2025,22000000,€22.00m,Sunderland AFC,19,2025,5
796297,27/10/2022,3000000,€3.00m,Birmingham City,17,2022,10
796297,27/10/2023,6000000,€6.00m,Sunderland AFC,18,2023,10
796297,28/03/2025,22000000,€22.00m,Sunderland AFC,19,2025,3
796297,30/12/2024,18000000,€18.00m,Sunderland AFC,19,2024,12
805714,01/10/2024,8000000,€8.00m,Chelsea FC,21,2024,9
805714,05/02/2023,1000000,€1.00m,FC Augsburg,19,2023,2
805714,12/12/2025,25000000,€25.00m,Villarreal CF,22,2025,12
805714,16/12/2024,10000000,€10.00m,Chelsea FC,21,2024,12
805714,17/06/2025,25000000,€25.00m,Chelsea FC,21,2025,6
805714,19/10/2023,1500000,€1.50m,FC Basel 1893,20,2023,10
805714,21/12/2023,2000000,€2.00m,FC Basel 1893,20,2023,12
805714,22/06/2023,1000000,€1.00m,FC Augsburg,19,2023,6
805714,25/03/2025,18000000,€18.00m,Juventus FC,21,2025,3
805714,28/03/2024,3000000,€3.00m,FC Basel 1893,20,2024,3
805714,31/05/2024,3000000,€3.00m,FC Basel 1893,20,2024,5
807386,08/10/2024,16000000,€16.00m,Sporting CP,19,2024,10
807386,10/06/2024,2000000,€2.00m,FC Nordsjaelland,19,2024,6
807386,19/12/2024,18000000,€18.00m,Sporting CP,19,2024,12
807386,19/12/2025,24000000,€24.00m,RB Leipzig,20,2025,12
807386,21/12/2023,1000000,€1.00m,FC Nordsjaelland,18,2023,12
807386,26/06/2023,250000,€250k,FC Nordsjaelland U19,18,2023,6
807386,30/05/2025,24000000,€24.00m,Sporting CP,20,2025,5
807386,31/03/2025,24000000,€24.00m,Sporting CP,19,2025,3
808348,01/12/2021,350000,€350k,Grazer AK 1902,19,2021,11
808348,04/11/2022,350000,€350k,Zulte Waregem,20,2022,11
808348,05/09/2020,250000,€250k,FC Liefering,18,2020,9
808348,06/06/2025,6000000,€6.00m,Rapid Vienna,22,2025,6
808348,10/10/2024,4000000,€4.00m,Rapid Vienna,22,2024,10
808348,10/10/2025,8000000,€8.00m,RC Lens,23,2025,10
808348,11/12/2023,700000,€700k,TSV Hartberg,21,2023,12
808348,12/06/2023,600000,€600k,TSV Hartberg,20,2023,6
808348,15/12/2025,15000000,€15.00m,RC Lens,23,2025,12
808348,17/03/2025,6000000,€6.00m,Rapid Vienna,22,2025,3
808348,17/12/2024,4500000,€4.50m,Rapid Vienna,22,2024,12
808348,19/12/2020,250000,€250k,FC Liefering,18,2020,12
808348,21/05/2024,1200000,€1.20m,TSV Hartberg,21,2024,5
808348,25/05/2022,350000,€350k,Grazer AK 1902,19,2022,5
808348,26/05/2021,200000,€200k,FC Liefering,18,2021,5
810092,02/11/2022,6000000,€6.00m,Paris Saint-Germain,16,2022,11
810092,03/06/2024,60000000,€60.00m,Paris Saint-Germain,18,2024,6
810092,03/06/2025,55000000,€55.00m,Paris Saint-Germain,19,2025,6
810092,10/10/2025,50000000,€50.00m,Paris Saint-Germain,19,2025,10
810092,10/12/2024,60000000,€60.00m,Paris Saint-Germain,18,2024,12
810092,15/12/2025,50000000,€50.00m,Paris Saint-Germain,19,2025,12
810092,16/10/2023,50000000,€50.00m,Paris Saint-Germain,17,2023,10
810092,18/12/2023,60000000,€60.00m,Paris Saint-Germain,17,2023,12
810092,19/09/2022,5000000,€5.00m,Paris Saint-Germain,16,2022,9
810092,27/03/2023,18000000,€18.00m,Paris Saint-Germain,17,2023,3
810092,27/06/2023,20000000,€20.00m,Paris Saint-Germain,17,2023,6
810895,02/11/2022,200000,€200k,AS Monaco U21,17,2022,11
810895,03/06/2024,15000000,€15.00m,AS Monaco,19,2024,6
810895,03/06/2025,28000000,€28.00m,AS Monaco,20,2025,6
810895,07/10/2024,18000000,€18.00m,AS Monaco,19,2024,10
810895,10/12/2024,30000000,€30.00m,AS Monaco,19,2024,12
810895,18/12/2023,18000000,€18.00m,AS Monaco,18,2023,12
810895,19/03/2024,15000000,€15.00m,AS Monaco,19,2024,3
810895,19/09/2022,200000,€200k,AS Monaco U21,17,2022,9
810895,19/12/2025,24000000,€24.00m,Bayer 04 Leverkusen,20,2025,12
810895,27/03/2023,18000000,€18.00m,AS Monaco,18,2023,3
810895,27/06/2023,18000000,€18.00m,AS Monaco,18,2023,6
811778,01/06/2023,7000000,€7.00m,Manchester United,20,2023,5
811778,01/07/2022,2000000,€2.00m,Manchester United,19,2022,6
811778,02/10/2025,50000000,€50.00m,Real Madrid,22,2025,10
811778,06/06/2024,7000000,€7.00m,SL Benfica,21,2024,6
811778,08/10/2024,8000000,€8.00m,SL Benfica,21,2024,10
811778,12/12/2025,60000000,€60.00m,Real Madrid,22,2025,12
811778,19/12/2024,18000000,€18.00m,SL Benfica,21,2024,12
811778,22/12/2023,7000000,€7.00m,Granada CF,20,2023,12
811778,24/03/2023,6000000,€6.00m,Preston North End,20,2023,3
811778,27/10/2022,2500000,€2.50m,Preston North End,19,2022,10
811778,30/05/2025,35000000,€35.00m,SL Benfica,22,2025,5
811778,31/03/2025,28000000,€28.00m,SL Benfica,22,2025,3
811779,01/07/2022,2000000,€2.00m,Manchester United,18,2022,6
811779,01/10/2024,50000000,€50.00m,Manchester United,20,2024,9
811779,03/11/2022,5000000,€5.00m,Manchester United,18,2022,11
811779,09/12/2025,45000000,€45.00m,Chelsea FC,21,2025,12
811779,14/03/2024,40000000,€40.00m,Manchester United,19,2024,3
811779,15/09/2022,4000000,€4.00m,Manchester United,18,2022,9
811779,16/03/2023,25000000,€25.00m,Manchester United,18,2023,3
811779,16/12/2024,50000000,€50.00m,Manchester United,20,2024,12
811779,18/03/2025,45000000,€45.00m,Manchester United,20,2025,3
811779,19/12/2023,30000000,€30.00m,Manchester United,19,2023,12
811779,20/06/2023,25000000,€25.00m,Manchester United,18,2023,6
811779,27/05/2024,45000000,€45.00m,Manchester United,19,2024,5
811779,30/05/2025,45000000,€45.00m,Manchester United,20,2025,5
816580,01/11/2022,800000,€800k,GD Estoril Praia,20,2022,10
816580,02/03/2023,1000000,€1.00m,GD Estoril Praia,20,2023,3
816580,03/06/2024,15000000,€15.00m,LOSC Lille,21,2024,6
816580,03/06/2025,15000000,€15.00m,LOSC Lille,22,2025,6
816580,10/12/2024,15000000,€15.00m,LOSC Lille,22,2024,12
816580,15/12/2025,12000000,€12.00m,LOSC Lille,23,2025,12
816580,16/06/2023,3500000,€3.50m,GD Estoril Praia,20,2023,6
816580,16/09/2022,300000,€300k,GD Estoril Praia,20,2022,9
816580,16/10/2023,5000000,€5.00m,LOSC Lille,21,2023,10
816580,18/12/2023,8000000,€8.00m,LOSC Lille,21,2023,12
816585,05/06/2025,18000000,€18.00m,Eintracht Frankfurt,19,2025,6
816585,06/06/2024,12000000,€12.00m,1.FC Nuremberg,18,2024,6
816585,14/10/2025,45000000,€45.00m,Eintracht Frankfurt,19,2025,10
816585,15/12/2023,8000000,€8.00m,1.FC Nuremberg,18,2023,12
816585,19/12/2025,45000000,€45.00m,Eintracht Frankfurt,20,2025,12
816585,20/10/2023,5000000,€5.00m,1.FC Nuremberg,17,2023,10
816585,20/12/2024,12000000,€12.00m,Eintracht Frankfurt,19,2024,12
816585,22/03/2024,12000000,€12.00m,1.FC Nuremberg,18,2024,3
816585,27/03/2025,18000000,€18.00m,Eintracht Frankfurt,19,2025,3
816585,28/06/2023,500000,€500k,1.FC Nürnberg U19,17,2023,6
820374,03/11/2022,300000,€300k,Manchester United U21,17,2022,11
820374,09/12/2025,40000000,€40.00m,Manchester United,20,2025,12
820374,14/03/2024,35000000,€35.00m,Manchester United,18,2024,3
820374,16/03/2023,800000,€800k,Manchester United,17,2023,3
820374,16/12/2024,55000000,€55.00m,Manchester United,19,2024,12
820374,17/10/2025,45000000,€45.00m,Manchester United,20,2025,10
820374,18/07/2024,55000000,€55.00m,Manchester United,19,2024,7
820374,19/12/2023,6000000,€6.00m,Manchester United,18,2023,12
820374,20/06/2023,800000,€800k,Manchester United,18,2023,6
820374,27/05/2024,50000000,€50.00m,Manchester United,19,2024,5
820374,30/05/2025,50000000,€50.00m,Manchester United,20,2025,5
822331,07/11/2022,500000,€500k,RCD Espanyol B,19,2022,11
822331,08/01/2021,200000,€200k,RCD Espanyol B,17,2021,1
822331,08/12/2020,200000,€200k,RCD Espanyol B,17,2020,12
822331,09/06/2025,15000000,€15.00m,RCD Espanyol Barcelona,21,2025,6
822331,11/10/2024,3000000,€3.00m,RCD Espanyol Barcelona,21,2024,10
822331,12/12/2025,15000000,€15.00m,RCD Espanyol Barcelona,22,2025,12
822331,13/06/2023,500000,€500k,RCD Espanyol Barcelona,19,2023,6
822331,13/10/2023,1000000,€1.00m,RCD Espanyol Barcelona,20,2023,10
822331,20/12/2023,1000000,€1.00m,RCD Espanyol Barcelona,20,2023,12
822331,21/03/2025,10000000,€10.00m,RCD Espanyol Barcelona,21,2025,3
822331,24/06/2024,2000000,€2.00m,RCD Espanyol Barcelona,20,2024,6
822331,26/03/2024,1500000,€1.50m,RCD Espanyol Barcelona,20,2024,3
822331,27/12/2024,3000000,€3.00m,RCD Espanyol Barcelona,21,2024,12
822331,29/06/2022,200000,€200k,RCD Espanyol B,18,2022,6
822331,30/06/2021,200000,€200k,RCD Espanyol B,17,2021,6
822331,30/12/2021,200000,€200k,RCD Espanyol B,18,2021,12
822959,05/06/2025,30000000,€30.00m,TSG 1899 Hoffenheim,19,2025,6
822959,07/08/2021,750000,€750k,TSG 1899 Hoffenheim,16,2021,8
822959,09/06/2022,1000000,€1.00m,TSG 1899 Hoffenheim,16,2022,6
822959,09/11/2022,1000000,€1.00m,TSG 1899 Hoffenheim,17,2022,11
822959,14/12/2023,3500000,€3.50m,TSG 1899 Hoffenheim,18,2023,12
822959,19/12/2025,40000000,€40.00m,Bayern Munich,20,2025,12
822959,20/12/2024,12000000,€12.00m,TSG 1899 Hoffenheim,19,2024,12
822959,22/06/2023,3500000,€3.50m,TSG 1899 Hoffenheim,17,2023,6
822959,22/12/2021,750000,€750k,TSG 1899 Hoffenheim,16,2021,12
822959,27/03/2025,25000000,€25.00m,TSG 1899 Hoffenheim,19,2025,3
822959,29/03/2023,3500000,€3.50m,TSG 1899 Hoffenheim,17,2023,3
822959,29/05/2024,3500000,€3.50m,TSG 1899 Hoffenheim,18,2024,5
827734,03/06/2024,8000000,€8.00m,Parma Calcio 1913,20,2024,6
827734,06/06/2022,400000,€400k,Parma Calcio 1913,18,2022,6
827734,07/10/2025,23000000,€23.00m,Inter Milan,21,2025,10
827734,11/10/2023,3500000,€3.50m,Parma Calcio 1913,19,2023,10
827734,12/06/2023,900000,€900k,Parma Calcio 1913,19,2023,6
827734,15/03/2022,400000,€400k,Parma Calcio 1913,18,2022,3
827734,17/06/2025,20000000,€20.00m,Parma Calcio 1913,21,2025,6
827734,18/10/2024,15000000,€15.00m,Parma Calcio 1913,20,2024,10
827734,18/12/2024,20000000,€20.00m,Parma Calcio 1913,21,2024,12
827734,22/12/2022,750000,€750k,Parma Calcio 1913,19,2022,12
827734,23/12/2025,35000000,€35.00m,Inter Milan,22,2025,12
827734,27/12/2023,6000000,€6.00m,Parma Calcio 1913,20,2023,12
827734,29/12/2021,150000,€150k,Parma Calcio 1913,18,2021,12
834397,02/10/2023,300000,€300k,KRC Genk,18,2023,10
834397,02/10/2024,5000000,€5.00m,KRC Genk,19,2024,10
834397,04/06/2024,1000000,€1.00m,KRC Genk,18,2024,6
834397,05/10/2022,200000,€200k,Jong Genk,17,2022,10
834397,11/12/2024,5000000,€5.00m,KRC Genk,19,2024,12
834397,12/06/2025,12000000,€12.00m,Chelsea FC,19,2025,6
834397,15/12/2025,15000000,€15.00m,RC Strasbourg Alsace,20,2025,12
834397,19/12/2023,800000,€800k,KRC Genk,18,2023,12
834397,22/12/2022,150000,€150k,Jong Genk,17,2022,12
834397,26/03/2025,10000000,€10.00m,KRC Genk,19,2025,3
834397,30/05/2023,150000,€150k,Jong Genk,17,2023,5
834764,07/06/2024,20000000,€20.00m,Valencia CF,21,2024,6
834764,09/06/2025,25000000,€25.00m,Valencia CF,22,2025,6
834764,12/12/2025,25000000,€25.00m,Valencia CF,22,2025,12
834764,13/06/2023,2000000,€2.00m,Valencia Mestalla,20,2023,6
834764,13/10/2023,20000000,€20.00m,Valencia CF,20,2023,10
834764,22/12/2023,20000000,€20.00m,Valencia CF,20,2023,12
834764,26/09/2022,25000,€25k,Valencia Mestalla,19,2022,9
834764,27/12/2024,20000000,€20.00m,Valencia CF,21,2024,12
834764,29/12/2022,50000,€50k,Valencia Mestalla,19,2022,12
844637,02/10/2025,16000000,€16.00m,Atlético de Madrid,22,2025,10
844637,03/06/2022,800000,€800k,Atlético Levante UD,18,2022,6
844637,07/06/2024,4000000,€4.00m,UD Almería,20,2024,6
844637,12/12/2025,15000000,€15.00m,Atlético de Madrid,22,2025,12
844637,13/10/2021,25000,€25k,Atlético Levante UD,18,2021,10
844637,13/10/2023,2500000,€2.50m,UD Almería,20,2023,10
844637,13/12/2024,4000000,€4.00m,UD Almería,21,2024,12
844637,14/06/2023,1000000,€1.00m,Levante UD,19,2023,6
844637,21/03/2022,800000,€800k,Atlético Levante UD,18,2022,3
844637,21/03/2024,3000000,€3.00m,UD Almería,20,2024,3
844637,22/12/2023,2000000,€2.00m,UD Almería,20,2023,12
844637,24/06/2025,4000000,€4.00m,UD Almería,22,2025,6
844637,29/06/2022,800000,€800k,Atlético Levante UD,19,2022,6
844637,29/12/2022,800000,€800k,Levante UD,19,2022,12
844637,30/12/2021,500000,€500k,Atlético Levante UD,18,2021,12
845654,05/06/2024,30000000,€30.00m,Juventus FC,19,2024,6
845654,07/10/2025,75000000,€75.00m,Juventus FC,20,2025,10
845654,12/03/2024,30000000,€30.00m,Juventus FC,18,2024,3
845654,17/06/2025,50000000,€50.00m,Juventus FC,20,2025,6
845654,18/10/2024,40000000,€40.00m,Juventus FC,19,2024,10
845654,18/12/2024,45000000,€45.00m,Juventus FC,19,2024,12
845654,19/06/2023,1000000,€1.00m,Juventus Next Gen,18,2023,6
845654,20/12/2023,10000000,€10.00m,Juventus FC,18,2023,12
845654,23/12/2025,75000000,€75.00m,Juventus FC,20,2025,12
849410,03/06/2025,12000000,€12.00m,RC Strasbourg Alsace,20,2025,6
849410,04/07/2023,3500000,€3.50m,CA Boca Juniors,18,2023,7
849410,04/10/2023,10000000,€10.00m,CA Boca Juniors,19,2023,10
849410,10/10/2025,15000000,€15.00m,RC Strasbourg Alsace,21,2025,10
849410,11/06/2021,50000,€50k,CA Boca Juniors II,16,2021,6
849410,11/10/2024,10000000,€10.00m,Sevilla FC,20,2024,10
849410,15/12/2025,25000000,€25.00m,RC Strasbourg Alsace,21,2025,12
849410,19/12/2023,13000000,€13.00m,CA Boca Juniors,19,2023,12
849410,20/10/2021,1200000,€1.20m,CA Boca Juniors II,17,2021,10
849410,24/03/2025,8000000,€8.00m,RC Strasbourg Alsace,20,2025,3
849410,26/10/2022,1500000,€1.50m,CA Boca Juniors II,18,2022,10
849410,27/05/2024,13000000,€13.00m,Brighton & Hove Albion,19,2024,5
849410,27/12/2024,6000000,€6.00m,Sevilla FC,20,2024,12
849520,04/07/2023,1000000,€1.00m,CA Vélez Sarsfield,18,2023,7
849520,04/10/2023,3500000,€3.50m,CA Vélez Sarsfield,19,2023,10
849520,05/06/2024,12000000,€12.00m,Bologna FC 1909,19,2024,6
849520,12/03/2024,12000000,€12.00m,Bologna FC 1909,19,2024,3
849520,17/06/2025,35000000,€35.00m,Bologna FC 1909,20,2025,6
849520,18/10/2024,18000000,€18.00m,Bologna FC 1909,20,2024,10
849520,18/12/2024,25000000,€25.00m,Bologna FC 1909,20,2024,12
849520,19/12/2023,7000000,€7.00m,CA Vélez Sarsfield,19,2023,12
849520,23/12/2025,35000000,€35.00m,Bologna FC 1909,21,2025,12
849520,24/05/2022,100000,€100k,CA Vélez Sarsfield,17,2022,5
849520,25/03/2025,35000000,€35.00m,Bologna FC 1909,20,2025,3
849520,26/10/2022,1000000,€1.00m,CA Vélez Sarsfield,18,2022,10
855015,02/06/2022,50000,€50k,Toulouse FC B,19,2022,6
855015,02/11/2022,4000000,€4.00m,FC Toulouse,19,2022,11
855015,05/06/2025,9000000,€9.00m,Eintracht Frankfurt,22,2025,6
855015,14/10/2025,15000000,€15.00m,Eintracht Frankfurt,22,2025,10
855015,14/12/2023,15000000,€15.00m,Eintracht Frankfurt,21,2023,12
855015,19/09/2022,800000,€800k,FC Toulouse,19,2022,9
855015,19/12/2025,15000000,€15.00m,Eintracht Frankfurt,23,2025,12
855015,20/12/2024,14000000,€14.00m,Eintracht Frankfurt,22,2024,12
855015,27/03/2023,10000000,€10.00m,FC Toulouse,20,2023,3
855015,27/03/2024,18000000,€18.00m,Eintracht Frankfurt,21,2024,3
855015,27/03/2025,9000000,€9.00m,Eintracht Frankfurt,22,2025,3
855015,27/06/2023,10000000,€10.00m,FC Toulouse,20,2023,6
855015,29/05/2024,18000000,€18.00m,Eintracht Frankfurt,21,2024,5
861410,01/06/2022,6000000,€6.00m,Fenerbahce,17,2022,5
861410,02/10/2025,60000000,€60.00m,Real Madrid,20,2025,10
861410,04/01/2022,750000,€750k,Fenerbahce,16,2022,1
861410,07/06/2024,30000000,€30.00m,Real Madrid,19,2024,6
861410,08/06/2023,15000000,€15.00m,Fenerbahce,18,2023,6
861410,09/06/2025,45000000,€45.00m,Real Madrid,20,2025,6
861410,12/10/2021,650000,€650k,Fenerbahce,16,2021,10
861410,12/12/2025,90000000,€90.00m,Real Madrid,20,2025,12
861410,13/07/2021,100000,€100k,Fenerbahce,16,2021,7
861410,13/09/2022,9000000,€9.00m,Fenerbahce,17,2022,9
861410,14/03/2023,11000000,€11.00m,Fenerbahce,18,2023,3
861410,18/07/2024,45000000,€45.00m,Real Madrid,19,2024,7
861410,22/12/2023,15000000,€15.00m,Real Madrid,18,2023,12
861410,27/10/2022,10000000,€10.00m,Fenerbahce,17,2022,10
861410,27/12/2024,45000000,€45.00m,Real Madrid,19,2024,12
861410,31/03/2022,2200000,€2.20m,Fenerbahce,17,2022,3
865682,02/10/2024,3000000,€3.00m,Oud-Heverlee Leuven,19,2024,10
865682,03/04/2023,400000,€400k,NAC Breda,18,2023,4
865682,04/06/2024,2000000,€2.00m,Oud-Heverlee Leuven,19,2024,6
865682,04/07/2023,1000000,€1.00m,Oud-Heverlee Leuven,18,2023,7
865682,11/12/2024,5000000,€5.00m,Oud-Heverlee Leuven,19,2024,12
865682,12/01/2022,50000,€50k,NAC Breda U18,16,2022,1
865682,12/06/2025,13000000,€13.00m,Oud-Heverlee Leuven,20,2025,6
865682,12/10/2022,300000,€300k,NAC Breda,17,2022,10
865682,14/10/2025,18000000,€18.00m,RB Leipzig,20,2025,10
865682,19/12/2023,1000000,€1.00m,Oud-Heverlee Leuven,18,2023,12
865682,19/12/2025,18000000,€18.00m,RB Leipzig,20,2025,12
865682,26/03/2025,10000000,€10.00m,Oud-Heverlee Leuven,20,2025,3
866246,01/10/2024,12000000,€12.00m,Tottenham Hotspur,18,2024,9
866246,08/12/2023,5000000,€5.00m,Djurgårdens IF,17,2023,12
866246,09/12/2025,40000000,€40.00m,Tottenham Hotspur,19,2025,12
866246,13/06/2024,10000000,€10.00m,Djurgårdens IF,18,2024,6
866246,13/09/2023,3500000,€3.50m,Djurgårdens IF,17,2023,9
866246,16/12/2024,12000000,€12.00m,Tottenham Hotspur,18,2024,12
866246,17/10/2025,40000000,€40.00m,Tottenham Hotspur,19,2025,10
866246,18/03/2025,25000000,€25.00m,Tottenham Hotspur,19,2025,3
866246,27/06/2023,2000000,€2.00m,Djurgårdens IF,17,2023,6
866246,28/12/2022,800000,€800k,IF Brommapojkarna,16,2022,12
866246,30/05/2025,38000000,€38.00m,Tottenham Hotspur,19,2025,5
872171,03/06/2024,30000000,€30.00m,Paris Saint-Germain,20,2024,6
872171,03/06/2025,25000000,€25.00m,Paris Saint-Germain,21,2025,6
872171,06/04/2022,1500000,€1.50m,São Paulo FC U20,18,2022,4
872171,07/04/2023,2500000,€2.50m,São Paulo Futebol Clube,19,2023,4
872171,10/12/2024,30000000,€30.00m,Paris Saint-Germain,21,2024,12
872171,11/12/2023,15000000,€15.00m,São Paulo Futebol Clube,20,2023,12
872171,14/11/2022,1500000,€1.50m,São Paulo Futebol Clube,18,2022,11
872171,15/12/2025,20000000,€20.00m,Paris Saint-Germain,22,2025,12
872171,19/03/2024,20000000,€20.00m,Paris Saint-Germain,20,2024,3
872171,19/08/2022,1500000,€1.50m,São Paulo Futebol Clube,18,2022,8
872171,24/03/2025,25000000,€25.00m,Paris Saint-Germain,21,2025,3
872171,25/07/2023,6000000,€6.00m,São Paulo Futebol Clube,19,2023,7
885445,01/12/2021,25000,€25k,AS FAR Rabat,19,2021,11
885445,02/10/2024,1800000,€1.80m,Rangers FC,21,2024,10
885445,03/07/2023,400000,€400k,AS FAR Rabat,20,2023,7
885445,03/12/2024,2500000,€2.50m,Rangers FC,22,2024,12
885445,06/02/2023,125000,€125k,AS FAR Rabat,20,2023,2
885445,10/10/2025,12000000,€12.00m,LOSC Lille,22,2025,10
885445,11/07/2022,25000,€25k,AS FAR Rabat,19,2022,7
885445,11/11/2022,50000,€50k,AS FAR Rabat,20,2022,11
885445,12/03/2025,4000000,€4.00m,Rangers FC,22,2025,3
885445,14/04/2023,325000,€325k,AS FAR Rabat,20,2023,4
885445,15/12/2025,18000000,€18.00m,LOSC Lille,23,2025,12
885445,17/06/2025,7000000,€7.00m,Rangers FC,22,2025,6
885445,28/06/2024,1000000,€1.00m,AS FAR Rabat,21,2024,6
885445,29/01/2024,450000,€450k,AS FAR Rabat,21,2024,1
885445,31/07/2021,25000,€25k,AS FAR Rabat,18,2021,7
887638,07/10/2025,3000000,€3.00m,AC Milan,19,2025,10
887638,19/06/2025,1800000,€1.80m,Milan Futuro,19,2025,6
887638,19/12/2024,1200000,€1.20m,Milan Futuro,18,2024,12
887638,20/12/2023,1000000,€1.00m,Milan Primavera,17,2023,12
887638,23/12/2025,18000000,€18.00m,AC Milan,19,2025,12
887638,25/06/2024,1000000,€1.00m,Milan Primavera,18,2024,6
890290,01/10/2024,12000000,€12.00m,AFC Bournemouth,19,2024,9
890290,02/10/2025,70000000,€70.00m,Real Madrid,20,2025,10
890290,05/06/2024,10000000,€10.00m,AS Roma,19,2024,6
890290,12/03/2024,10000000,€10.00m,AS Roma,18,2024,3
890290,12/12/2025,70000000,€70.00m,Real Madrid,20,2025,12
890290,16/12/2024,18000000,€18.00m,AFC Bournemouth,19,2024,12
890290,18/03/2025,42000000,€42.00m,AFC Bournemouth,19,2025,3
890290,19/06/2023,400000,€400k,Juventus Next Gen,18,2023,6
890290,20/12/2023,2500000,€2.50m,Juventus FC,18,2023,12
890290,30/05/2025,60000000,€60.00m,AFC Bournemouth,20,2025,5
890719,01/10/2024,12000000,€12.00m,Arsenal FC,17,2024,9
890719,09/12/2025,40000000,€40.00m,Arsenal FC,18,2025,12
890719,14/03/2024,8000000,€8.00m,Arsenal FC U21,16,2024,3
890719,16/12/2024,30000000,€30.00m,Arsenal FC,17,2024,12
890719,17/10/2025,45000000,€45.00m,Arsenal FC,18,2025,10
890719,18/03/2025,55000000,€55.00m,Arsenal FC,17,2025,3
890719,19/12/2023,6000000,€6.00m,Arsenal FC U21,16,2023,12
890719,30/05/2025,55000000,€55.00m,Arsenal FC,18,2025,5
890721,01/10/2024,5000000,€5.00m,Arsenal FC,18,2024,9
890721,09/12/2025,40000000,€40.00m,Arsenal FC,19,2025,12
890721,16/12/2024,10000000,€10.00m,Arsenal FC,18,2024,12
890721,18/03/2025,28000000,€28.00m,Arsenal FC,18,2025,3
890721,19/12/2023,2000000,€2.00m,Arsenal FC U21,17,2023,12
890721,30/05/2025,45000000,€45.00m,Arsenal FC,18,2025,5
892160,02/10/2024,8000000,€8.00m,KVC Westerlo,17,2024,10
892160,06/06/2023,6000000,€6.00m,HNK Hajduk Split,16,2023,6
892160,07/06/2024,7000000,€7.00m,Radomiak Radom,17,2024,6
892160,11/12/2024,10000000,€10.00m,KVC Westerlo,17,2024,12
892160,12/06/2025,12000000,€12.00m,KVC Westerlo,18,2025,6
892160,14/10/2025,18000000,€18.00m,Hamburger SV,18,2025,10
892160,18/12/2023,7000000,€7.00m,HNK Hajduk Split,16,2023,12
892160,19/12/2025,40000000,€40.00m,Hamburger SV,18,2025,12
892160,26/03/2025,12000000,€12.00m,KVC Westerlo,18,2025,3
894914,04/06/2024,15000000,€15.00m,Club Brugge KV,19,2024,6
894914,04/11/2022,4500000,€4.50m,Club Brugge KV,17,2022,11
894914,05/06/2025,28000000,€28.00m,RB Leipzig,20,2025,6
894914,06/01/2022,1500000,€1.50m,Club Brugge KV,16,2022,1
894914,06/10/2021,1500000,€1.50m,Club Brugge KV,16,2021,10
894914,09/06/2023,4000000,€4.00m,Club Brugge KV,18,2023,6
894914,09/10/2024,22000000,€22.00m,RB Leipzig,19,2024,10
894914,12/04/2022,1500000,€1.50m,Club Brugge KV,16,2022,4
894914,19/12/2023,17000000,€17.00m,Club Brugge KV,18,2023,12
894914,19/12/2025,32000000,€32.00m,RB Leipzig,20,2025,12
894914,20/12/2024,28000000,€28.00m,RB Leipzig,19,2024,12
894914,23/10/2023,20000000,€20.00m,Club Brugge KV,18,2023,10
894914,26/05/2022,2500000,€2.50m,Club Brugge KV,17,2022,5
894914,26/07/2021,400000,€400k,Stabæk Fotball,16,2021,7
895937,01/07/2023,200000,€200k,Atalanta U23,18,2023,6
895937,07/10/2025,8500000,€8.50m,Cagliari Calcio,20,2025,10
895937,17/06/2024,1000000,€1.00m,Atalanta U23,19,2024,6
895937,17/06/2025,3500000,€3.50m,Atalanta BC,20,2025,6
895937,18/10/2024,3000000,€3.00m,Atalanta BC,19,2024,10
895937,18/12/2024,3000000,€3.00m,Atalanta BC,19,2024,12
895937,21/12/2023,500000,€500k,Atalanta U23,18,2023,12
895937,23/12/2025,25000000,€25.00m,Cagliari Calcio,20,2025,12
897424,01/07/2023,500000,€500k,FC Schalke 04,17,2023,6
897424,05/06/2025,7000000,€7.00m,RB Leipzig,19,2025,6
897424,06/06/2024,10000000,€10.00m,FC Schalke 04,18,2024,6
897424,14/10/2025,10000000,€10.00m,RB Leipzig,19,2025,10
897424,15/12/2023,8000000,€8.00m,FC Schalke 04,17,2023,12
897424,19/12/2025,28000000,€28.00m,RB Leipzig,19,2025,12
897424,20/10/2023,6000000,€6.00m,FC Schalke 04,17,2023,10
897424,20/12/2024,10000000,€10.00m,RB Leipzig,18,2024,12
901019,02/06/2022,900000,€900k,AS Nancy-Lorraine,20,2022,6
901019,03/06/2024,8000000,€8.00m,RC Lens,22,2024,6
901019,03/06/2025,15000000,€15.00m,RC Lens,23,2025,6
901019,06/08/2021,150000,€150k,AS Nancy-Lorraine,20,2021,8
901019,07/10/2025,20000000,€20.00m,AS Roma,24,2025,10
901019,10/12/2024,8000000,€8.00m,RC Lens,23,2024,12
901019,14/06/2023,700000,€700k,AS Nancy-Lorraine,21,2023,6
901019,18/12/2023,5000000,€5.00m,RC Lens,22,2023,12
901019,19/03/2024,8000000,€8.00m,RC Lens,22,2024,3
901019,20/12/2022,700000,€700k,AS Nancy-Lorraine,21,2022,12
901019,23/12/2025,20000000,€20.00m,AS Roma,24,2025,12
901019,24/03/2022,600000,€600k,AS Nancy-Lorraine,20,2022,3
901019,24/03/2025,10000000,€10.00m,RC Lens,23,2025,3
901019,27/12/2021,300000,€300k,AS Nancy-Lorraine,20,2021,12
903693,03/06/2024,5000000,€5.00m,Paris Saint-Germain,18,2024,6
903693,03/06/2025,15000000,€15.00m,Paris Saint-Germain,19,2025,6
903693,10/10/2025,25000000,€25.00m,Paris Saint-Germain,19,2025,10
903693,10/12/2024,5000000,€5.00m,Paris Saint-Germain,18,2024,12
903693,15/12/2025,40000000,€40.00m,Paris Saint-Germain,19,2025,12
903693,19/03/2024,1000000,€1.00m,Paris Saint-Germain,17,2024,3
903693,24/03/2025,10000000,€10.00m,Paris Saint-Germain,18,2025,3
905011,06/06/2024,5000000,€5.00m,Hertha BSC,18,2024,6
905011,15/12/2023,600000,€600k,Hertha BSC,18,2023,12
905011,19/06/2023,600000,€600k,Hertha BSC U19,17,2023,6
905011,19/06/2025,12000000,€12.00m,Hertha BSC,19,2025,6
905011,19/12/2024,12000000,€12.00m,Hertha BSC,19,2024,12
905011,19/12/2025,25000000,€25.00m,Bayer 04 Leverkusen,20,2025,12
905011,22/03/2024,1500000,€1.50m,Hertha BSC,18,2024,3
905011,25/09/2024,8000000,€8.00m,Hertha BSC,18,2024,9
905011,27/03/2023,250000,€250k,Hertha BSC U19,17,2023,3
912902,03/06/2024,18000000,€18.00m,FC Toulouse,19,2024,6
912902,03/06/2025,20000000,€20.00m,FC Toulouse,20,2025,6
912902,10/12/2024,18000000,€18.00m,FC Toulouse,19,2024,12
912902,11/09/2023,2000000,€2.00m,FC Toulouse,18,2023,9
912902,15/12/2025,20000000,€20.00m,FC Toulouse,20,2025,12
912902,16/10/2023,9000000,€9.00m,FC Toulouse,18,2023,10
912902,18/12/2023,10000000,€10.00m,FC Toulouse,18,2023,12
912902,19/03/2024,12000000,€12.00m,FC Toulouse,19,2024,3
912902,24/03/2025,20000000,€20.00m,FC Toulouse,20,2025,3
914562,02/11/2022,15000000,€15.00m,Stade Rennais FC,17,2022,11
914562,03/06/2024,30000000,€30.00m,Stade Rennais FC,19,2024,6
914562,03/06/2025,90000000,€90.00m,Paris Saint-Germain,20,2025,6
914562,07/10/2024,40000000,€40.00m,Paris Saint-Germain,19,2024,10
914562,10/12/2024,40000000,€40.00m,Paris Saint-Germain,19,2024,12
914562,15/12/2025,90000000,€90.00m,Paris Saint-Germain,20,2025,12
914562,18/12/2023,15000000,€15.00m,Stade Rennais FC,18,2023,12
914562,19/03/2024,20000000,€20.00m,Stade Rennais FC,18,2024,3
914562,19/09/2022,4000000,€4.00m,Stade Rennais FC,17,2022,9
914562,24/03/2025,60000000,€60.00m,Paris Saint-Germain,19,2025,3
914562,27/06/2023,15000000,€15.00m,Stade Rennais FC,18,2023,6
914562,30/03/2022,400000,€400k,Stade Rennais FC B,16,2022,3
914562,30/05/2022,400000,€400k,Stade Rennais FC B,16,2022,5
918969,03/06/2024,10000000,€10.00m,FC Metz,20,2024,6
918969,03/06/2025,22000000,€22.00m,AS Monaco,21,2025,6
918969,07/10/2024,15000000,€15.00m,AS Monaco,20,2024,10
918969,10/10/2025,30000000,€30.00m,AS Monaco,21,2025,10
918969,10/12/2024,20000000,€20.00m,AS Monaco,20,2024,12
918969,15/12/2025,30000000,€30.00m,AS Monaco,21,2025,12
918969,16/06/2023,200000,€200k,FC Metz B,19,2023,6
918969,16/10/2023,800000,€800k,FC Metz,19,2023,10
918969,18/12/2023,4000000,€4.00m,FC Metz,19,2023,12
918969,19/03/2024,8000000,€8.00m,FC Metz,20,2024,3
923831,01/10/2024,55000000,€55.00m,Manchester United,18,2024,9
923831,02/11/2022,2500000,€2.50m,LOSC Lille,16,2022,11
923831,03/06/2024,50000000,€50.00m,LOSC Lille,18,2024,6
923831,09/12/2025,55000000,€55.00m,Manchester United,20,2025,12
923831,16/10/2023,18000000,€18.00m,LOSC Lille,17,2023,10
923831,16/12/2024,55000000,€55.00m,Manchester United,19,2024,12
923831,18/12/2023,25000000,€25.00m,LOSC Lille,18,2023,12
923831,19/03/2024,40000000,€40.00m,LOSC Lille,18,2024,3
923831,19/09/2022,500000,€500k,LOSC Lille,16,2022,9
923831,27/03/2023,8000000,€8.00m,LOSC Lille,17,2023,3
923831,27/06/2023,10000000,€10.00m,LOSC Lille,17,2023,6
923831,30/05/2022,150000,€150k,LOSC Lille B,16,2022,5
923831,30/05/2025,55000000,€55.00m,Manchester United,19,2025,5
923945,05/06/2025,6000000,€6.00m,FC Augsburg,18,2025,6
923945,14/10/2025,10000000,€10.00m,FC Augsburg,18,2025,10
923945,19/12/2025,15000000,€15.00m,FC Augsburg,19,2025,12
923945,20/12/2024,150000,€150k,FC Augsburg,18,2024,12
923945,27/03/2025,6000000,€6.00m,FC Augsburg,18,2025,3
923945,27/06/2024,150000,€150k,FC Augsburg U19,17,2024,6
924117,05/06/2025,20000000,€20.00m,VfB Stuttgart,18,2025,6
924117,06/06/2024,5000000,€5.00m,1.FC Nuremberg,17,2024,6
924117,15/12/2023,1000000,€1.00m,1.FC Nuremberg,17,2023,12
924117,19/12/2024,5000000,€5.00m,1.FC Nuremberg,18,2024,12
924117,19/12/2025,25000000,€25.00m,VfB Stuttgart,19,2025,12
924117,20/10/2023,500000,€500k,1.FC Nuremberg,17,2023,10
924117,22/03/2024,3000000,€3.00m,1.FC Nuremberg,17,2024,3
924117,27/03/2025,12000000,€12.00m,VfB Stuttgart,18,2025,3
926694,04/11/2022,500000,€500k,Royal Antwerp FC,17,2022,11
926694,05/06/2025,22000000,€22.00m,RB Leipzig,20,2025,6
926694,07/06/2024,25000000,€25.00m,Atlético de Madrid,19,2024,6
926694,07/09/2022,400000,€400k,Royal Antwerp FC,17,2022,9
926694,09/06/2023,17000000,€17.00m,Royal Antwerp FC,18,2023,6
926694,15/12/2025,28000000,€28.00m,Olympique Marseille,20,2025,12
926694,19/12/2023,30000000,€30.00m,Royal Antwerp FC,18,2023,12
926694,20/07/2022,150000,€150k,Royal Antwerp FC,17,2022,7
926694,20/12/2024,25000000,€25.00m,RB Leipzig,19,2024,12
926694,22/03/2023,8500000,€8.50m,Royal Antwerp FC,18,2023,3
926694,23/10/2023,25000000,€25.00m,Royal Antwerp FC,18,2023,10
926694,27/03/2025,22000000,€22.00m,RB Leipzig,20,2025,3
926978,09/12/2024,800000,€800k,FC Nordsjaelland,18,2024,12
926978,10/06/2024,200000,€200k,FC Nordsjaelland,17,2024,6
926978,10/10/2025,10000000,€10.00m,RC Strasbourg Alsace,19,2025,10
926978,15/12/2025,12000000,€12.00m,RC Strasbourg Alsace,19,2025,12
926978,16/06/2025,3500000,€3.50m,FC Nordsjaelland,18,2025,6
926978,21/12/2023,200000,€200k,FC Nordsjaelland,17,2023,12
926978,26/06/2023,200000,€200k,FC Nordsjaelland,17,2023,6
927353,02/08/2023,150000,€150k,SC Freiburg II,17,2023,8
927353,05/06/2025,8000000,€8.00m,SC Freiburg,19,2025,6
927353,09/10/2024,750000,€750k,SC Freiburg,18,2024,10
927353,11/06/2024,250000,€250k,SC Freiburg II,18,2024,6
927353,14/10/2025,15000000,€15.00m,SC Freiburg,20,2025,10
927353,19/12/2025,30000000,€30.00m,SC Freiburg,20,2025,12
927353,20/12/2024,750000,€750k,SC Freiburg,19,2024,12
927353,28/12/2023,150000,€150k,SC Freiburg II,18,2023,12
930781,02/06/2025,25000000,€25.00m,Spezia Calcio,19,2025,6
930781,03/06/2024,3000000,€3.00m,Spezia Calcio,18,2024,6
930781,03/09/2023,1500000,€1.50m,Spezia Calcio,18,2023,9
930781,07/10/2025,30000000,€30.00m,Inter Milan,20,2025,10
930781,15/10/2024,5000000,€5.00m,Spezia Calcio,19,2024,10
930781,17/03/2025,17000000,€17.00m,Spezia Calcio,19,2025,3
930781,23/12/2024,10000000,€10.00m,Spezia Calcio,19,2024,12
930781,23/12/2025,35000000,€35.00m,Inter Milan,20,2025,12
930781,27/12/2023,3000000,€3.00m,Spezia Calcio,18,2023,12
931160,03/06/2024,100000,€100k,Stade Rennais FC B,20,2024,6
931160,03/06/2025,8000000,€8.00m,Stade Rennais FC,21,2025,6
931160,10/10/2025,10000000,€10.00m,Stade Rennais FC,21,2025,10
931160,10/12/2024,100000,€100k,Stade Rennais FC,20,2024,12
931160,15/12/2025,15000000,€15.00m,Stade Rennais FC,21,2025,12
931160,19/03/2024,100000,€100k,Stade Rennais FC B,20,2024,3
931160,24/03/2025,5000000,€5.00m,Stade Rennais FC,21,2025,3
931838,02/09/2022,2000000,€2.00m,Malmö FF,18,2022,9
931838,05/06/2025,40000000,€40.00m,Eintracht Frankfurt,20,2025,6
931838,14/12/2022,4000000,€4.00m,Malmö FF,18,2022,12
931838,14/12/2023,28000000,€28.00m,Eintracht Frankfurt,19,2023,12
931838,18/10/2023,17000000,€17.00m,Eintracht Frankfurt,19,2023,10
931838,19/12/2025,40000000,€40.00m,Eintracht Frankfurt,21,2025,12
931838,20/12/2024,35000000,€35.00m,Eintracht Frankfurt,20,2024,12
931838,24/06/2022,1500000,€1.50m,Malmö FF,17,2022,6
931838,27/03/2025,40000000,€40.00m,Eintracht Frankfurt,20,2025,3
931838,27/06/2023,9000000,€9.00m,Malmö FF,19,2023,6
931838,29/05/2024,28000000,€28.00m,Eintracht Frankfurt,19,2024,5
935230,02/10/2025,15000000,€15.00m,Real Madrid,21,2025,10
935230,12/12/2025,15000000,€15.00m,Real Madrid,21,2025,12
935230,13/10/2023,400000,€400k,Real Madrid Castilla,19,2023,10
935230,18/12/2024,2000000,€2.00m,Real Madrid Castilla,20,2024,12
935230,20/12/2023,1000000,€1.00m,Real Madrid Castilla,19,2023,12
935230,21/08/2023,200000,€200k,Real Madrid Castilla,19,2023,8
935230,24/06/2024,1000000,€1.00m,Real Madrid Castilla,20,2024,6
935230,25/06/2025,8000000,€8.00m,Real Madrid,21,2025,6
935230,27/03/2025,5000000,€5.00m,Real Madrid Castilla,21,2025,3
935245,02/10/2025,30000000,€30.00m,Real Madrid,22,2025,10
935245,09/06/2025,40000000,€40.00m,Real Madrid,22,2025,6
935245,12/12/2025,30000000,€30.00m,Real Madrid,22,2025,12
935245,20/12/2023,200000,€200k,Real Madrid Castilla,20,2023,12
935245,21/03/2025,30000000,€30.00m,Real Madrid,22,2025,3
935245,21/08/2023,100000,€100k,Real Madrid Castilla,20,2023,8
935245,24/06/2024,300000,€300k,Real Madrid Castilla,21,2024,6
935245,27/12/2024,7500000,€7.50m,Real Madrid,21,2024,12
937958,07/06/2024,90000000,€90.00m,FC Barcelona,16,2024,6
937958,09/06/2025,200000000,€200.00m,FC Barcelona,17,2025,6
937958,11/10/2024,150000000,€150.00m,FC Barcelona,17,2024,10
937958,12/12/2025,200000000,€200.00m,FC Barcelona,18,2025,12
937958,13/10/2023,50000000,€50.00m,FC Barcelona,16,2023,10
937958,18/07/2024,120000000,€120.00m,FC Barcelona,17,2024,7
937958,21/03/2024,75000000,€75.00m,FC Barcelona,16,2024,3
937958,21/08/2023,25000000,€25.00m,FC Barcelona,16,2023,8
937958,22/12/2023,60000000,€60.00m,FC Barcelona,16,2023,12
937958,27/12/2024,180000000,€180.00m,FC Barcelona,17,2024,12
938729,07/06/2024,800000,€800k,Bilbao Athletic,20,2024,6
938729,09/06/2025,30000000,€30.00m,Athletic Bilbao,21,2025,6
938729,11/09/2023,25000,€25k,Bilbao Athletic,19,2023,9
938729,11/10/2024,3000000,€3.00m,Athletic Bilbao,20,2024,10
938729,12/12/2025,30000000,€30.00m,Athletic Bilbao,22,2025,12
938729,13/10/2023,50000,€50k,Bilbao Athletic,19,2023,10
938729,20/12/2023,200000,€200k,Bilbao Athletic,20,2023,12
938729,21/03/2025,20000000,€20.00m,Athletic Bilbao,21,2025,3
938729,26/03/2024,800000,€800k,Bilbao Athletic,20,2024,3
938729,27/12/2024,10000000,€10.00m,Athletic Bilbao,21,2024,12
939964,02/11/2022,100000,€100k,Angers SCO B,17,2022,11
939964,05/06/2025,17000000,€17.00m,Eintracht Frankfurt,20,2025,6
939964,13/12/2023,2500000,€2.50m,Angers SCO,18,2023,12
939964,14/10/2025,25000000,€25.00m,Eintracht Frankfurt,20,2025,10
939964,19/09/2022,100000,€100k,Angers SCO B,17,2022,9
939964,19/12/2025,25000000,€25.00m,Eintracht Frankfurt,20,2025,12
939964,20/12/2024,7500000,€7.50m,Eintracht Frankfurt,19,2024,12
939964,27/03/2024,7500000,€7.50m,Eintracht Frankfurt,18,2024,3
939964,27/03/2025,9000000,€9.00m,Eintracht Frankfurt,19,2025,3
939964,27/06/2023,1500000,€1.50m,Angers SCO,18,2023,6
939964,29/05/2024,7500000,€7.50m,Eintracht Frankfurt,19,2024,5
948278,07/10/2025,6000000,€6.00m,Como 1907,20,2025,10
948278,13/10/2023,100000,€100k,Real Madrid U19,18,2023,10
948278,14/10/2024,200000,€200k,Real Madrid Castilla,19,2024,10
948278,18/12/2024,200000,€200k,Real Madrid Castilla,19,2024,12
948278,20/12/2023,100000,€100k,Real Madrid U19,18,2023,12
948278,23/12/2025,18000000,€18.00m,Como 1907,20,2025,12
948278,25/06/2025,1000000,€1.00m,Real Madrid Castilla,20,2025,6
948278,27/03/2025,500000,€500k,Real Madrid Castilla,20,2025,3
948294,07/06/2024,10000000,€10.00m,Real Madrid Castilla,19,2024,6
948294,07/10/2025,55000000,€55.00m,Como 1907,21,2025,10
948294,13/10/2023,5000000,€5.00m,Real Madrid Castilla,19,2023,10
948294,17/02/2023,2000000,€2.00m,Real Madrid U19,18,2023,2
948294,17/06/2025,35000000,€35.00m,Como 1907,20,2025,6
948294,18/10/2024,15000000,€15.00m,Como 1907,20,2024,10
948294,18/12/2024,20000000,€20.00m,Como 1907,20,2024,12
948294,20/12/2023,10000000,€10.00m,Real Madrid Castilla,19,2023,12
948294,23/12/2025,65000000,€65.00m,Como 1907,21,2025,12
948294,25/03/2025,35000000,€35.00m,Como 1907,20,2025,3
948294,30/06/2023,2000000,€2.00m,Real Madrid U19,18,2023,6
952779,10/06/2024,1000000,€1.00m,Red Star Belgrade U19,17,2024,6
952779,12/06/2025,15000000,€15.00m,Red Star Belgrade,18,2025,6
952779,19/12/2025,15000000,€15.00m,RB Leipzig,18,2025,12
952779,25/09/2023,500000,€500k,Red Star Belgrade U19,16,2023,9
952779,27/12/2023,700000,€700k,Red Star Belgrade U19,16,2023,12
952779,27/12/2024,10000000,€10.00m,Red Star Belgrade,17,2024,12
955070,03/06/2024,18000000,€18.00m,Olympique Lyon,20,2024,6
955070,03/06/2025,15000000,€15.00m,Olympique Lyon,21,2025,6
955070,10/12/2024,15000000,€15.00m,Olympique Lyon,21,2024,12
955070,13/09/2022,700000,€700k,FC Nordsjaelland,18,2022,9
955070,15/12/2025,12000000,€12.00m,Olympique Lyon,22,2025,12
955070,16/10/2023,20000000,€20.00m,Olympique Lyon,19,2023,10
955070,18/12/2023,18000000,€18.00m,Olympique Lyon,20,2023,12
955070,20/06/2022,150000,€150k,FC Nordsjaelland,18,2022,6
955070,22/12/2022,1500000,€1.50m,FC Nordsjaelland,19,2022,12
955070,26/06/2023,6000000,€6.00m,FC Nordsjaelland,19,2023,6
957874,04/10/2024,2600000,€2.60m,Göztepe,22,2024,10
957874,06/04/2022,2000000,€2.00m,Club Athletico Paranaense,20,2022,4
957874,07/04/2023,2000000,€2.00m,Club Athletico Paranaense,21,2023,4
957874,11/12/2023,1700000,€1.70m,Club Athletico Paranaense,21,2023,12
957874,13/06/2024,2200000,€2.20m,Göztepe,22,2024,6
957874,14/10/2025,22000000,€22.00m,RB Leipzig,23,2025,10
957874,14/11/2022,2000000,€2.00m,Club Athletico Paranaense,20,2022,11
957874,18/06/2025,11000000,€11.00m,Göztepe,23,2025,6
957874,19/08/2022,2000000,€2.00m,Club Athletico Paranaense,20,2022,8
957874,19/12/2025,30000000,€30.00m,RB Leipzig,23,2025,12
957874,20/03/2025,7000000,€7.00m,Göztepe,23,2025,3
957874,23/12/2024,3700000,€3.70m,Göztepe,22,2024,12
957874,25/07/2023,1700000,€1.70m,Club Athletico Paranaense,21,2023,7
957874,26/03/2024,2000000,€2.00m,Göztepe,22,2024,3
961297,02/10/2025,9000000,€9.00m,Elche CF,20,2025,10
961297,12/12/2025,15000000,€15.00m,Elche CF,20,2025,12
961297,13/12/2024,1000000,€1.00m,Elche CF,19,2024,12
961297,20/12/2023,200000,€200k,Elche CF,18,2023,12
961297,24/06/2024,1000000,€1.00m,Elche CF,19,2024,6
961297,24/06/2025,1000000,€1.00m,Elche CF,20,2025,6
961297,26/03/2024,1000000,€1.00m,Elche CF,19,2024,3
962110,07/06/2024,30000000,€30.00m,FC Barcelona,17,2024,6
962110,09/06/2025,80000000,€80.00m,FC Barcelona,18,2025,6
962110,11/10/2024,40000000,€40.00m,FC Barcelona,17,2024,10
962110,12/12/2025,80000000,€80.00m,FC Barcelona,18,2025,12
962110,13/10/2023,500000,€500k,FC Barcelona Atlètic,16,2023,10
962110,20/12/2023,1500000,€1.50m,FC Barcelona Atlètic,16,2023,12
962110,21/03/2024,25000000,€25.00m,FC Barcelona,17,2024,3
962110,27/12/2024,70000000,€70.00m,FC Barcelona,17,2024,12
964580,06/06/2025,20000000,€20.00m,CR Flamengo,21,2025,6
964580,07/10/2025,25000000,€25.00m,AS Roma,22,2025,10
964580,09/12/2024,9000000,€9.00m,CR Flamengo,21,2024,12
964580,11/12/2023,4000000,€4.00m,CR Flamengo,20,2023,12
964580,14/11/2022,150000,€150k,CR Flamengo U20,19,2022,11
964580,17/06/2024,4000000,€4.00m,CR Flamengo,20,2024,6
964580,19/08/2022,150000,€150k,CR Flamengo U20,18,2022,8
964580,23/12/2025,35000000,€35.00m,AS Roma,22,2025,12
964580,25/07/2023,2500000,€2.50m,CR Flamengo,19,2023,7
964580,27/09/2024,6000000,€6.00m,CR Flamengo,21,2024,9
964580,28/03/2024,4000000,€4.00m,CR Flamengo,20,2024,3
964580,28/03/2025,15000000,€15.00m,CR Flamengo,21,2025,3
971570,07/04/2023,20000000,€20.00m,Sociedade Esportiva Palmeiras,16,2023,4
971570,09/06/2025,35000000,€35.00m,Real Madrid,18,2025,6
971570,11/12/2023,45000000,€45.00m,Sociedade Esportiva Palmeiras,17,2023,12
971570,12/12/2025,25000000,€25.00m,Real Madrid,19,2025,12
971570,14/11/2022,20000000,€20.00m,SE Palmeiras São Paulo U20,16,2022,11
971570,17/06/2024,60000000,€60.00m,Sociedade Esportiva Palmeiras,17,2024,6
971570,19/08/2022,15000000,€15.00m,SE Palmeiras São Paulo U20,16,2022,8
971570,25/07/2023,25000000,€25.00m,Sociedade Esportiva Palmeiras,17,2023,7
971570,27/12/2024,40000000,€40.00m,Real Madrid,18,2024,12
971570,28/03/2024,55000000,€55.00m,Sociedade Esportiva Palmeiras,17,2024,3
973085,02/11/2022,800000,€800k,LOSC Lille,18,2022,11
973085,09/10/2023,20000000,€20.00m,Brighton & Hove Albion,19,2023,10
973085,09/12/2025,60000000,€60.00m,Brighton & Hove Albion,21,2025,12
973085,16/12/2024,35000000,€35.00m,Brighton & Hove Albion,20,2024,12
973085,17/10/2025,60000000,€60.00m,Brighton & Hove Albion,21,2025,10
973085,19/09/2022,500000,€500k,LOSC Lille,18,2022,9
973085,19/12/2023,20000000,€20.00m,Brighton & Hove Albion,19,2023,12
973085,27/03/2023,3000000,€3.00m,LOSC Lille,19,2023,3
973085,27/05/2024,22000000,€22.00m,Brighton & Hove Albion,20,2024,5
973085,27/06/2023,5000000,€5.00m,LOSC Lille,19,2023,6
973085,30/05/2022,150000,€150k,LOSC Lille B,18,2022,5
973085,30/05/2025,40000000,€40.00m,Brighton & Hove Albion,21,2025,5
994536,04/07/2023,4000000,€4.00m,CA River Plate,17,2023,7
994536,11/03/2024,15000000,€15.00m,CA River Plate,18,2024,3
994536,12/06/2024,18000000,€18.00m,CA River Plate,18,2024,6
994536,13/12/2024,18000000,€18.00m,CA River Plate,18,2024,12
994536,19/12/2023,12000000,€12.00m,CA River Plate,17,2023,12
994536,19/12/2025,15000000,€15.00m,Bayer 04 Leverkusen,19,2025,12
994536,30/05/2025,18000000,€18.00m,Manchester City,19,2025,5
1004301,03/06/2024,500000,€500k,Clermont Foot 63,18,2024,6
1004301,03/06/2025,10000000,€10.00m,Stade Rennais FC,19,2025,6
1004301,03/10/2024,600000,€600k,Clermont Foot 63,19,2024,10
1004301,04/12/2024,1000000,€1.00m,Clermont Foot 63,19,2024,12
1004301,10/10/2025,12000000,€12.00m,Stade Rennais FC,20,2025,10
1004301,15/12/2025,20000000,€20.00m,Stade Rennais FC,20,2025,12
1004301,18/12/2023,50000,€50k,Stade Rennais FC B,18,2023,12
1004301,19/03/2024,300000,€300k,Clermont Foot 63,18,2024,3
1004301,24/03/2025,5000000,€5.00m,Stade Rennais FC,19,2025,3
1004301,27/06/2023,50000,€50k,Stade Rennais FC B,17,2023,6
1005240,02/11/2022,100000,€100k,Toulouse FC B,17,2022,11
1005240,03/06/2024,9000000,€9.00m,FC Toulouse,19,2024,6
1005240,03/06/2025,15000000,€15.00m,AS Monaco,20,2025,6
1005240,07/10/2024,12000000,€12.00m,AS Monaco,19,2024,10
1005240,10/12/2024,12000000,€12.00m,AS Monaco,19,2024,12
1005240,15/12/2025,15000000,€15.00m,AS Monaco,20,2025,12
1005240,18/12/2023,250000,€250k,FC Toulouse,18,2023,12
1005240,19/03/2024,7000000,€7.00m,FC Toulouse,18,2024,3
1005240,27/06/2023,250000,€250k,Toulouse FC B,18,2023,6
1005575,09/12/2024,14000000,€14.00m,Sociedade Esportiva Palmeiras,18,2024,12
1005575,12/12/2025,30000000,€30.00m,Girona FC,19,2025,12
1005575,18/03/2025,30000000,€30.00m,Manchester City,19,2025,3
1005575,27/09/2024,10000000,€10.00m,Sociedade Esportiva Palmeiras,18,2024,9
1005575,30/05/2025,30000000,€30.00m,Manchester City,19,2025,5
1005649,01/10/2024,40000000,€40.00m,Nottingham Forest,22,2024,9
1005649,07/04/2023,500000,€500k,Sport Club Corinthians Paulista,20,2023,4
1005649,09/10/2023,9000000,€9.00m,Nottingham Forest,21,2023,10
1005649,09/12/2025,55000000,€55.00m,Nottingham Forest,23,2025,12
1005649,14/03/2024,25000000,€25.00m,Nottingham Forest,21,2024,3
1005649,16/12/2024,50000000,€50.00m,Nottingham Forest,22,2024,12
1005649,18/03/2025,55000000,€55.00m,Nottingham Forest,22,2025,3
1005649,19/12/2023,22000000,€22.00m,Nottingham Forest,21,2023,12
1005649,25/07/2023,3500000,€3.50m,Sport Club Corinthians Paulista,21,2023,7
1005649,27/05/2024,35000000,€35.00m,Nottingham Forest,21,2024,5
1005649,30/05/2025,55000000,€55.00m,Nottingham Forest,22,2025,5
1012534,01/10/2024,28000000,€28.00m,Brighton & Hove Albion,20,2024,9
1012534,09/12/2025,40000000,€40.00m,Brighton & Hove Albion,21,2025,12
1012534,13/09/2022,100000,€100k,Odense Boldklub U19,18,2022,9
1012534,15/12/2023,8000000,€8.00m,Feyenoord Rotterdam,19,2023,12
1012534,16/12/2024,28000000,€28.00m,Brighton & Hove Albion,20,2024,12
1012534,17/10/2023,8000000,€8.00m,Feyenoord Rotterdam,19,2023,10
1012534,17/10/2025,35000000,€35.00m,Brighton & Hove Albion,21,2025,10
1012534,18/03/2024,12000000,€12.00m,Feyenoord Rotterdam,19,2024,3
1012534,18/03/2025,30000000,€30.00m,Brighton & Hove Albion,20,2025,3
1012534,22/12/2022,300000,€300k,Odense Boldklub,18,2022,12
1012534,26/06/2023,2000000,€2.00m,Odense Boldklub,18,2023,6
1012534,30/05/2025,30000000,€30.00m,Brighton & Hove Albion,20,2025,5
1012534,31/05/2024,16000000,€16.00m,Feyenoord Rotterdam,19,2024,5
1016015,03/06/2025,15000000,€15.00m,LOSC Lille,20,2025,6
1016015,04/06/2024,3000000,€3.00m,KV Mechelen,19,2024,6
1016015,07/10/2024,4000000,€4.00m,LOSC Lille,19,2024,10
1016015,09/06/2023,300000,€300k,Jong KV Mechelen,18,2023,6
1016015,10/12/2024,10000000,€10.00m,LOSC Lille,20,2024,12
1016015,15/12/2025,12000000,€12.00m,LOSC Lille,21,2025,12
1016015,19/12/2023,600000,€600k,KV Mechelen,19,2023,12
1016015,22/03/2023,200000,€200k,Jong KV Mechelen,18,2023,3
1016015,22/03/2024,1000000,€1.00m,KV Mechelen,19,2024,3
1016015,23/10/2023,650000,€650k,KV Mechelen,18,2023,10
1016015,24/03/2025,15000000,€15.00m,LOSC Lille,20,2025,3
1038950,02/10/2025,20000000,€20.00m,Levante UD,21,2025,10
1038950,12/12/2025,20000000,€20.00m,Levante UD,22,2025,12
1038950,14/10/2024,500000,€500k,Villarreal CF B,21,2024,10
1038950,18/12/2024,5000000,€5.00m,Villarreal CF B,21,2024,12
1038950,20/12/2023,100000,€100k,Cádiz CF Mirandilla,20,2023,12
1038950,24/06/2024,300000,€300k,Cádiz CF Mirandilla,20,2024,6
1038950,25/06/2025,5000000,€5.00m,Villarreal CF B,21,2025,6
1038950,26/03/2024,200000,€200k,Cádiz CF Mirandilla,20,2024,3
1038950,26/09/2022,25000,€25k,Cádiz CF Mirandilla,18,2022,9
1038950,29/12/2022,50000,€50k,Cádiz CF Mirandilla,19,2022,12
1038950,30/06/2023,50000,€50k,Cádiz CF Mirandilla,19,2023,6
1056993,06/06/2025,60000000,€60.00m,Sociedade Esportiva Palmeiras,18,2025,6
1056993,09/12/2024,50000000,€50.00m,Sociedade Esportiva Palmeiras,17,2024,12
1056993,09/12/2025,80000000,€80.00m,Chelsea FC,18,2025,12
1056993,11/12/2023,10000000,€10.00m,Unknown,16,2023,12
1056993,17/06/2024,30000000,€30.00m,Sociedade Esportiva Palmeiras,17,2024,6
1056993,27/09/2024,40000000,€40.00m,Sociedade Esportiva Palmeiras,17,2024,9
1056993,28/03/2024,10000000,€10.00m,Sociedade Esportiva Palmeiras,16,2024,3
1056993,28/03/2025,55000000,€55.00m,Sociedade Esportiva Palmeiras,17,2025,3
1057316,02/06/2025,30000000,€30.00m,CA River Plate,17,2025,6
1057316,02/10/2025,50000000,€50.00m,Real Madrid,18,2025,10
1057316,11/03/2024,4000000,€4.00m,CA River Plate,16,2024,3
1057316,12/06/2024,10000000,€10.00m,CA River Plate,16,2024,6
1057316,12/12/2025,50000000,€50.00m,Real Madrid,18,2025,12
1057316,13/12/2024,15000000,€15.00m,CA River Plate,17,2024,12
1057316,30/09/2024,13000000,€13.00m,CA River Plate,17,2024,9
1061282,07/06/2024,12000000,€12.00m,Real Betis Balompié,18,2024,6
1061282,13/10/2023,8000000,€8.00m,Real Betis Balompié,18,2023,10
1061282,17/06/2025,30000000,€30.00m,Como 1907,19,2025,6
1061282,22/12/2023,15000000,€15.00m,Real Betis Balompié,18,2023,12
1061282,23/12/2025,30000000,€30.00m,Como 1907,20,2025,12
1061282,25/03/2025,25000000,€25.00m,Como 1907,19,2025,3
1061282,27/12/2024,9000000,€9.00m,Real Betis Balompié,19,2024,12
1061282,30/06/2023,200000,€200k,Betis Deportivo Balompié,17,2023,6
1063574,14/10/2024,50000,€50k,RCD Mallorca B,19,2024,10
1063574,16/10/2025,500000,€500k,Córdoba CF,20,2025,10
1063574,18/12/2024,50000,€50k,RCD Mallorca B,19,2024,12
1063574,25/06/2025,100000,€100k,RCD Mallorca B,19,2025,6
1063574,30/12/2025,500000,€500k,Córdoba CF,20,2025,12
1064471,09/06/2025,5000000,€5.00m,Celta de Vigo,21,2025,6
1064471,09/12/2025,16000000,€16.00m,Wolverhampton Wanderers,21,2025,12
1064471,11/09/2023,50000,€50k,RC Celta Fortuna,19,2023,9
1064471,17/10/2025,18000000,€18.00m,Wolverhampton Wanderers,21,2025,10
1064471,18/12/2024,400000,€400k,RC Celta Fortuna,20,2024,12
1064471,20/12/2023,200000,€200k,RC Celta Fortuna,19,2023,12
1064471,24/06/2024,300000,€300k,RC Celta Fortuna,20,2024,6
1064471,27/03/2025,1500000,€1.50m,Celta de Vigo,20,2025,3
1064871,07/06/2024,300000,€300k,Deportivo Alavés B,21,2024,6
1064871,10/10/2025,12000000,€12.00m,RC Strasbourg Alsace,23,2025,10
1064871,13/12/2024,800000,€800k,CD Mirandés,22,2024,12
1064871,14/10/2024,600000,€600k,CD Mirandés,22,2024,10
1064871,15/12/2025,25000000,€25.00m,RC Strasbourg Alsace,23,2025,12
1064871,20/12/2023,25000,€25k,Deportivo Alavés B,21,2023,12
1064871,24/06/2025,7000000,€7.00m,CD Mirandés,22,2025,6
1064871,26/10/2022,25000,€25k,CA River Plate II,20,2022,10
1064871,27/03/2025,2000000,€2.00m,CD Mirandés,22,2025,3
1064871,30/06/2023,25000,€25k,Deportivo Alavés B,20,2023,6
1067904,05/06/2025,9000000,€9.00m,TSG 1899 Hoffenheim,19,2025,6
1067904,13/06/2024,3500000,€3.50m,Hammarby IF,18,2024,6
1067904,14/10/2025,15000000,€15.00m,TSG 1899 Hoffenheim,19,2025,10
1067904,19/12/2025,25000000,€25.00m,TSG 1899 Hoffenheim,19,2025,12
1067904,20/12/2024,9000000,€9.00m,Hammarby IF,18,2024,12
1067904,26/09/2024,6000000,€6.00m,Hammarby IF,18,2024,9
1075147,14/10/2025,20000000,€20.00m,Bayern Munich,17,2025,10
1075147,16/06/2025,1500000,€1.50m,Bayern Munich,17,2025,6
1075147,19/12/2025,60000000,€60.00m,Bayern Munich,17,2025,12
1076815,09/06/2025,15000000,€15.00m,Celta de Vigo,21,2025,6
1076815,11/10/2024,3000000,€3.00m,Celta de Vigo,21,2024,10
1076815,12/12/2025,15000000,€15.00m,Celta de Vigo,22,2025,12
1076815,13/10/2023,200000,€200k,RC Celta Fortuna,20,2023,10
1076815,20/12/2023,250000,€250k,RC Celta Fortuna,20,2023,12
1076815,21/03/2025,10000000,€10.00m,Celta de Vigo,21,2025,3
1076815,24/03/2023,100000,€100k,Celta Vigo B,19,2023,3
1076815,24/06/2024,250000,€250k,RC Celta Fortuna,20,2024,6
1076815,27/12/2024,6000000,€6.00m,Celta de Vigo,21,2024,12
1076815,30/06/2023,100000,€100k,Celta Vigo B,20,2023,6
1077175,07/10/2025,20000000,€20.00m,Atalanta BC,17,2025,10
1077175,17/06/2025,5000000,€5.00m,Genoa CFC,17,2025,6
1077175,18/10/2024,3000000,€3.00m,Genoa CFC,16,2024,10
1077175,18/12/2024,3000000,€3.00m,Genoa CFC,16,2024,12
1077175,23/12/2025,25000000,€25.00m,Atalanta BC,17,2025,12
1077175,25/06/2024,1000000,€1.00m,Genoa U19,16,2024,6
1084638,14/10/2025,8000000,€8.00m,SV Werder Bremen,18,2025,10
1084638,19/12/2025,20000000,€20.00m,SV Werder Bremen,18,2025,12
1084638,24/08/2025,1000000,€1.00m,SV Werder Bremen,18,2025,8
1097139,03/06/2024,6000000,€6.00m,LOSC Lille,16,2024,6
1097139,03/06/2025,28000000,€28.00m,LOSC Lille,17,2025,6
1097139,07/10/2024,10000000,€10.00m,LOSC Lille,17,2024,10
1097139,10/10/2025,30000000,€30.00m,LOSC Lille,18,2025,10
1097139,10/12/2024,25000000,€25.00m,LOSC Lille,17,2024,12
1097139,15/12/2025,40000000,€40.00m,LOSC Lille,18,2025,12
1097139,18/12/2023,5000000,€5.00m,LOSC Lille,16,2023,12
1097139,24/03/2025,30000000,€30.00m,LOSC Lille,17,2025,3
1124136,11/09/2023,25000,€25k,Utebo FC,21,2023,9
1124136,14/10/2024,200000,€200k,Rayo Cantabria,22,2024,10
1124136,18/12/2024,300000,€300k,Rayo Cantabria,22,2024,12
1124136,20/12/2023,50000,€50k,Utebo FC,21,2023,12
1124136,24/06/2024,150000,€150k,Utebo FC,22,2024,6
1124136,25/06/2025,400000,€400k,Rayo Cantabria,23,2025,6
1124136,26/03/2024,100000,€100k,Utebo FC,21,2024,3
1124136,30/12/2025,600000,€600k,SD Huesca,23,2025,12
1145504,04/07/2023,100000,€100k,CA Boca Juniors II,18,2023,7
1145504,12/06/2024,3000000,€3.00m,CA Boca Juniors,19,2024,6
1145504,13/12/2024,8000000,€8.00m,CA Boca Juniors,19,2024,12
1145504,19/12/2023,300000,€300k,CA Boca Juniors II,18,2023,12
1145504,19/12/2025,12000000,€12.00m,Borussia Dortmund,20,2025,12
1145504,30/05/2025,8000000,€8.00m,Chelsea FC,20,2025,5
1145504,30/09/2024,8000000,€8.00m,CA Boca Juniors,19,2024,9
1168219,11/06/2024,300000,€300k,FC Viktoria Köln,17,2024,6
1168219,11/06/2025,3000000,€3.00m,FC Viktoria Köln,18,2025,6
1168219,14/10/2025,18000000,€18.00m,1.FC Köln,19,2025,10
1168219,19/12/2025,40000000,€40.00m,1.FC Köln,19,2025,12
1168219,20/03/2024,100000,€100k,FC Viktoria Köln,17,2024,3
1168219,27/09/2024,750000,€750k,FC Viktoria Köln,18,2024,9
1168219,30/12/2024,1000000,€1.00m,FC Viktoria Köln,18,2024,12
1185888,03/06/2025,3000000,€3.00m,Paris Saint-Germain Espoirs,17,2025,6
1185888,07/10/2024,2000000,€2.00m,Paris Saint-Germain Espoirs,16,2024,10
1185888,10/10/2025,15000000,€15.00m,Paris Saint-Germain,17,2025,10
1185888,10/12/2024,2000000,€2.00m,Paris Saint-Germain Espoirs,16,2024,12
1185888,15/12/2025,25000000,€25.00m,Paris Saint-Germain,17,2025,12
1190411,09/06/2025,30000000,€30.00m,Real Betis Balompié,19,2025,6
1190411,14/10/2024,700000,€700k,Betis Deportivo Balompié,18,2024,10
1190411,18/12/2024,1000000,€1.00m,Betis Deportivo Balompié,19,2024,12
1190411,21/03/2025,10000000,€10.00m,Real Betis Balompié,19,2025,3
1190411,23/12/2025,30000000,€30.00m,Como 1907,20,2025,12
1190411,24/06/2024,500000,€500k,Betis Deportivo Balompié,18,2024,6
1190411,26/03/2024,25000,€25k,Betis Deportivo Balompié,18,2024,3
1232057,16/10/2025,100000,€100k,Cultural Leonesa,18,2025,10
1232057,30/12/2025,300000,€300k,Cultural Leonesa,18,2025,12
1241207,10/10/2025,6000000,€6.00m,FC Nantes,17,2025,10
1241207,15/12/2025,12000000,€12.00m,FC Nantes,17,2025,12
1241207,20/08/2025,3000000,€3.00m,FC Nantes,17,2025,8
1364454,14/10/2025,12000000,€12.00m,Bayer 04 Leverkusen,19,2025,10
1364454,19/12/2025,22000000,€22.00m,Bayer 04 Leverkusen,19,2025,12
1364454,24/06/2025,5000000,€5.00m,Albacete Balompié,18,2025,6
1364454,27/03/2025,200000,€200k,Albacete Balompié,18,2025,3
1390649,05/05/2025,600000,€600k,CD Leganés,18,2025,5
1390649,09/06/2025,1500000,€1.50m,CD Leganés,18,2025,6
1390649,14/10/2025,20000000,€20.00m,RB Leipzig,18,2025,10
1390649,19/12/2025,45000000,€45.00m,RB Leipzig,19,2025,12
